v_mean,v_min,v_max,v_std,c_mean,c_min,c_std,temp_mean,temp_max,temp_std,power_mean,power_std,dv_dt_mean,dv_dt_std,discharge_time,charge_throughput,energy,n_samples,battery_id,cycle_idx,Capacity,ambient_temperature,SoH,RUL,Degraded,capacity_so_far,soh_so_far,fade_rate_recent
3.5298286688693397,2.612467347907089,4.191491807505295,0.2359570706808563,-1.8187019641679727,-2.0180146876333027,0.5935461816744741,32.572328114029,38.98218133148803,3.486920476221683,-6.463171962170738,2.1484570693873404,-0.0002486071869099068,0.0013596088346198808,3690.234,6703.930354233869,23791.601501742472,197,B0005,0,1.8564874208181572,24,1.0,125,0,1.8564874208181572,1.0,-0.0
3.5373201277859714,2.587208728940726,4.189773213846608,0.23476492928592216,-1.8175598506612867,-2.016820542901454,0.5951796218062511,32.72523522519307,39.03339796678704,3.426734226466467,-6.472341549380814,2.15805625078542,-0.00024357820345726882,0.001408579777964439,3672.344,6667.480009862986,23710.842541431237,196,B0005,1,1.846327249719927,24,0.9945272071416715,124,0,1.846327249719927,0.9945272071416715,0.010160171098230197
3.5437367282719,2.65191689384378,4.188186735991303,0.22752543549673085,-1.8164865418840956,-2.016573862170142,0.5964980204475099,32.64286193755933,38.81879668981741,3.3794750427627753,-6.476657977763068,2.1634335591011085,-0.00023688246617361723,0.0013309444167407384,3651.641,6627.775462858066,23600.46000584658,195,B0005,2,1.835349194223408,24,0.9886138595081707,123,0,1.835349194223408,0.9886138595081707,0.010569113297374644
3.5436661072601456,2.592947964776547,4.188461118855572,0.23274431724182537,-1.8255891938692528,-2.0159359571668354,0.5834624841611844,32.51487646204882,38.7623045063458,3.3865437316993536,-6.5089154119034704,2.119351840667348,-0.00024016308368586696,0.0014286479879563265,3631.563,6627.283228192292,23597.38298497536,194,B0005,3,1.8352625275821128,24,0.9885671763794174,122,0,1.8352625275821128,0.9885671763794174,0.007074964412014791
3.5423432526672167,2.547419651124539,4.188298524761055,0.23668857165678028,-1.8261139590277584,-2.017425579158831,0.5834685498827803,32.38234901543077,38.66539257343368,3.3958806914600226,-6.510114051075701,2.1202595069475434,-0.00024397989907815526,0.001498059476090292,3629.172,6625.295744640909,23588.03510139555,194,B0005,4,1.8346455082120416,24,0.9882348178817771,121,0,1.8346455082120416,0.9882348178817771,0.005460478151528891
3.5413347346347575,2.5209480504077413,4.188815807948604,0.23931625998293235,-1.8168108743168805,-2.0162347618032066,0.5967015706365189,32.43418218230641,38.75169504640032,3.417325567545538,-6.479023307247667,2.1674201060864573,-0.00024322121213214075,0.0015331644759428572,3652.281,6628.777935199487,23606.98037299513,195,B0005,5,1.8356616600675493,24,0.9887821697485943,120,0,1.8356616600675493,0.9887821697485943,0.004165152150121587
3.5410250495075215,2.487927319492314,4.18839163793879,0.2425153341196382,-1.816791144707133,-2.01583310669507,0.5964919190059063,32.480416444757985,38.8207012322275,3.419542558294876,-6.48033739651203,2.1681038996086723,-0.00024526713744457224,0.0015859998733847717,3650.828,6626.992672194888,23605.378781170944,195,B0005,6,1.8351461429226603,24,0.9885044855913477,119,0,1.8351461429226603,0.9885044855913477,0.0022362213594533387
3.554133296801584,2.665204904745877,4.188927891511958,0.227312510961654,-1.8443412120754061,-2.0166395518034546,0.5573831672048897,32.41046186109587,38.51713023385634,3.3516161723228617,-6.589609009559991,2.030791519591995,-0.0002451860826047683,0.0013213240175231223,3572.453,6593.182164732286,23526.60159933908,191,B0005,7,1.8257567905665535,24,0.9834468955151549,118,0,1.8257567905665535,0.9834468955151549,0.0019184807313708863
3.5529355991467955,2.603858472633368,4.189029250882121,0.23245384950762416,-1.853972745505648,-2.018357230695621,0.5424840616663397,32.3461408313,38.526267904657,3.3724043396197616,-6.621538383009208,1.9795839202733208,-0.00025043960946434816,0.001419194073773406,3550.594,6589.71354942594,23504.786328922382,190,B0005,8,1.8247738529891333,24,0.9829174345738105,117,0,1.8247738529891333,0.9829174345738105,0.002097734918595906
3.5512057319376997,2.552853984885676,4.189223427076418,0.23672870147542147,-1.853589933851096,-2.016071837814984,0.5423346882876612,32.27679750791685,38.52698128472781,3.384318782535614,-6.618552008483524,1.9799070410309763,-0.0002538542062340794,0.001496482242862309,3551.25,6588.983401807753,23495.679899722338,190,B0005,9,1.824613268496936,24,0.9828309354731991,116,0,1.824613268496936,0.9828309354731991,0.0020064479430211167
3.549292319740949,2.472448301852732,4.188916055911241,0.24309734449960058,-1.863380178294828,-2.0160713863396573,0.5267409991401002,32.15709350345252,38.54143406601644,3.4192563180601603,-6.649419338348062,1.926914873276405,-0.00026039734708400205,0.0016400044095290372,3530.25,6588.884234469535,23480.902942936325,189,B0005,10,1.8246195526864504,24,0.9828343204622079,115,0,1.8246195526864504,0.9828343204622079,0.0022084214762197797
3.559759220648976,2.64956413267546,4.189876247266316,0.22886185175957946,-1.8729688102878943,-2.016851865845563,0.5116979707844125,32.36407129853099,38.52197451768004,3.3635991447660745,-6.695721741629746,1.8732484061705683,-0.0002550657757263063,0.0013574890107011163,3491.016,6551.44693101295,23390.941117980845,187,B0005,11,1.814201935767392,24,0.9772228539894281,114,0,1.814201935767392,0.9772228539894281,0.004188841431053669
3.558081969139198,2.5724981777366227,4.189286794768804,0.2346077577627525,-1.8826095043160835,-2.016393908986775,0.49428241523071964,32.3181954403762,38.582485834057856,3.3739283176724415,-6.7263632243816,1.813978521592753,-0.0002623529502241611,0.0014866411999343888,3470.281,6549.635296979605,23370.670962971617,186,B0005,12,1.8137521577549052,24,0.9769805803238794,113,0,1.8137521577549052,0.9769805803238794,0.002400926562329664
3.555692244172496,2.5249886697730286,4.188837765892728,0.237911318298918,-1.8825367876363654,-2.0158117255163046,0.49428703573729343,32.15709029211502,38.52029413487392,3.426023279669047,-6.722439448505914,1.814317571347778,-0.00026502279678371947,0.0015670597153212772,3470.0,6548.589372597367,23353.61194259486,186,B0005,13,1.8134404914735824,24,0.9768127007692818,112,0,1.8134404914735824,0.9768127007692818,0.002266672303110173
3.562746818017503,2.694621861688723,4.189110301768517,0.22392608690207388,-1.8817935155260215,-2.0193509920362724,0.49541451927035984,32.044070003146096,38.21358592965045,3.360458061989185,-6.727904104537526,1.815485727575511,-0.0002538787476271165,0.0013154068587386508,3450.297,6509.538518751653,23244.024701625855,185,B0005,14,1.8025980036306504,24,0.9709723768751648,111,0,1.8025980036306504,0.9709723768751648,0.004403052973257137
3.5614521756489204,2.64010141737067,4.18921207304098,0.22796979172772144,-1.8921861285036712,-2.0164420273602586,0.4770160473926998,31.931593674911532,38.1983618706913,3.385244667118977,-6.761180056660181,1.7523172759753547,-0.0002607123061449848,0.0014050191318624933,3429.407,6507.769120836423,23224.131198351126,184,B0005,15,1.80210690024615,24,0.9707078432300708,110,0,1.80210690024615,0.9707078432300708,0.004502530488060064
3.5603420474985823,2.573903509838096,4.188899969428112,0.23297600498562532,-1.9027629207037406,-2.016465255161054,0.4571130109358775,31.941655359029298,38.31926916027133,3.400808355268314,-6.795458837930828,1.6846961938704126,-0.0002695128746430755,0.001510155779389424,3409.484,6509.598979296361,23218.488903706064,183,B0005,16,1.802579500826209,24,0.9709624103091468,109,0,1.802579500826209,0.9709624103091468,0.002324486988236574
3.5591189041401865,2.4942396831720126,4.188779799856791,0.23873643876806222,-1.9133470605822436,-2.0181069603406625,0.4358942318853322,31.965008645476725,38.4787542519308,3.414795247499799,-6.829234822297299,1.6134776203241812,-0.00027896191057933794,0.001659141008640032,3390.422,6511.1081944561665,23209.941114737456,182,B0005,17,1.8030683142834096,24,0.9712257104811377,108,0,1.8030683142834096,0.9712257104811377,0.002136768694299107
3.557886771846508,2.4556793246645583,4.189272591516219,0.24145031412156678,-1.9131602105481538,-2.0170254305215485,0.43619046586394566,31.966241678512723,38.54659017774874,3.433369080629228,-6.8267403953412495,1.6154336316329643,-0.00028021866544774703,0.0017247532459100257,3390.281,6510.178861374065,23199.110125374005,182,B0005,18,1.802777624719604,24,0.9710691300699019,107,0,1.802777624719604,0.9710691300699019,0.002132573350795708
3.5520375235511907,2.632142800798914,4.187614060563439,0.23416563071224794,-1.8553455745575975,-2.01684718332263,0.5400579358950733,32.37143341978575,38.44749852224995,3.3582656082275433,-6.629456610491162,1.9708971132891078,-0.0002578758865228144,0.0012954736675213736,3591.734,6669.651426176824,23800.467163241432,192,B0005,19,1.8470259949329195,24,0.994903587398902,106,0,1.8470259949329195,0.994903587398902,-0.00888559826045383
3.5525668436897124,2.5027764692056795,4.187628781108399,0.24417224140909252,-1.8746995273150975,-2.016190951623346,0.5078881766945343,32.70024990461686,38.992275791716615,3.414454720096594,-6.697630741121939,1.862184754730584,-0.00026945167402945544,0.001506475253751266,3552.297,6670.891333284933,23800.179636304245,190,B0005,20,1.847417311283644,24,0.9951143705942721,105,0,1.847417311283644,0.9951143705942721,-0.0090620822074988
3.5567940383270398,2.617507742871704,4.187447226312926,0.23311973567394634,-1.8738272127883846,-2.016760348146938,0.5090210348494151,32.32266411829938,38.51424197364312,3.395181230789341,-6.697647484534175,1.8637098777536214,-0.00026208875529429873,0.001344776558459131,3531.578,6630.596879918006,23669.356206255026,189,B0005,21,1.8361774213478947,24,0.9890599854098059,104,0,1.8361774213478947,0.9890599854098059,-0.006719584104337128
3.5614100044534203,2.694074478000972,4.187344026387161,0.22484633144049296,-1.883193546754683,-2.0160230713598764,0.49304941109665107,31.98795810666763,38.165816144899125,3.4042748981985596,-6.733059930589075,1.8064831632542535,-0.00025900991610482084,0.0012556931621708891,3492.907,6593.290302569483,23542.708631574522,187,B0005,22,1.825780747577624,24,0.9834597999985366,103,0,1.825780747577624,0.9834597999985366,-0.00454248665884287
3.5566107947817986,2.6237674644021887,4.187438187636325,0.23067449635182954,-1.873239184822504,-2.01719076462715,0.51045002675325,31.894456524691385,38.16526203587147,3.4364659000230526,-6.692889079102512,1.8679565791283868,-0.000256958239967436,0.0013717397892033822,3511.594,6590.73907471066,23517.43554166957,188,B0005,23,1.8251136435078368,24,0.9831004632950898,102,0,1.8251136435078368,0.9831004632950898,-0.004467203757646576
3.5586742170266272,2.5010798299873738,4.18774138117799,0.2384585859277787,-1.9139593751505897,-2.016114862565665,0.4336815885962881,31.78039681801023,38.27549578575718,3.444949444530768,-6.832187941982921,1.6049551096221768,-0.00028114913311546913,0.0015931568158257376,3431.9370000000054,6592.218831689667,23500.51427452866,184,B0005,24,1.825581504220376,24,0.9833524772367372,101,0,1.825581504220376,0.9833524772367372,0.004288898142508701
3.564103182686904,2.68499881852498,4.188261122540052,0.22371289710668404,-1.9030532722310995,-2.016863630474281,0.45609178373993275,31.688747146342205,37.98216079918311,3.4231952488727075,-6.801945660272701,1.678234677778084,-0.000262107783665243,0.0013135380838613432,3431.125,6550.683628921637,23382.94748666633,184,B0005,25,1.814031127508391,24,0.977130847840027,100,0,1.814031127508391,0.977130847840027,0.006677236755050631
3.559588063594272,2.547109116468133,4.187338767288234,0.23399060506233524,-1.9134590742247914,-2.024643671910137,0.434873129767018,31.596747992569153,38.11100191887773,3.461139819499428,-6.830238772409109,1.6074294405747613,-0.00027694899503227023,0.0015283934647761478,3412.406,6553.468385267779,23361.993893375595,183,B0005,26,1.8147691941158937,24,0.9775284086310274,99,0,1.8147691941158937,0.9775284086310274,0.004281645446400218
3.556833231052199,2.471314764334132,4.187560306288175,0.23947202414141244,-1.9136209099025532,-2.017291134571006,0.43491395027052004,31.565586498787077,38.18831137948753,3.480274215150429,-6.826476707515011,1.6092351956953883,-0.0002781310567291583,0.001678492934332782,3410.688,6550.408728154328,23335.84903899018,183,B0005,27,1.813969388710352,24,0.9770975921350077,98,0,1.813969388710352,0.9770975921350077,0.002362271773454383
3.5624410850948944,2.6613903306108773,4.18805176248713,0.2246938172828495,-1.9025819745719061,-2.01713712589233,0.4573564287414882,31.59124667045208,37.99854111908584,3.4551730825084275,-6.796372886195717,1.682675352251738,-0.0002602919689121664,0.0013792465245130836,3410.718,6510.091043253855,23225.60473537145,183,B0005,28,1.802765665167823,24,0.9710626880376819,97,0,1.802765665167823,0.9710626880376819,0.004469595668002757
3.5591407106855666,2.541762355407921,4.187667484260542,0.2337381121665522,-1.9130621638638965,-2.015946028510057,0.4362089113558066,31.603485399391182,38.194201649765226,3.482581932796347,-6.826795617431461,1.6120963146546905,-0.00027387334914997504,0.001572989123942321,3392.719,6514.825338389979,23217.87333543587,182,B0005,29,1.804077040117352,24,0.9717690623092357,96,0,1.804077040117352,0.9717690623092357,0.004300892820604796
3.5573161327793144,2.628919415830567,4.2010701773378685,0.2244802327371113,-1.920618117118412,-2.0167372379007014,0.4205282536761078,31.91556385491565,38.45796400011448,3.5076959837591097,-6.8573716448522575,1.5563468609692455,-0.00027024801120650594,0.0017750836457770059,3470.672,6676.343311605006,23837.125830342833,371,B0005,30,1.8518025516704488,24,0.9974764875349149,95,0,1.8518025516704488,0.9974764875349149,-0.007554284832411584
3.561870782772737,2.6312552691827045,4.1996223345495824,0.22326557144507364,-1.9298830859597569,-2.0183057226929555,0.399294272689169,32.081128118597164,38.49126351534004,3.3915014198167084,-6.895422283391081,1.4846705344841151,-0.00027088870065494313,0.0018047541621364763,3414.109,6600.285870494814,23582.699108588295,365,B0005,31,1.8307038456739428,24,0.9861116348782738,94,0,1.8307038456739428,0.9861116348782738,-0.003186930311609837
3.5617586337260088,2.654880745360911,4.199853323702163,0.22104596048351946,-1.9293005284805407,-2.016579511976592,0.4002852377219257,31.849792632896243,38.31473393357882,3.3803301579998144,-6.891891638669618,1.4870783035747726,-0.00026594013806794064,0.0017760015898705258,3395.219,6561.473838505131,23439.19089969692,363,B0005,32,1.8199041089501269,24,0.9802943389447217,93,0,1.8199041089501269,0.9802943389447217,-0.001186944047954963
3.5597307651083123,2.6749688422803803,4.199103467081427,0.21897224844365457,-1.923330987770314,-2.0193879194408373,0.4135159697940359,31.465690433362017,37.861934640176806,3.4164302187519273,-6.866690537238895,1.5308691303988262,-0.0002594524027533797,0.001761679463506234,3386.0,6523.253526460361,23289.36617938697,362,B0005,33,1.809307963702852,24,0.9745867078945716,92,0,1.809307963702852,0.9745867078945716,-0.0013084597070057934
3.5575937553540915,2.6159705726789904,4.199998536865001,0.22364252387843475,-1.9284469980320087,-2.015814483813837,0.40194096557758924,31.409348956650316,37.90665575786083,3.3976667622932606,-6.88031565579362,1.4925731330226835,-0.00026402048583411096,0.0018999442790630853,3368.187,6506.444080297816,23213.729739689723,360,B0005,34,1.80460990458052,24,0.9720560906279803,91,0,1.80460990458052,0.9720560906279803,-0.00010657289263358294
3.5597237883937995,2.658447162110498,4.19967522099872,0.2206730496885283,-1.9231439161693824,-2.019901495893039,0.41450051233091095,31.902247475518077,38.34003238560517,3.4319633187951024,-6.866040929266324,1.5353955130362762,-0.00025851643261156016,0.001803352254142881,3368.266,6487.575195644182,23162.44694254233,360,B0005,35,1.7993770651972192,24,0.9692374130950107,90,0,1.7993770651972192,0.9692374130950107,0.010485097294645928
3.559061771422033,2.697942608427116,4.1991847248803165,0.21741170748909208,-1.9170149640438081,-2.016522387288751,0.42729035615010547,31.649024294808623,38.0745950590744,3.429628733786301,-6.842298362373904,1.577715204729203,-0.00025069559863978417,0.001752146893643922,3358.719,6448.254264440066,23015.493295282195,359,B0005,36,1.7884432335370462,24,0.9633478867036309,89,0,1.7884432335370462,0.9633478867036309,0.008452122427379338
3.557015527748059,2.6617272246516333,4.200012480335,0.2202112122344345,-1.922048805055383,-2.017112121704317,0.4161258984825695,31.48874626238971,38.07252758016199,3.4678195183884166,-6.855564977060949,1.539830639246251,-0.00025589599210743593,0.0018332643791132404,3339.5,6428.350028619868,22928.869479924684,357,B0005,37,1.7829230484252725,24,0.9603744299218226,88,0,1.7829230484252725,0.9603744299218226,0.0073962121049708784
3.5562481933590964,2.699288287625812,4.1992373656547874,0.2171153204978367,-1.9162302821549881,-2.018009988339822,0.428937662035698,31.329995610092634,37.80133585100446,3.509440248480975,-6.8329301012489685,1.5821875357171693,-0.0002477063509501621,0.001781519695535897,3331.265,6392.764983385252,22795.631910910848,356,B0005,38,1.7730337158018288,24,0.9550475246530082,87,0,1.7730337158018288,0.9550475246530082,0.007254849580204637
3.5532756526091784,2.612793240883853,4.199395781118708,0.2242097776623701,-1.9220800182578983,-2.017724236336294,0.4172895950868297,31.569551201845574,38.39873985476869,3.562748483599031,-6.8490210030596,1.5444415903484565,-0.0002597703146608064,0.001928573811738994,3321.188,6392.999096394102,22780.720181900288,355,B0005,39,1.773037755078937,24,0.9550497004162604,86,0,1.773037755078937,0.9550497004162604,0.006314429900316609
3.556266431640255,2.6637064901468075,4.199578698026071,0.22065598640894565,-1.9162417890311958,-2.016792488625222,0.42954821430451323,32.111426258867944,38.74929237918251,3.542509758652166,-6.834261900346141,1.5860383731215433,-0.000252246500046357,0.0018299902751834247,3321.844,6374.25488434466,22733.450211801362,355,B0005,40,1.7678721106662054,24,0.9522672175646097,85,0,1.7678721106662054,0.9522672175646097,0.006300990906202753
3.5563095420140822,2.6668454289754746,4.199546957512695,0.22086472080479183,-1.9158809823517762,-2.017255132631586,0.4301866281036963,32.271676011112376,38.87275464755104,3.505491291733021,-6.83265881513289,1.5884120416386824,-0.00025207492486215157,0.001827007917213394,3311.828,6354.30527068627,22661.32415891688,354,B0005,41,1.762315070409309,24,0.9492739086983167,84,0,1.762315070409309,0.9492739086983167,0.00522563262554745
3.558950851054106,2.684431051981017,4.194091469340824,0.22487715200465186,-1.9114406265753041,-2.0159457514475405,0.43944109419390154,31.842291659678658,38.503541429116005,3.534108684367306,-6.813244872982707,1.6195005151228707,-0.00025384470525965973,0.0014410009323910483,3327.391,6383.629683319294,22725.441230342003,179,B0005,42,1.7676172924938447,24,0.9521299593373236,83,0,1.7676172924938447,0.9521299593373236,0.00306115118628556
3.5534418211598053,2.645224362345869,4.200715235801255,0.22263448201480376,-1.9158166997544155,-2.021877555086194,0.4299853699579859,31.759815453754253,38.27009094548294,3.4611972406700215,-6.82627778144528,1.5877031915844213,-0.0002468333143657359,0.0019159196063905579,3312.078,6355.473835578355,22645.458989423863,354,B0005,43,1.762668359743147,24,0.949464208578551,82,0,1.762668359743147,0.949464208578551,0.002073071211736366
3.5510121537420285,2.6603527244917,4.1990980807180325,0.22130511019697496,-1.9151304155635374,-2.0169903181968984,0.4310379045239763,31.41911167391793,38.11684755251712,3.531995500520142,-6.818107926845215,1.5893978457245987,-0.000246593925670679,0.001888721257634211,3293.172,6316.209569385712,22486.133626007482,352,B0005,44,1.7517304870664143,24,0.9435725054869608,81,0,1.7517304870664143,0.9435725054869608,0.004261453602504517
3.551317608213949,2.6926849789916263,4.199398534411534,0.21900720749034402,-1.9148485784393638,-2.016185456554963,0.43231390245118795,31.331626572312267,38.04152715355532,3.538620015044167,-6.8165962572437016,1.5929984249611717,-0.0002445628476861024,0.0018321102771127668,3275.328,6280.6459113144265,22357.13807680062,350,B0005,45,1.7418496047960008,24,0.9382501520146928,80,0,1.7418496047960008,0.9382501520146928,0.005204501174040921
3.549003180550162,2.670544734728978,4.199122915612965,0.22112880899864104,-1.9144128654409127,-2.0170647431651068,0.4327839754033059,31.35934131425137,38.17980302242767,3.580882360514829,-6.810979357476689,1.5947002924653333,-0.00024529354997369614,0.0018878188727609428,3265.016,6259.902942431394,22270.203887276337,349,B0005,46,1.7360913511847138,24,0.9351484592444022,79,0,1.7360913511847138,0.9351484592444022,0.00524474384491902
3.5597648340955175,2.605158060541757,4.190409478081396,0.22690811654164278,-1.9388813849818083,-2.0168134548386294,0.3772637665356265,34.31088483888259,40.71218198711114,3.3312911329320847,-6.921148011559772,1.4104005350514335,-0.0002816021855382664,0.0018488902874056442,3328.937,6466.817253692633,23084.669233656423,356,B0005,47,1.7936240148573608,24,0.9661385230754257,78,0,1.7936240148573608,0.9661385230754257,-0.005201344472703218
3.5623454342368555,2.672012007453096,4.199933846791869,0.22196151611679193,-1.927509725704535,-2.0165540953857675,0.40406682162522617,33.43585640373787,39.88526123315293,3.3758093419223836,-6.885504706617491,1.501074995659087,-0.0002619424424490138,0.0017793467696722665,3329.266,6429.204893299509,22966.711266582002,356,B0005,48,1.7831890223273277,24,0.960517697201241,77,0,1.7831890223273277,0.960517697201241,-0.004104132516836145
3.558336657621618,2.674271233724938,4.199365021329158,0.22116302424041023,-1.9267185977839403,-2.022483480851903,0.4055885131371584,32.66698125020078,39.18287352945846,3.410710826213734,-6.873507731572832,1.5046374089367365,-0.0002578749375199081,0.0018116658659745226,3301.579,6372.2693722665645,22733.317529006756,353,B0005,49,1.7673642076278957,24,0.9519936347583843,76,0,1.7673642076278957,0.9519936347583843,-0.003126744112296276
3.5540131386228695,2.6309416727017187,4.19902365945384,0.22441709628144815,-1.9261308349663746,-2.016804145903712,0.4068434847542995,32.28423408691397,38.95156480403077,3.4772968027557734,-6.863228655128225,1.5089989156977506,-0.0002635729894628736,0.0018872062628988754,3283.563,6335.288285017454,22573.84842023899,351,B0005,50,1.7570177850353066,24,0.9464205172265513,75,0,1.7570177850353066,0.9464205172265513,-0.0030336360478611544
3.552376095886298,2.6629725743154204,4.199432142144215,0.22204569380260106,-1.9202346781375206,-2.0172800396238526,0.42017980834668417,32.00739178780946,38.607510759873634,3.5114636089072517,-6.838719893048609,1.5531333377709746,-0.00025542161137731236,0.0018510763203415754,3275.125,6298.7712635820335,22432.644943987587,350,B0005,51,1.7468706179837907,24,0.9409547290193552,74,0,1.7468706179837907,0.9409547290193552,-0.002155853359815385
3.549618661283733,2.612942119873717,4.199640922827531,0.22622259329090488,-1.9201011498853633,-2.0159193745006387,0.4206076443839264,32.06387071886056,38.920359903369054,3.565622841015737,-6.833995890028844,1.555631276823929,-0.0002575131536196987,0.001962617729841632,3265.656,6280.142376105676,22351.15568945533,349,B0005,52,1.7417172507457144,24,0.9381788592880078,73,0,1.7417172507457144,0.9381788592880078,0.010381352822329281
3.54938103086703,2.615719844266148,4.199305653118061,0.22644463175198204,-1.914427810545647,-2.020605919573001,0.4328590035817753,32.43754560319043,39.23273115358871,3.602270928388925,-6.814334497703148,1.5978131028427787,-0.0002538531197523453,0.0019552613374479474,3266.093,6261.143979995876,22284.96040239436,349,B0005,53,1.7364225056478186,24,0.9353268361401416,72,0,1.7364225056478186,0.9353268361401416,0.009353303335901808
3.5472118680418956,2.6287695472774453,4.198949734540481,0.22560488668621256,-1.9083407065035893,-2.017554048083073,0.44542459211819263,32.16809876635083,38.9649270684008,3.563053000695821,-6.78841181635659,1.639842155102489,-0.00024660495755303744,0.0019426588150645361,3257.594,6224.830875824588,22141.788135824154,348,B0005,54,1.7263217239235826,24,0.9298860334657101,71,0,1.7263217239235826,0.9298860334657101,0.008208496740862613
3.5467052098640246,2.6655106679421823,4.19834220599025,0.22260946236691775,-1.902207182631691,-2.016416703030436,0.4575237574010793,32.05752645824972,38.83927283461771,3.5803829068943873,-6.764930342701829,1.6799275196971801,-0.00024104500398364635,0.0018912330357522455,3248.593,6186.886075488637,22001.140363322746,347,B0005,55,1.7158065389330133,24,0.9242220117908767,70,0,1.7158065389330133,0.9242220117908767,0.008242249220458664
3.544629653883431,2.650495153350403,4.198995776266302,0.22441087883425337,-1.9020484449938708,-2.0170229987437884,0.45824944020161834,31.97592092807272,38.82796377704433,3.6137129639045327,-6.760329569663323,1.6822007205021294,-0.00024262414544466677,0.0019173913110348984,3238.766,6167.958849531006,21920.413340313466,346,B0005,56,1.710533351135192,24,0.9213816005181209,69,0,1.710533351135192,0.9213816005181209,0.007267453369719767
3.5436291614253204,2.643236235233877,4.19916986492694,0.2251626394650501,-1.8964907679062355,-2.016783933430818,0.4695119039783484,32.21689335291319,39.14007944734004,3.6809207416656737,-6.739600189253963,1.7212128051043754,-0.00023766096524995968,0.0019398156872925832,3240.14,6151.636268324168,21859.57490632272,346,B0005,57,1.706014499648521,24,0.9189475137389713,68,0,1.706014499648521,0.9189475137389713,0.00714055021943869
3.5444946147995258,2.656450207001938,4.199246833083063,0.22502880033657194,-1.895971437908019,-2.0199829306240717,0.4700220134159711,32.55632993697177,39.349611598028886,3.5876341260521625,-6.738999630072918,1.7233032930703849,-0.0002383114625422763,0.0019247745065467307,3230.109,6131.126304953802,21790.46616818855,345,B0005,58,1.7003110272642588,24,0.91587532896664,67,0,1.7003110272642588,0.91587532896664,0.0072222956767119765
3.5409201846556857,2.626177688152069,4.19925518864016,0.22759267954042176,-1.8899648799839277,-2.016448312230377,0.4809252461296192,32.40048085325998,39.29444535878087,3.6261445424786727,-6.7119130045637245,1.7606631912768131,-0.00023672099192036876,0.0019826454053478793,3229.7810000000027,6110.555008262607,21699.022644559,345,B0005,59,1.6945798601797897,24,0.9127882263985314,66,0,1.6945798601797897,0.9127882263985314,0.00634837274875859
3.541195668799061,2.6582230344240045,4.199610827671791,0.22539016824159222,-1.8893703824420507,-2.026465491633473,0.4822531223123998,32.29371860868794,39.10487658009542,3.637499367495382,-6.708941773385349,1.7640504744366015,-0.0002345961815725833,0.0019445689612638192,3212.469,6075.560479343108,21571.872235347662,343,B0005,60,1.6849029086609286,24,0.9075757205607076,65,0,1.6849029086609286,0.9075757205607076,0.006180726054416929
3.540671044783382,2.695100237338448,4.1994453812630566,0.22200337643732754,-1.8776883243431417,-2.017330650607364,0.5029620620589579,32.136071448067796,39.0462609369598,3.654819125074113,-6.665515271140305,1.833992102237459,-0.00022611737251068028,0.0018744293478362647,3213.219,6038.219224674558,21432.412476655387,343,B0005,61,1.6744741591159715,24,0.9019582574806932,64,0,1.6744741591159715,0.9019582574806932,0.007211838403844073
3.5376048790268775,2.639091813583503,4.198991968341307,0.22747021165023182,-1.8831065986697755,-2.02257876070347,0.49360990385500675,32.382685497234974,39.398032192832,3.738665594798859,-6.680628965551582,1.8027783041421181,-0.00023340359795566903,0.0019766069986624103,3203.578,6038.523286012447,21420.427519783683,342,B0005,62,1.6745692479879102,24,0.9020094772578231,63,0,1.6745692479879102,0.9020094772578231,0.006289050332122148
3.538422485261741,2.6857210282450983,4.197785116892181,0.22445639503179143,-1.876359921441716,-2.0158674131052456,0.5045046007331752,32.30899951427638,39.10678394120843,3.5736016881249952,-6.656387854939487,1.8393360645281156,-0.00022576635996907237,0.0019020874818782235,3195.125,5999.46060706945,21280.820139454758,341,B0005,63,1.663716375981405,24,0.8961635599169331,62,0,1.663716375981405,0.8961635599169331,0.007318930256570733
3.53928626988912,2.69017866510873,4.201331130571617,0.22372176914294506,-1.8709550260104437,-2.016878594815316,0.5143997774045596,32.56636929496717,39.44448954135193,3.6987146279019267,-6.639606009791156,1.8736177325650305,-0.0002267831055320072,0.0018931154313468535,3195.312999999994,5982.513869303917,21228.681310206695,341,B0005,64,1.659013868748246,24,0.8936305466681351,61,0,1.659013868748246,0.8936305466681351,0.007113198286308719
3.533690170241391,2.639895313359579,4.199339974904826,0.22841550184844867,-1.8705599868289542,-2.019019155129933,0.5149956757914231,32.46542951751835,39.509602016775695,3.763161934375441,-6.628629164732752,1.8751395717793569,-0.00022801307411614202,0.0019890350361775736,3186.297,5964.001670894158,21132.347740740137,340,B0005,65,1.6538540573335014,24,0.8908512057704356,60,0,1.6538540573335014,0.8908512057704356,0.006209770265485437
3.534367734544495,2.68991452927918,4.198916244859707,0.22401128563800174,-1.8640049795794804,-2.0179820220655023,0.5255367036226928,32.347056454418095,39.33486536224533,3.7686387838768,-6.604743261432612,1.90983266136841,-0.00022265345189601742,0.0019113763405035611,3176.438,5923.660334817944,20987.14583395371,339,B0005,66,1.642653782130131,24,0.8848181591266644,59,0,1.642653782130131,0.8848181591266644,0.006364075397168101
3.5312941932103548,2.65935818848874,4.198537488587242,0.22709204592021853,-1.8636932149873204,-2.0158401305926343,0.5263075365065475,32.37153894064616,39.43723270017243,3.798378346405977,-6.598716671314462,1.9122633583864783,-0.00022562835686853184,0.001959140712483748,3167.593,5906.387409355068,20910.21031962642,338,B0005,67,1.6378578430223698,24,0.8822348186450749,58,0,1.6378578430223698,0.8822348186450749,0.007342280993108075
3.5309134771684274,2.6657030585650423,4.198943932259475,0.22674511548841458,-1.857820396301907,-2.0192083553177325,0.5360241740397207,32.45549347979197,39.51375235624076,3.806767841094206,-6.5771970137941524,1.9456262366597366,-0.00022111072934151706,0.0019638208463084467,3167.719,5887.881244272294,20841.948088020014,338,B0005,68,1.6327350407099108,24,0.8794754127611388,57,0,1.6327350407099108,0.8794754127611388,0.006196267054298854
3.5287226893409893,2.642986759012803,4.199579806494986,0.22927035359609077,-1.8572160981955346,-2.017754065523427,0.5366022681919891,32.50017194695606,39.60170302810528,3.822022211269684,-6.571494585726902,1.9474974036583372,-0.00022555290508307957,0.001989540865074205,3159.077999999994,5870.099518292026,20767.590680839145,337,B0005,69,1.6277528915533617,24,0.8767917699307697,56,0,1.6277528915533617,0.8767917699307697,0.006252195438976882
3.52625493581969,2.631116911889304,4.198782234828033,0.2307324709807415,-1.8568340008006832,-2.016206764491147,0.5375143566828329,32.50100298369444,39.68746359758208,3.84957926477219,-6.565618160248472,1.9501337125057028,-0.00022501058298346084,0.0020267435476935495,3148.829,5849.655023349053,20681.323715285103,336,B0005,70,1.622125485521159,24,0.8737605584239755,55,0,1.622125485521159,0.8737605584239755,0.006345714362468469
3.5286843243370045,2.696157404617167,4.19910517813207,0.2247705585097621,-1.8448886500218815,-2.018425729441905,0.5559145972091806,32.4728927422438,39.53535075538898,3.8316458393751693,-6.5254768085243775,2.0120697885754915,-0.00021897163666399189,0.0019019179789138577,3149.094,5811.0247444897395,20551.50376652189,336,B0005,71,1.6113256603765849,24,0.8679432148624368,54,0,1.6113256603765849,0.8679432148624368,0.006265624350709232
3.525556939424901,2.6667596238241567,4.198510853141954,0.22779895158764976,-1.8444180038305806,-2.0200094988659028,0.5567175936954798,32.50480154634882,39.6502371632164,3.8641045055376444,-6.518916110888994,2.0145401964452017,-0.00022167173125811374,0.0019528143361790212,3140.547,5793.762214416587,20474.759183483497,335,B0005,72,1.6065631397488385,24,0.865377875300024,53,0,1.6065631397488385,0.865377875300024,0.0062589406547062685
3.5226805646793737,2.6403185448373043,4.198732430468704,0.23050584047552053,-1.8438790389835118,-2.0160906793454063,0.557421835420678,32.51218336210202,39.69929058154853,3.885789404543481,-6.5122987975929,2.0165575459432286,-0.00022188407504370732,0.0020162001920110252,3131.625,5775.654525633667,20395.895196419184,334,B0005,73,1.6015142233917594,24,0.8626582682073706,52,0,1.6015142233917594,0.8626582682073706,0.006244163463630281
3.5246734587890085,2.69892986372897,4.198799630396931,0.22554614793423194,-1.83711254029409,-2.017218805788003,0.5670761474198778,32.45692821941515,39.56076309770468,3.8707779902612707,-6.4895525395777645,2.048522266329765,-0.0002171324561792201,0.0019137145421872742,3121.907,5735.558125260381,20258.561473045167,333,B0005,74,1.590369231400328,24,0.8566549999565575,51,0,1.590369231400328,0.8566549999565575,0.007476732030606748
3.5213155754526824,2.6682466504352997,4.198753541225669,0.22838261270267754,-1.8315957075983758,-2.017576881832417,0.5758422473114834,32.447059186431154,39.63708096307912,3.9026769053503747,-6.46484489677484,2.078203664000764,-0.0002169258310153703,0.0019807398364316752,3122.125,5719.0913398322145,20183.47224746462,333,B0005,75,1.5857889968242211,24,0.8541878490754121,50,0,1.5857889968242211,0.8541878490754121,0.00726729773938759
3.51803386486462,2.6479207279724903,4.200309982421394,0.23117872316851207,-1.8311195242792309,-2.0163186530776205,0.5758733468618624,32.32889654966259,39.43977047692484,3.8494187253951466,-6.457074190206721,2.0776571063737097,-0.00022026795734825843,0.0020032785392802123,3121.672,5715.996679781623,20153.769949307723,333,B0005,76,1.5849430707374117,24,0.8537321895986371,49,0,1.5849430707374117,0.8537321895986371,0.005276517927834634
3.5236841955396794,2.6741633856529066,4.201124089732316,0.22917796003491903,-1.8432799764914718,-2.016322017667326,0.5581982237984048,32.84488475360107,39.83902225625452,3.7930289092436635,-6.5121181959043835,2.019284760515668,-0.00022500445174566494,0.0019468147601304376,3120.86,5753.951925832138,20326.598632587273,333,B0005,77,1.5955263892495937,24,0.8594329115068512,48,0,1.5955263892495937,0.8594329115068512,0.0022073500998489592
3.519146638240668,2.6892528956736257,4.198150316653697,0.2271997059045421,-1.829798505957538,-2.016058383461316,0.577259511293026,32.31731555011648,39.41794949618613,3.8641211593237994,-6.453355764919895,2.081223462534454,-0.0002181324459271231,0.0019401392339867488,3103.828,5679.253658699469,20027.439358653257,331,B0005,78,1.5747301747801037,24,0.8482309964083233,47,0,1.5747301747801037,0.8482309964083233,0.005356809722331146
3.516233648608237,2.688809122993162,4.198524048997099,0.2273324183483178,-1.8236746835609148,-2.0176016183677974,0.5868747718090098,32.06376130177751,39.262781682151214,3.943799041030261,-6.425224707601201,2.1124165342913064,-0.00021531231535279076,0.0019596541273932317,3095.094,5643.7634823114095,19882.247732943295,330,B0005,79,1.5649019950937946,24,0.8429370312695895,46,0,1.5649019950937946,0.8429370312695895,0.005093447261306672
3.514773138461639,2.6743555987897745,4.198840869468569,0.2284721001606275,-1.8176720770210877,-2.018404141903304,0.5952075610841622,32.21997626855924,39.47237839941986,3.9798848350523506,-6.401939719100205,2.1409436630929264,-0.00021557003450738886,0.0019741030144561213,3095.781,5625.485240484273,19810.798654820457,330,B0005,80,1.5597659473370362,24,0.8401704907053152,45,0,1.5597659473370362,0.8401704907053152,0.005204609897436985
3.5132992979150073,2.6430294964336345,4.198119631667182,0.2314217062849809,-1.8179238657973993,-2.016777852675889,0.5952405875017754,32.7120225448885,40.03754146951368,3.9976006239496304,-6.402299782222192,2.1418211553477566,-0.00021743399329760284,0.002019837524098521,3094.328,5624.377322135844,19805.666368051618,330,B0005,81,1.5594815668184234,24,0.8400173086716404,44,0,1.5594815668184234,0.8400173086716404,0.0050923007837976545
3.514484830704665,2.6584858447131823,4.198320288264955,0.230607599625938,-1.817160673909645,-2.019500858990014,0.5961269317003768,32.945022147355694,40.14273016201157,3.9422119635924115,-6.401406405683121,2.145278098801497,-0.00021809757270770328,0.0019871018254989615,3086.531,5607.302917737306,19751.021779291674,329,B0005,82,1.55468935359061,24,0.8374359751414074,43,0,1.55468935359061,0.8374359751414074,0.008167407131796756
3.5109677353595243,2.629782173759164,4.1980467610750285,0.2329526759800367,-1.8110297241968543,-2.025028692484549,0.6042377451924879,32.857549597381336,40.1165626728546,3.968850384263857,-6.373756975643699,2.172172725568273,-0.0002162609866559093,0.002062822589053515,3085.625,5586.134129261033,19657.476216272247,329,B0005,83,1.5488741079890418,24,0.8343035835418967,42,0,1.5488741079890418,0.8343035835418967,0.005171213358212379
3.510935874957801,2.6622967647315545,4.199047008209673,0.2307329830817022,-1.8094435644526072,-2.017188769565156,0.6059726915778632,32.629663328789654,39.87503330866132,3.951047957236267,-6.365725443909933,2.176526555079728,-0.00021558357628598368,0.0020092839478226838,3067.203,5547.829488292096,19514.960950775672,327,B0005,84,1.538236598942558,24,0.8285736718133293,41,0,1.538236598942558,0.8285736718133293,0.005333079230247328
3.509393098217416,2.682380966742509,4.197669918520713,0.22885701365943192,-1.8026537331443495,-2.0203529496154493,0.6147018605615803,32.379859014262976,39.61961987024145,3.988147604013235,-6.336890288672853,2.2044449004893996,-0.0002126814288437498,0.0019751311448668366,3058.157,5510.7159552936755,19369.648017408683,326,B0005,85,1.527914258251028,24,0.8230135260370757,40,0,1.527914258251028,0.8230135260370757,0.006370337817201666
3.5066782411556563,2.640189476892272,4.197600624105256,0.23244290877833024,-1.8031542757366412,-2.016749317444538,0.6147768190719082,32.68215852457039,40.067324667444815,4.061372918664878,-6.336075960187757,2.204911871540566,-0.00021550161898086748,0.002053780097649319,3058.812,5512.996535174403,19369.746510080062,326,B0005,86,1.5285252629756445,24,0.8233426447360579,39,0,1.5285252629756445,0.8233426447360579,0.006191260768555784
3.5109885623008092,2.693769409137257,4.197985718630326,0.2279824823099926,-1.7965666438696486,-2.016964364118414,0.6225281437334834,32.99387423636739,40.24716716520102,4.008265788698764,-6.318906093913238,2.232043247822504,-0.00021261716196042222,0.0019485908637347715,3058.578,5491.94156548893,19314.05733344813,326,B0005,87,1.522647325284378,24,0.8201764839394089,38,0,1.522647325284378,0.8201764839394089,0.006408405661246386
3.510305462695178,2.695787450704935,4.198164128530042,0.2281087434098021,-1.7959771394311954,-2.017715447411052,0.6233048468787378,33.045397072111655,40.30253125568348,4.01550117256657,-6.315325290132107,2.234427159539688,-0.00021312270768026362,0.0019475703389721854,3049.328,5473.438244335002,19244.145664606047,325,B0005,88,1.5174859938489869,24,0.8173963242800902,37,0,1.5174859938489869,0.8173963242800902,0.006277622828010987
3.5222215314850214,2.6920548172137724,4.222920057935785,0.23455024881444195,-1.822916991757235,-2.017087516284557,0.5880606956486942,32.856295641052824,40.09418103142496,3.9810906805855084,-6.436102659126049,2.1235068348405797,-0.00021991003237783278,0.0018785800201921352,3177.219,5791.114684745731,20446.44677385507,339,B0005,89,1.605818899130659,24,0.8649769888680269,36,0,1.605818899130659,0.8649769888680269,-0.013516460037620215
3.5163492154331264,2.629071246219689,4.200423045909808,0.2342514069587575,-1.8294275689587538,-2.0177115857667665,0.5790386830763732,33.33950238056361,40.52238496316615,3.928333833868852,-6.452706672561589,2.0898045742542686,-0.00022871258530460895,0.0020140219075004432,3082.937,5640.037331409782,19893.390940958056,329,B0005,90,1.5638491446744425,24,0.8423699116610505,35,0,1.5638491446744425,0.8423699116610505,-0.007186977284682916
3.5134397623234963,2.631343871050918,4.198372063670128,0.23338016528628605,-1.816317296828028,-2.0160877086861952,0.5967165768532283,33.35156485472646,40.56886357314186,3.951653441190732,-6.399755834192011,2.148249773094185,-0.00022338074443823945,0.0020190653800182734,3074.266,5583.341277981252,19671.961439900162,328,B0005,91,1.5480915247767786,24,0.8338820438085877,34,0,1.5480915247767786,0.8338820438085877,-0.003913252360226815
3.515137522009075,2.6983970036642315,4.198353213898968,0.22724285807568526,-1.8033689952639713,-2.0174325692631547,0.6138243789661205,33.147486361012966,40.27804845768325,3.9517570424024644,-6.35282190570565,2.2049799332907,-0.00021662759882304882,0.0019126473821320883,3066.0,5526.903961152691,19468.99385250927,327,B0005,92,1.5323755631868592,24,0.8254166152720489,33,0,1.5323755631868592,0.8254166152720489,-0.001945647580496246
3.50830390643132,2.6338485871981514,4.197873789078739,0.2331667808997218,-1.802670753119494,-2.017976023705107,0.6146945270651876,33.007275861749356,40.2921849196155,4.008284181289492,-6.3394946620587715,2.2065031843138416,-0.0002202198968639818,0.0020333616264906424,3056.437,5507.400475768062,19367.04809090138,326,B0005,93,1.5269528268489705,24,0.8224956494324318,32,0,1.5269528268489705,0.8224956494324318,-0.0018933665999967264
3.509190808443004,2.671566207861818,4.197955644238241,0.22983512055913677,-1.7958941337499832,-2.016684455267326,0.6233018675049735,32.91990812745461,40.184384347174266,4.0190435754293565,-6.314857197629522,2.234839154795542,-0.0002142812826449897,0.0019791967961534786,3048.219,5471.390037008812,19237.36479694289,325,B0005,94,1.5169573017136326,24,0.817111543392579,31,0,1.5169573017136326,0.817111543392579,0.017772319483405276
3.5068097579555353,2.6540810507928123,4.197918434710392,0.23170359937392337,-1.795344963527795,-2.0185074328810417,0.624318776563091,32.99903328622305,40.320066232195046,4.044741656549234,-6.308916030983317,2.237577799062602,-0.00021842238463203414,0.0020143548972654897,3039.218,5453.272265895332,19162.043325817587,324,B0005,95,1.511897596014269,24,0.8143861246029738,30,0,1.511897596014269,0.8143861246029738,0.010390309732034675
3.50609090727422,2.656849703962618,4.197739340034368,0.23141529776276365,-1.7893518988259458,-2.0206154364574687,0.6320325499876801,33.03772281691292,40.33650561265159,4.042950285126565,-6.285923790965048,2.263356067898473,-0.00021496103894547806,0.0020081762970372177,3039.047,5433.9992333954915,19088.117865557317,324,B0005,96,1.5065638960681105,24,0.8115131183620761,29,0,1.5065638960681105,0.8115131183620761,0.008305525741733622
3.5037157727265953,2.6363048614501152,4.19785490446139,0.23345025331554514,-1.7883879159763685,-2.017421211930756,0.632891398676009,33.07740307192613,40.43267631588412,4.058632380945664,-6.278731574803249,2.265844258976893,-0.00021690960241293623,0.0020518102374195804,3030.375,5415.99880634745,19013.20440375912,323,B0005,97,1.5015453526671363,24,0.8088098717121405,28,0,1.5015453526671363,0.8088098717121405,0.00616604210394458
3.5067479961367156,2.69951692300468,4.197306756122815,0.2278216639829029,-1.7815447770741009,-2.0224772834102507,0.6414356710358949,33.05467981523988,40.314538591575015,4.045827846714321,-6.256622651631086,2.2939559300812586,-0.00021127300017321634,0.0019472723483552107,3021.0,5377.456079415311,18883.15345594865,322,B0005,98,1.4908444050400238,24,0.8030457886878685,27,0,1.4908444050400238,0.8030457886878685,0.007221684361789338
3.5058813026542324,2.698216006032282,4.197528212001444,0.22798452244418208,-1.7753115642966961,-2.0179249554704706,0.6486068932660061,33.11570360624461,40.386661855917744,4.056672478286733,-6.232694869537829,2.318004889852977,-0.00021038521134452128,0.00195399260302098,3021.75,5359.611901554406,18814.515538915024,322,B0005,99,1.485868384561201,24,0.8003654470798279,26,0,1.485868384561201,0.8003654470798279,0.0062177834304863126
3.504168333530808,2.6911707598773864,4.19743662221161,0.22887754440273086,-1.7742377662318363,-2.018486701026112,0.6498057454815246,33.12942148982365,40.43384612547835,4.070998143447877,-6.225784920111587,2.3214848762598863,-0.00021166229614716248,0.001967587316824477,3012.265,5339.792501044629,18735.91649974039,321,B0005,100,1.480413677976106,24,0.7974272604140162,25,1,1.480413677976106,0.7974272604140162,0.006296783607632639
3.5030568931470634,2.690162319231471,4.197717228550219,0.22926505227297364,-1.773860289771637,-2.017202918759472,0.6507355272479427,33.130681310493344,40.44479269068758,4.079963844026956,-6.222095410532326,2.3239351422542005,-0.00021102239113164433,0.0019765946904514043,3002.641,5321.0392957282365,18663.173503919836,320,B0005,101,1.4752095869031632,24,0.7946240682056632,24,1,1.4752095869031632,0.7946240682056632,0.00627086183298946
3.4982324882487936,2.6355034454892072,4.192454851360723,0.23319573629206394,-1.7809702419814517,-2.017032616337778,0.6422230325919555,33.20069210329718,40.58499656066617,4.0996268557124855,-6.2422331466687275,2.2940879580961995,-0.0002140997332885073,0.0020624316636924022,3012.0,5359.58899111246,18783.43947619933,321,B0005,102,1.4859035988304024,24,0.800384415303801,23,0,1.4859035988304024,0.800384415303801,0.003128350767346788
3.5065859365661325,2.6594753656507684,4.202845001527377,0.2327793636251861,-1.7879098523188455,-2.020648432189961,0.6337572797900881,33.78697527817091,40.99869158762305,4.00137718412186,-6.283921401884041,2.27094264748554,-0.00022335032725502438,0.001975460732827854,3020.11,5396.421791452525,18965.755545367305,322,B0005,103,1.4960918298136696,24,0.8058723226653156,22,0,1.4960918298136696,0.8058723226653156,-0.001049484954729163
3.501457140697961,2.644554999824577,4.197952808231904,0.2335250205477887,-1.780229415660985,-2.018056806197647,0.6432393686749752,33.673365085761986,40.997807625227495,4.0655186008670245,-6.24600849519841,2.2998487209978578,-0.00021864287609595954,0.002028163799400738,3002.172000000006,5341.298754658774,18738.854554557394,320,B0005,104,1.4808005946928984,24,0.7976356737393389,21,1,1.4808005946928984,0.7976356737393389,0.0010135579736605393
3.5016583871628097,2.6719601666204564,4.198017952345714,0.2310936543774782,-1.7731015168894209,-2.017916668624779,0.6514705765655358,33.535818118317145,40.84213757482493,4.071805413255273,-6.218670838139467,2.3266595508985906,-0.000214917304558645,0.00199788543504816,2992.703,5301.4424857429885,18591.391362809652,319,B0005,105,1.4697543268466824,24,0.7916855834115801,20,1,1.4697543268466824,0.7916855834115801,0.002131870225884702
3.4966186408455298,2.6598211033173382,4.192162800008929,0.23123114842947284,-1.7705879947441516,-2.027591717224413,0.654212957890516,33.32269982188509,40.69012464267011,4.102402769286851,-6.199868402341258,2.3325779074551507,-0.00021416829470363754,0.002040993043270301,2964.468,5244.557632755391,18362.67559181449,316,B0005,106,1.4539012274845928,24,0.7831462853887026,19,1,1.4539012274845928,0.7831462853887026,0.004261671883714069
3.4991645719433246,2.688360455508818,4.196993378341778,0.22947771879895953,-1.7600629827474803,-2.017344770444764,0.667000512961465,33.346230327490304,40.69938049882204,4.1187097532725945,-6.165092584483804,2.376827297625695,-0.00021058711690960413,0.001985187134577264,2983.375,5245.382407401694,18371.758891573812,318,B0005,107,1.454146206723569,24,0.7832782438583529,18,1,1.454146206723569,0.7832782438583529,0.006351478421366652
3.496080777360074,2.6376728619288525,4.197603515102162,0.23426793601664392,-1.765575132998529,-2.017072416845675,0.6607978776580168,33.64948900485925,41.06026204078849,4.130055203457506,-6.182166914932151,2.356242601244465,-0.0002146614514214871,0.0020811192062817506,2975.297,5248.458551104694,18376.09446756576,317,B0005,108,1.455023751906683,24,0.7837509350133122,17,1,1.455023751906683,0.7837509350133122,0.008213615581397304
3.4959014526388,2.645120521151077,4.196406678544622,0.23343364754226326,-1.7588271887545277,-2.017938882324793,0.6677722505465497,33.79269513542103,41.19696040482682,4.127007891809571,-6.157390331172807,2.3793906203335484,-0.00021335115775799872,0.002060164299009112,2974.9850000000006,5226.980565623773,18297.61439148663,317,B0005,109,1.449042163761236,24,0.7805289427291895,16,1,1.449042163761236,0.7805289427291895,0.006351686186332461
3.497586979902671,2.698012437629632,4.197098662004674,0.229142139192038,-1.7516428147438297,-2.029098489464331,0.6759686601230658,33.52446663707275,40.84446688602949,4.107121567467311,-6.13091037293413,2.405864189853392,-0.00021021564901040502,0.0019775878385202856,2966.25,5189.526710124031,18162.83807853631,316,B0005,110,1.4386709371480566,24,0.7749424644709049,15,1,1.4386709371480566,0.7749424644709049,0.006216677939725157
3.4956989619989507,2.692894277298908,4.196909312093871,0.2296125408087406,-1.7513097768253418,-2.025048878675005,0.6767833456075123,33.39042251934235,40.764203830749366,4.147556736723813,-6.125859458946604,2.4071597638697546,-0.00021131874435285154,0.0019912298103017126,2956.359,5170.933148817959,18085.694417685037,315,B0005,111,1.433445432156979,24,0.7721277376203589,14,1,1.433445432156979,0.7721277376203589,0.004091159065522776
3.492875380810072,2.6483923655058117,4.197105220217278,0.2334116463244922,-1.7511840784846122,-2.0170494375017745,0.6767869141766419,33.67370212742761,41.11212504270441,4.164046290316763,-6.122976748479857,2.4075247303815006,-0.0002129615497195343,0.002069333652745002,2956.344,5170.68377279382,18077.204362019183,315,B0005,112,1.4333958900838095,24,0.7721010517012334,13,1,1.4333958900838095,0.7721010517012334,0.004150063327951914
3.49551076423368,2.6832134764262,4.196244829545076,0.23026320374609255,-1.7446206812145286,-2.017587381204539,0.6838024379199837,33.91080564765892,41.27256611507568,4.130728324479157,-6.10311652038453,2.431895037724055,-0.00020940690290814203,0.0020117451922699405,2956.406,5151.357554564973,18019.09021472288,315,B0005,113,1.42806487344776,24,0.7692294908297355,12,1,1.42806487344776,0.7692294908297355,0.00539177569178464
3.4942333590450834,2.684960445221862,4.19680260180666,0.23051595773401906,-1.7436362428649814,-2.0245398824990146,0.6846051890564013,33.7850680599871,41.15574924454392,4.144241804988197,-6.096546820290163,2.4334942071207037,-0.00020993398496230633,0.002021270744943458,2947.266,5132.8250631823685,17945.71759314714,314,B0005,114,1.4229203181741186,24,0.7664583676775117,11,1,1.4229203181741186,0.7664583676775117,0.005224369117423499
3.491197414255986,2.669922120529456,4.196227405416926,0.23192515902293845,-1.7425325036061037,-2.01689808000431,0.6854953037815841,33.61126807392732,41.03237216951879,4.1726745332912945,-6.086966957153822,2.43482946779613,-0.00020975360820967132,0.0020514341179985857,2937.984,5113.049472268947,17859.26540273327,313,B0005,115,1.417429032731308,24,0.7635004777498813,10,1,1.417429032731308,0.7635004777498813,0.004248380883349734
3.488909408157623,2.664105530655056,4.196558172556389,0.23255290311170274,-1.7419837011363046,-2.0197651300783948,0.6864030353770245,33.45598581472246,40.937269906716935,4.211566699707515,-6.080215174974844,2.4362863574044047,-0.0002116327000461756,0.0020619905263526417,2929.125,5095.200774067171,17783.15895538065,312,B0005,116,1.412409228794446,24,0.7607965521102183,9,1,1.412409228794446,0.7607965521102183,0.004207240672506574
3.487376295811431,2.634098605983684,4.196870541112335,0.23502132753203192,-1.7421680980861822,-2.018228083548545,0.6864353089088671,33.723267448788484,41.240704611971786,4.224667834776898,-6.080235510727445,2.4369225975442013,-0.00021138689775135715,0.0021271791515833113,2928.454,5095.645037807955,17782.519527763165,312,B0005,117,1.412578792940193,24,0.7608878881159706,8,1,1.412578792940193,0.7608878881159706,0.004163419428723314
3.491994243745711,2.68378702970616,4.196795527524874,0.23071791602007982,-1.735841378420618,-2.0178512019397976,0.6933478478788404,34.05007636985734,41.43649987692296,4.168989536988808,-6.06433805686796,2.4616683678021567,-0.00021063577334992124,0.0020173748462180827,2929.375,5077.921292417392,17739.09473877716,312,B0005,118,1.4075983731469897,24,0.7582051768100097,7,1,1.4075983731469897,0.7582051768100097,0.004093300060154048
3.491585878898649,2.660031949282934,4.189287343772767,0.23143405261797567,-1.7567879869499758,-2.017223089332264,0.6705438927885254,33.889346908026745,41.16703904201915,4.072979899996419,-6.14311797809631,2.385515289301349,-0.00021420741182084663,0.0020318707203069676,2946.031,5170.652963631379,18079.529261200158,314,B0005,119,1.4333920485221476,24,0.7720989824377315,6,1,1.4333920485221476,0.7720989824377315,-0.0020943460696058124
3.495576227046425,2.650011641082063,4.201144545237731,0.23397367076765024,-1.7573176114092575,-2.0257290511470427,0.6694688446745368,34.067648550088656,41.36216559728765,4.085856241889734,-6.153782111475772,2.3858222237474562,-0.00021936670075259663,0.0020480293298901957,2955.438,5188.1516379240675,18166.857205602988,315,B0005,120,1.4382550176792908,24,0.7747184287655713,5,1,1.4382550176792908,0.7747184287655713,-0.004165196989596565
3.4938988589692483,2.6936969083341418,4.196925753814179,0.22954405726334065,-1.742762839332656,-2.01734921830549,0.6856017380135447,33.75168100943646,41.02198772703674,4.104311380057595,-6.0938446326643545,2.4366839154784317,-0.00021225687401094662,0.001988770558983318,2937.625,5112.864958285964,17877.28162409872,313,B0005,121,1.4173547174485526,24,0.7634604477007024,4,1,1.4173547174485526,0.7634604477007024,-0.0009890977308212978
3.49159162968384,2.697073130067154,4.196901090271507,0.22932881459420568,-1.7352637407600362,-2.016959683770622,0.6933146489933393,33.46482299584788,40.78818812957494,4.144480066638334,-6.060820069577296,2.4606000679618467,-0.0002094069250129979,0.002012958830887819,2929.078,5075.538285933422,17726.50208908321,312,B0005,122,1.406981663677643,24,0.757872985240904,3,1,1.406981663677643,0.757872985240904,0.0011194258525099698
3.4885729299834787,2.6806995515145213,4.196688955833435,0.23087953878001954,-1.7344350518111926,-2.0173176445033945,0.6942236682134463,33.40210697922146,40.81506138506309,4.186006847766958,-6.052315252448759,2.461965643231031,-0.0002105091811136012,0.0020513138522571194,2918.375,5054.718495411196,17637.357007508937,311,B0005,123,1.4012037783587623,24,0.7547607178190571,2,1,1.4012037783587623,0.7547607178190571,0.0012789189576454696
3.4869021151089825,2.6695398084864568,4.196339302740304,0.23172009682163183,-1.7280392046289716,-2.0174893103299003,0.7011017090448697,33.410688917712235,40.85837421987642,4.202402162925674,-6.026433345621897,2.4843912100935417,-0.00020919526489393954,0.0020669947844470836,2919.812,5038.590093475561,17570.86473292196,311,B0005,124,1.3967008232726328,24,0.7523351936621818,1,1,1.3967008232726328,0.7523351936621818,0.007338245049902969
3.4855485210036417,2.671695307817951,4.196181412764837,0.23203689457923563,-1.7326888725308258,-2.0162082324346318,0.6961086414901655,33.38984948261314,40.839876773287166,4.223993508986,-6.040123459147749,2.4665515275587824,-0.00021205166300526985,0.0020715249784698437,2900.422,5019.022540908481,17495.43219303791,309,B0005,125,1.391284788852726,24,0.749417837821699,0,1,1.391284788852726,0.749417837821699,0.009394045765312952
3.4838912547260388,2.661289185949965,4.195770804194879,0.23259470683920802,-1.7260735249920125,-2.01785516482798,0.7028749959302109,33.3700433438796,40.85376069244676,4.228319663198284,-6.01342858947123,2.488226557789794,-0.00021024351596717048,0.0020963880241745506,2901.375,5000.723569811282,17420.421374728096,309,B0005,126,1.3862287677978349,24,0.7466944037718939,0,1,1.3862287677978349,0.7466944037718939,0.006225189930143538
3.483198941484065,2.667817533540102,4.195456241846729,0.2320093486771037,-1.7195393742714093,-2.01649929452358,0.7094441800501549,33.27215987470977,40.74795214258888,4.234132939694459,-5.987564449415911,2.5093128311623096,-0.00020824826136509386,0.0020967590736582884,2901.187,4979.889512660402,17339.022253415576,309,B0005,127,1.3804366761974138,24,0.7435744841131501,0,1,1.3804366761974138,0.7435744841131501,0.005308997496045853
3.4836274447098883,2.684008069130594,4.19654355365607,0.23099757689946665,-1.7185829844462919,-2.0162911974216766,0.7104295747135849,33.222444215660225,40.68794001196382,4.243207916713655,-5.98374515021719,2.5121851599118243,-0.00020777581087244487,0.0020778155235730775,2891.64,4961.242754059909,17272.479273334837,308,B0005,128,1.3752364150256224,24,0.740773354887346,0,1,1.3752364150256224,0.740773354887346,0.005193472666627974
3.480172442538601,2.6585256208771644,4.194357133255019,0.2328888860424913,-1.717672415155695,-2.016416530728208,0.7114589545468621,33.26207748383125,40.7810749453613,4.270669269535446,-5.975210813094258,2.5139601464124173,-0.0002094906576045405,0.002119152251375201,2882.906,4944.20241470357,17198.099068426076,307,B0005,129,1.3705128024895008,24,0.7382289732324249,0,1,1.3705128024895008,0.7382289732324249,0.005237604156626397
3.478452148610975,2.6372250579822927,4.195863681881766,0.2349115652478485,-1.7177080769362936,-2.01668335956764,0.7112700457368814,33.312029905516525,40.88159339768709,4.285594428971785,-5.9730991314525115,2.5131196409664356,-0.00020886804540115904,0.002171005525700346,2883.265,4944.129598939463,17190.9806309188,307,B0005,130,1.37050855662704,24,0.7382266861916331,0,1,1.37050855662704,0.7382266861916331,0.004155246445137184
3.4785782556105507,2.6514257735606432,4.19558455466442,0.23371613114596132,-1.7109669363015378,-2.0156447128046424,0.7178817791871309,33.25287943255863,40.81191473576834,4.288549064319252,-5.9479175612984,2.534655465066658,-0.0002090791705260066,0.0021391002537620796,2882.969,4923.35751866381,17113.957965396366,307,B0005,131,1.3647355108681518,24,0.7351170256067291,0,1,1.3647355108681518,0.7351170256067291,0.004298651385936614
3.4825195584604582,2.676384659108382,4.188483624251573,0.22996700565473227,-1.7184206130755166,-2.015672372070857,0.7104440687417272,33.745054045019884,41.11793533148924,4.196060981362628,-5.984576923701772,2.5122138173549127,-0.0002068801922794795,0.002050338830716919,2891.656,4961.724927665043,17278.60392747753,308,B0005,132,1.375392016895762,24,0.7408571700903982,0,1,1.375392016895762,0.7408571700903982,0.0010089318603303532
3.4886823636752835,2.694913850281781,4.200346502821317,0.23051665077148592,-1.7260471943596487,-2.01575998810726,0.7029280466636603,33.88841975386692,41.248795355864885,4.172985355606769,-6.0234295786267715,2.4918171363295487,-0.00021376685916337814,0.002015974570481186,2901.25,5000.311070245198,17448.576533340332,309,B0005,133,1.3861115151535393,24,0.746631245442362,0,1,1.3861115151535393,0.746631245442362,-0.002175020025583363
3.4858502383832755,2.6973343716306277,4.1981749992980655,0.22968987476178193,-1.712021613408506,-2.016014837696764,0.7169288800053295,33.7353756996425,41.16242984455477,4.220925520758633,-5.965511968059394,2.5358819421328684,-0.00020878666706403306,0.0020396506480597604,2891.703,4941.754938752434,17218.179370633574,308,B0005,134,1.369850003583894,24,0.7378719555127385,0,1,1.369850003583894,0.7378719555127385,0.00013255978112134415
3.478794177297151,2.642540259937964,4.195715092938243,0.23415766646771546,-1.711022510206629,-2.0165238233233063,0.7178849800923008,33.59131052719714,41.16437554618679,4.292879138992345,-5.950373777333641,2.535774177501581,-0.0002121215992759364,0.0021312916073106926,2883.016,4923.560829809499,17120.863367319293,307,B0005,135,1.3647827949260758,24,0.7351424952422321,0,1,1.3647827949260758,0.7351424952422321,0.0011451523401928565
3.4812826020756744,2.699226257883075,4.195755769877104,0.22962617238903854,-1.703421414006958,-2.0182163733141314,0.7252203529345469,33.32366688599416,40.86421618020504,4.2977729880449305,-5.923387280923955,2.559206832536544,-0.00020599568114014585,0.0020608917897286115,2873.453,4885.937835097458,16988.64203571531,306,B0005,136,1.3543220466259964,24,0.7295077959801873,0,1,1.3543220466259964,0.7295077959801873,0.002082692848431078
3.480352041587074,2.676480329780849,4.195911764444989,0.23135076723711012,-1.703574708739156,-2.016150778973011,0.7250143495493765,33.691961507697364,41.25434553511566,4.308684792274605,-5.924363394773578,2.559144593946009,-0.00020856496334485926,0.002084844849332844,2874.031,4887.159480356903,16994.395649634367,306,B0005,137,1.3546417018378962,24,0.7296799787853684,0,1,1.3546417018378962,0.7296799787853684,0.0041500630115731685
3.4781127815565127,2.642142168479886,4.195824004004723,0.23421513644395944,-1.7034912994217157,-2.0176181286216197,0.7251866928085958,33.887639684793655,41.45023191903855,4.288100406630046,-5.921968905110059,2.559839334082565,-0.00020997511079473463,0.002154683711104755,2874.234,4887.314831169466,16988.817438125705,306,B0005,138,1.354703921319241,24,0.7297134934112404,0,1,1.354703921319241,0.7297134934112404,0.006281518766859673
3.4765867130506134,2.644725254926797,4.196258226051591,0.234339048365845,-1.7023383270190764,-2.017297732143782,0.726300026957014,33.67308060941856,41.27708509224051,4.3052968556355395,-5.913720182964038,2.5617871032669677,-0.00021004644267444853,0.0021521531055809866,2864.984,4867.926689747696,16908.888230577813,305,B0005,139,1.349314997503458,24,0.7268107407422197,0,1,1.349314997503458,0.7268107407422197,0.004107001216087225
3.4733769291841643,2.632270655366611,4.196612664794988,0.23574646332423185,-1.7014238498912502,-2.017223266913469,0.7272134622451198,33.411988203265814,41.06460515498328,4.343168774264049,-5.90385411541836,2.5627038776900215,-0.00021089338001120252,0.0021939269508957117,2855.093,4849.457152832036,16826.37419567749,304,B0005,140,1.3441891937970554,24,0.7240497181525037,0,1,1.3441891937970554,0.7240497181525037,0.004118720225804085
3.4726366397371127,2.639100611887612,4.195850781215982,0.23483898171754727,-1.6950436046971957,-2.0197342717689364,0.7333519547642081,33.29926524979532,40.99284868101728,4.376203061199199,-5.878356501301556,2.5817703893850394,-0.00020858679545798466,0.002190714594963226,2855.625,4830.887373809255,16751.615936725728,304,B0005,141,1.3389913790695755,24,0.7212499067079483,0,1,1.3389913790695755,0.7212499067079483,0.0030661335112841747
3.473439372740961,2.637841830893275,4.196002392961924,0.23479831383576488,-1.695057731610264,-2.016896104476736,0.7335626760276208,33.59980731390034,41.29040553417739,4.38509807605157,-5.880942982364209,2.5835262780207247,-0.00021091521423804727,0.002173797441731187,2855.594,4830.510661017688,16757.592346737387,304,B0005,142,1.3389145230206971,24,0.7212085080709221,0,1,1.3389145230206971,0.7212085080709221,0.003145435763439819
3.4754777099091454,2.668286095904868,4.196207586734141,0.23268564565922872,-1.6937809113323188,-2.0199925086996786,0.7343985203891996,33.61961195858585,41.22740227746052,4.3315046908749135,-5.878306181998646,2.5864647186136374,-0.00020792494185400848,0.0021328335077220604,2847.437,4812.767602694394,16701.060173789403,303,B0005,143,1.3340066759761655,24,0.7185648881952922,0,1,1.3340066759761655,0.7185648881952922,0.004139449068615075
3.4722884821666766,2.649019812683856,4.195534582569042,0.23410417256729069,-1.6869434054016965,-2.016745074407458,0.7406453707024624,33.3945201718652,41.04619550953222,4.355772728473297,-5.847727851498094,2.605339398455098,-0.00020788663745072733,0.0021668820387617366,2847.36,4793.5357357984085,16615.055783969154,303,B0005,144,1.3286444309174914,24,0.7156765060826297,0,1,1.3286444309174914,0.7156765060826297,0.004134113317193311
3.471373665098864,2.664058512378051,4.1957439573980455,0.23334669694409096,-1.6860649112944588,-2.0163628111205263,0.7415168583920652,33.16734508187535,40.85874389007758,4.389640806041505,-5.84081213089741,2.6064238096940366,-0.00020625415910312185,0.002165472094778123,2837.328,4773.962967438831,16536.23252148846,302,B0005,145,1.323170899227622,24,0.712728179243196,0,1,1.323170899227622,0.712728179243196,0.004203658913886655
3.4726160162875095,2.6883611693898826,4.19586805747139,0.23133000116148006,-1.6795829780331426,-2.016212123867104,0.7474505249209339,33.10962161613893,40.79196924883506,4.412543779229311,-5.818009521763935,2.625761876501745,-0.00020275880342586185,0.0021313707795465216,2837.281,4755.921387155593,16473.14543395238,302,B0005,146,1.3181691588445197,24,0.7100339835664495,0,1,1.3181691588445197,0.7100339835664495,0.004164444045011173
3.4738146874457896,2.6869753836302124,4.195347750909715,0.23107179563833466,-1.679793840292355,-2.0168197393548124,0.7476125202754746,33.46501751186519,41.14127834456325,4.41399055456936,-5.822165119671534,2.6277833432616404,-0.00020615968467624935,0.002102857726250602,2838.515,4757.259710458238,16486.7345972917,302,B0005,147,1.3184664436640334,24,0.7101941165230105,0,1,1.3184664436640334,0.7101941165230105,0.004089615871332742
3.4701426486639693,2.6507536817766586,4.196065828878837,0.23433499047226855,-1.6851739865098712,-2.0187637742643867,0.7426401126844396,33.442619101404404,41.14429319149828,4.405907457499604,-5.836757529627938,2.6100627427949523,-0.00020895901175528052,0.0021764650824235973,2828.328,4756.404935926874,16472.672579174014,301,B0005,148,1.318293040102702,24,0.7101007124097442,0,1,1.318293040102702,0.7101007124097442,0.0031427271746927053
3.467523652225441,2.664632278910652,4.184534803011309,0.22993104314578544,-1.6863812036302581,-2.016191969154752,0.7416010886402904,33.037928170775885,40.66184230912503,4.3789362177664595,-5.8371680262356325,2.603502961778476,-0.0002064147879062571,0.0021297517720076206,2838.265,4776.429399871797,16530.905257126356,302,B0005,149,1.323872422244268,24,0.7131060557689289,0,1,1.323872422244268,0.7131060557689289,0.0009544017346446943
3.4767525840839255,2.6400211837268666,4.201240476440081,0.23540364113204323,-1.715777469309528,-2.021651287065962,0.7135712492118176,33.4949493613756,41.04669454497069,4.298521877619113,-5.96581650651625,2.521049089868403,-0.00021781175191861097,0.0021422022396552108,2864.547,4906.756984664731,17059.017419795215,305,B0005,150,1.3601216766554785,24,0.7326317762261327,0,1,1.3601216766554785,0.7326317762261327,-0.0073901554855712705
3.4758956827369127,2.674198661305034,4.195703567262997,0.2314145023564493,-1.7007216920098716,-2.017592416950431,0.7281444869556636,33.491363029025784,41.0462053156659,4.320694493018863,-5.906265296404797,2.566383857942009,-0.00021003527749667458,0.002104507397939506,2846.39,4832.893772710282,16781.203677625068,303,B0005,151,1.3395306867947354,24,0.7215404057003532,0,1,1.3395306867947354,0.7215404057003532,-0.004272305590043146
3.475812179626641,2.696427051131168,4.195744519551191,0.22982866330880042,-1.6928138295817332,-2.0171105982760715,0.7355491829025723,33.329808599922345,40.8683026432256,4.3265778248452476,-5.87473468538372,2.5894692274558997,-0.00020632291081308632,0.0020888593767873958,2837.969,4794.921903245598,16638.034394093505,302,B0005,152,1.3290286565120697,24,0.7158834698305494,0,1,1.3290286565120697,0.7158834698305494,-0.0021124425696072537
3.4746554404904435,2.692834029769684,4.196363050482315,0.23034104902999514,-1.6861104874993165,-2.0165753451036377,0.7415448385525264,33.27302769298771,40.85283588259973,4.342373783875506,-5.847558337435417,2.608449411071257,-0.00020641073497570334,0.0021015325653908853,2838.156,4775.774446666428,16560.358120130113,302,B0005,153,1.3236741274998955,24,0.7129992439790139,0,1,1.3236741274998955,0.7129992439790139,-0.0010762174794387124
3.472301781313945,2.681747855329962,4.1957929878569455,0.23135728351469487,-1.685043785043406,-2.0157688095228656,0.7425021379234664,33.229879126701434,40.85270645265791,4.372506036726199,-5.8391516135522075,2.609809114591813,-0.00020826239402555835,0.0021146798181106226,2829.843,4757.684695893613,16484.07222796202,301,B0005,154,1.318633896753293,24,0.7102843154047167,0,1,1.318633896753293,0.7102843154047167,0.0010477050981950065
3.4729305773503527,2.696791414385091,4.195797286482793,0.23009227143713634,-1.678524839793589,-2.016274841649268,0.7485063258578094,33.20860833999321,40.8263251809212,4.375591656512412,-5.815212459954764,2.6292909534672626,-0.00020770480991825534,0.002083838885788287,2829.625,4739.136236592085,16416.585883924556,301,B0005,155,1.3134751321324272,24,0.7075055383642602,0,1,1.3134751321324272,0.7075055383642602,0.009329308904610256
3.4696192030612285,2.664695973142795,4.196349384378125,0.23314646442584397,-1.6839115230941766,-2.016821101865832,0.7436617614037866,33.236115055926255,40.90308836809665,4.397428370935168,-5.830320735432027,2.612317777627964,-0.00020751501740605126,0.0021743870694470565,2819.437,4737.946252417637,16402.163257761593,300,B0005,156,1.3132020634442203,24,0.7073584494666222,0,1,1.3132020634442203,0.7073584494666222,0.005265724670103023
3.470018470757559,2.679191623358613,4.195609431921248,0.23190105437347439,-1.6773783325850857,-2.01659334421236,0.749467869640777,33.18660088296571,40.84337405460518,4.3975602464184975,-5.806035256001106,2.630885520538822,-0.0002073080493727381,0.00213832335099985,2819.579,4718.738525788061,16330.99452477868,300,B0005,157,1.3077959946944353,24,0.7044464616507271,0,1,1.3077959946944353,0.7044464616507271,0.004246532363526878
3.470762691935286,2.699983457940659,4.195339917236225,0.23041567165870694,-1.676425373206175,-2.018075144841628,0.7504749213693337,33.174058099115534,40.81792110626284,4.403923127546659,-5.802460343763663,2.6337160426487634,-0.00020318108048596807,0.0021208841665275387,2810.672,4701.480380710122,16270.725979427913,299,B0005,158,1.3030329186405918,24,0.7018808229071345,0,1,1.3030329186405918,0.7018808229071345,0.004128241771860752
3.468111467035994,2.666300786624286,4.19540205700612,0.232919708838876,-1.67627880896028,-2.018091528339797,0.7506572509412427,33.253984518546055,40.94699384765951,4.4204604450448715,-5.799046022453497,2.6337992544729563,-0.00020685200170246382,0.0021738275973325126,2811.485,4702.559649083358,16265.998502579496,299,B0005,159,1.3033573559038203,24,0.7020555815721221,0,1,1.3033573559038203,0.7020555815721221,0.0030553081698945217
3.4648625780221494,2.630850137384784,4.195685302232799,0.2358919511891503,-1.6817992883033976,-2.0177167019715503,0.7455663662944304,33.3198093248819,41.07493805830632,4.448685891734653,-5.814871931572873,2.615930297495008,-0.00020913924338583243,0.002240584574521135,2802.422,4702.762520116509,16256.558225259136,298,B0005,160,1.3034100438655642,24,0.7020839620292979,0,1,1.3034100438655642,0.7020839620292979,0.002013017653372584
3.467864133752208,2.673348140468748,4.195561297751176,0.23263190858264066,-1.6750812261110137,-2.0160479224870884,0.7514866168761039,33.33765795318199,41.02476444658572,4.4180440266599135,-5.793625454621986,2.6360268716924247,-0.000206624178301765,0.0021688187248749312,2801.625,4682.987429394197,16194.297601944949,298,B0005,161,1.2978870806495706,24,0.6991090088170862,0,1,1.2978870806495706,0.6991090088170862,0.0030629965589299424
3.464021404592563,2.632763831012711,4.196066962029683,0.23584682860658687,-1.675366426273468,-2.017067096348242,0.7513142100782045,33.29076744042025,41.06214198725253,4.452871364364479,-5.78930500020867,2.634130444223227,-0.00020771518841146986,0.0022429280747624757,2802.031,4683.823551225419,16182.331904506165,298,B0005,162,1.2980735056918902,24,0.6992094269724849,0,1,1.2980735056918902,0.6992094269724849,0.0019444978005090264
3.4664623858156745,2.6687371180046218,4.196640912532072,0.23332688158658493,-1.6744879201095209,-2.018208092691312,0.7524291600776425,33.27568841807217,40.98366325567302,4.439765181523401,-5.788382898978216,2.6378170020389833,-0.00020646772832155668,0.002193144222976409,2793.39,4667.23051935845,16130.113779076099,297,B0005,163,1.293463613844243,24,0.6967263011532884,0,1,1.293463613844243,0.6967263011532884,0.0019138609592697531
3.46850906693551,2.696396337945361,4.1956235749123225,0.23101301888377165,-1.6674467270234996,-2.018933300007017,0.7584698210792726,33.32067807371405,40.98234242711097,4.41924833390441,-5.765040058958773,2.658089741320075,-0.00020403681730602692,0.0021374868693476343,2793.39,4647.447749474316,16065.221541699433,297,B0005,164,1.288003392619118,24,0.6937851440175623,0,1,1.288003392619118,0.6937851440175623,0.0030707926569404796
3.466806213058136,2.6794834862925194,4.195862008850563,0.2324429767597101,-1.6674702882406252,-2.023790681896976,0.7586689544577084,33.37314972896719,41.06375085817118,4.432728785638637,-5.762875601406913,2.6583269973107515,-0.00020745577313119467,0.0021600512871582283,2792.485,4645.407419016328,16052.237902618494,297,B0005,165,1.2874525221379407,24,0.6934884167276276,0,1,1.2874525221379407,0.6934884167276276,0.0031915043455247095
3.4710707220080397,2.6787137407179737,4.18482689434833,0.2297938191642851,-1.6888978346592105,-2.017308526034403,0.739392013708175,33.71351889594897,41.047029587744966,4.153195340111811,-5.854856500547223,2.599681410088592,-0.00020812974407743122,0.0021116563182846447,2802.016,4722.850988782056,16369.639110271826,298,B0005,166,1.3090153642307354,24,0.705103277055252,0,1,1.3090153642307354,0.705103277055252,-0.00222565671623296
3.475472204020004,2.655378369801326,4.201968615940368,0.2355928568279962,-1.6979281889133206,-2.017696449416675,0.7314040443688112,33.86531768239223,41.051007697556734,4.009191205685926,-5.896972123475686,2.5793001823075565,-0.0002155376213390886,0.0021563676525116825,2820.39,4780.745609628384,16600.365096251924,300,B0005,167,1.3250793286429356,24,0.7137561578838875,0,1,1.3250793286429356,0.7137561578838875,-0.005401164590209095
3.556946061827572,2.4757677568281857,4.179823027658306,0.22601932109758416,-1.990533350635129,-2.015537581193984,0.2014980448792201,32.14277785992152,39.16298653238707,3.451687979574476,-7.067488763241888,0.8378018434576696,-0.00046461812995992306,0.0011534674580023093,3690.234,7368.130071471565,26134.317624072988,197,B0006,0,2.035337591005598,24,1.0,69,0,2.035337591005598,1.0,-0.0
3.56147580138708,2.35152551190002,4.177288238505559,0.23141504289722922,-1.9902775421457088,-2.0149020169266376,0.20190927841546724,32.29307515705474,39.2462026826329,3.3954199016861684,-7.075725020990671,0.8461766009302278,-0.0005021979645150627,0.0013667531518130286,3672.344,7331.636617760897,26040.486998809352,196,B0006,1,2.025140246031412,24,0.9949898508143076,68,0,2.025140246031412,0.9949898508143076,0.010197344974185896
3.5667524696413215,2.440479715106544,4.1781213228923,0.22354896090021636,-1.9899467848963859,-2.014434345552428,0.20247271551126877,32.24414709253608,38.999202460252846,3.3498112511075084,-7.085082722336855,0.8404379082652286,-0.00048452528557017403,0.0013229546003097597,3651.641,7289.02559683981,25928.702102303723,195,B0006,2,2.013326371345464,24,0.9891854698908897,67,0,2.013326371345464,0.9891854698908897,0.011005609830067042
3.5687953371516272,2.479155853900392,4.1785623580417175,0.2209790874208208,-1.9896009282099438,-2.0142051662535234,0.202976043273228,32.14711742429942,38.84362777186652,3.34097552798371,-7.087867284648122,0.839456888153485,-0.0004765416700905159,0.0012818408399938987,3631.563,7247.831878694313,25797.119830706113,194,B0006,3,2.0132846655407413,24,0.9891649790372313,66,0,2.0132846655407413,0.9891649790372313,0.007350975154952237
3.563970503289941,2.280187848173442,4.17824995156942,0.23503509475204634,-1.9895483606575701,-2.013995769332238,0.2027939059818594,32.06687277315468,38.97798888258284,3.3357336287305133,-7.077946303501669,0.8527741643175609,-0.00053293244073754,0.0015483890840048032,3629.172,7242.962803514927,25746.57223025385,194,B0006,4,2.000528337624771,24,0.9828975529491258,65,0,2.000528337624771,0.9828975529491258,0.00870231334520677
3.5735512387791406,2.4392842568466446,4.193216523251186,0.22547907676393128,-1.9901040351037365,-2.0151519685741275,0.20229538316156592,32.03447836207717,38.83989920742278,3.4066857624064704,-7.098988443927815,0.8426409107887383,-0.0004909333182727196,0.0013704370643646136,3652.281,7290.988439028064,25983.49164816477,195,B0006,5,2.0138990759931645,24,0.989466850557287,64,0,2.0138990759931645,0.989466850557287,0.0042877030024866866
3.571139134378589,2.2812068449406446,4.193732603145628,0.23597006551615482,-1.9900886222380374,-2.0145081864690626,0.20215665889240747,32.11157496697371,39.04610837498471,3.418111771999715,-7.094038427487726,0.8528350190837057,-0.0005373262958111804,0.001611695931753061,3650.828,7288.144204460632,25957.13990446089,195,B0006,6,2.013101105626967,24,0.98907479256665,63,0,2.013101105626967,0.98907479256665,0.0024078280808890185
3.5681507462163036,2.366410527029613,4.176826628115461,0.2269030060742155,-1.9891170520197212,-2.0146816699579064,0.2044815234039152,32.112576242471775,38.87507521022778,3.3614891247440997,-7.084679611590894,0.8500433330689652,-0.0005221789172405685,0.001538160100591291,3572.453,7128.6069100560035,25371.10977476459,191,B0006,7,1.96878982627284,24,0.9673038197560736,62,0,1.96878982627284,0.9673038197560736,0.008907309014524767
3.5692834155812436,2.436020049578708,4.176369138969733,0.2225588245195615,-1.9892116643905464,-2.015071955488147,0.2046990658224279,32.03566207329278,38.7260539826455,3.362500656558476,-7.087269461827753,0.8462327595418393,-0.0005040837435694782,0.001432949626670147,3550.594,7085.398235160329,25224.944309962804,190,B0006,8,1.9681661764334244,24,0.9669974087497759,61,0,1.9681661764334244,0.9669974087497759,0.009023697821463372
3.563388513484579,2.1864377487643725,4.176897989902666,0.24025262256048355,-1.989191243247005,-2.0155176072270926,0.20487136240289794,31.99527968872302,38.98629728904917,3.3855785891027317,-7.075320253959988,0.8649440097741835,-0.0005760134541876647,0.0017856222124739735,3551.25,7086.68118362126,25189.300183572494,190,B0006,9,1.9572307917560536,24,0.9616246466459876,60,0,1.9572307917560536,0.9616246466459876,0.008659509173743451
3.566658719765511,2.3406023605912454,4.177579509962451,0.2287529216435241,-1.9891317699701738,-2.014079047237871,0.2054573708045249,31.874127571841353,38.65978861919643,3.3793205188021544,-7.0815828863468475,0.8544956749563478,-0.0005388718349838764,0.0016273635356806938,3530.25,7044.687553431671,25063.314648076273,189,B0006,10,1.9455991514129352,24,0.9559098009149796,59,0,1.9455991514129352,0.9559098009149796,0.013659984916045875
3.5687035970122842,2.4263021374140443,4.177996110793395,0.2245021597962224,-1.9887805507702205,-2.0134697854511865,0.20658439837520928,32.120959708576166,38.84979195732924,3.3808182139223475,-7.0843103756639385,0.8538727496417082,-0.0005177686968588978,0.0014810323058795127,3491.016,6965.101816142807,24793.699327544913,187,B0006,11,1.934750504484113,24,0.9505796547137971,58,0,1.934750504484113,0.9505796547137971,0.015670120228570818
3.569207084156356,2.475369770000704,4.176316409477926,0.22161053340015754,-1.9887320866401275,-2.0148749194363664,0.20729429121144527,32.11021168908644,38.75128344015104,3.3388085030048726,-7.08508188404556,0.8530176417034043,-0.0005050816046169384,0.0014017517611317506,3470.281,6923.80783417249,24650.477454519227,186,B0006,12,1.9232799539368028,24,0.9449439554578114,57,0,1.9232799539368028,0.9449439554578114,0.009101974467207442
3.5659271296109383,2.342364523655007,4.177992455010172,0.22991046226842987,-1.9887200290368634,-2.0144081790374893,0.20720696558261123,31.989061278918154,38.76853764058789,3.374254229146447,-7.078364100110357,0.8603982489948881,-0.0005490067391956412,0.0016575912024327892,3470.0,6923.310652609629,24626.569238764285,186,B0006,13,1.911889930948487,24,0.939347820920401,56,0,1.911889930948487,0.939347820920401,0.011255249096987496
3.5612417270649486,2.188400081882664,4.177439981618572,0.24035876978340462,-1.9887874042287874,-2.014472686005532,0.2076990497369646,31.878814448635442,38.84686112344348,3.409425381764851,-7.069193417490819,0.8727559748397508,-0.0005993874765842847,0.0019119559951893486,3450.297,6884.293590031761,24457.656461782706,185,B0006,14,1.9010667141979305,24,0.9340301690486008,55,0,1.9010667141979305,0.9340301690486008,0.011232815511624628
3.557881987836072,2.1206980945954057,4.17561570814845,0.24452370921534203,-1.9885910895930397,-2.0146756268214814,0.20803603116200292,31.767450711024402,38.8658897816528,3.442042131356067,-7.061758342653269,0.8778651896607337,-0.0006237764819337693,0.002040868668673362,3429.407,6841.704109259523,24284.50173559979,184,B0006,15,1.8891989948061456,24,0.9281993331989462,54,0,1.8891989948061456,0.9281993331989462,0.011280031321357908
3.56282437243777,2.369981457799298,4.177602520456299,0.22899254958827595,-1.9884892463229662,-2.015931347705288,0.20896148657331484,31.78991634963658,38.647578733807656,3.4218510147625074,-7.071147643113788,0.864450772757174,-0.0005521615356112807,0.0016472185947928283,3409.484,6801.990667568858,24175.541844621235,183,B0006,16,1.878278372248849,24,0.9228338240050139,53,0,1.878278372248849,0.9228338240050139,0.011294426447052785
3.5591953280168633,2.247991649924625,4.176354539745044,0.2362539061879907,-1.9883474274444874,-2.01432419683381,0.20936627777425315,31.82883467218067,38.79218188173866,3.438861518594519,-7.063285782357355,0.8725109680163187,-0.0005957428323460832,0.0018987165116813426,3390.422,6763.534505359759,24015.611330430736,182,B0006,17,1.8675697161520208,24,0.9175724579573612,52,0,1.8675697161520208,0.9175724579573612,0.011142047556956403
3.5580906165580983,2.4115317107898875,4.177450270459645,0.23248821605250244,-1.9774549866256104,-2.015920256743369,0.2555143974441181,31.890449470827843,38.77022223929529,3.452471732465585,-7.029710976839012,1.0077446825929148,-0.00030706634503255005,0.0021469595932058503,3390.281,6743.573942511948,23936.968474407848,182,B0006,18,1.8675892574453767,24,0.9175820589657847,51,0,1.8675892574453767,0.9175820589657847,0.008860134700622035
3.565899462157853,2.203355846859377,4.174584178175673,0.2366643556634364,-1.9892347833261184,-2.0202081897757225,0.20388604102481026,31.51177053595285,37.54320599748628,3.103623335557848,-7.0806238156779955,0.8580710134142742,-0.0005679065217365858,0.0018248717059372922,3591.734,7167.418665527581,25494.04081792727,192,B0006,19,1.979626548250818,24,0.9726281070025072,50,0,1.979626548250818,0.9726281070025072,-0.015711966810577495
3.570814209348872,2.35887751155593,4.175224020262452,0.22578171830729027,-1.9890474874073771,-2.014116181004981,0.2051049765214555,31.874488497680712,37.90362577530197,3.1350663437202995,-7.089696758193143,0.8510058081155429,-0.0005297934010897659,0.0016310576635375838,3552.297,7088.164932811294,25246.57769462293,190,B0006,20,1.9575499080884025,24,0.9617814345585968,49,0,1.9575499080884025,0.9617814345585968,-0.013670182656451368
3.5666817833633124,2.218672914041916,4.177217300859919,0.23460941833641033,-1.988682950523383,-2.014039356997488,0.2054837524109853,31.53911453638972,37.6701605139887,3.138126195627413,-7.080025726337352,0.8609583361105136,-0.0005800659961906387,0.0019251781591635385,3531.578,7045.570109297021,25068.689327119566,189,B0006,21,1.9458150170787551,24,0.956015859814876,48,0,1.9458150170787551,0.956015859814876,-0.013507328965981235
3.5668392745025836,2.339723057947995,4.176681511062203,0.22757210375891027,-1.9885447318884861,-2.014851230713757,0.20672257429749546,31.220866832188786,37.34166959188387,3.158169521103049,-7.07970707490363,0.8570544631943333,-0.0005472177614330036,0.0017057333419485243,3492.907,6968.186992945557,24792.436211158572,187,B0006,22,1.9242461121680092,24,0.9454186473396279,47,0,1.9242461121680092,0.9454186473396279,-0.01133527920319768
3.5710519693928755,2.399750820894273,4.190384318239257,0.22747354651355797,-1.9885639445355097,-2.013606338093071,0.205949863235092,31.119005145018026,37.28979017254232,3.191016881727366,-7.088060246329271,0.8551146766494916,-0.0005287737996071488,0.0015782082314415749,3511.594,7005.53207931179,24952.7232906778,188,B0006,23,1.945981133142164,24,0.9560974757905957,46,0,1.945981133142164,0.9560974757905957,-0.015678375139357437
3.5666308474029793,2.491410879472442,4.176973413125379,0.22068728350290212,-1.9880563928902786,-2.014324216253238,0.2082194776973129,31.033244078156734,37.16794481484507,3.1782747530407116,-7.077295102382431,0.8537227936094575,-0.000507106845335756,0.0014025712917064054,3431.9370000000054,6845.068549991087,24352.45036239957,184,B0006,24,1.901407930553079,24,0.9341978151219875,45,0,1.901407930553079,0.9341978151219875,0.015643723539547773
3.5527392240854914,2.1387303309558976,4.173452155236546,0.24761140866112302,-1.9772969675547487,-2.0138293357975146,0.254357010276143,31.001249222460967,37.51577848501052,3.2517471075044155,-7.019807150741279,1.0159235798935111,-0.00031451578398511865,0.002808976670598524,3431.125,6823.827735577319,24186.311646004935,184,B0006,25,1.878674213680085,24,0.923028308415357,44,0,1.878674213680085,0.923028308415357,0.015775138881663507
3.5560959755046615,2.346064498302046,4.1764585468168685,0.23504747924467745,-1.9771693646864965,-2.022139165928567,0.25515829145991487,30.92143474404136,37.24165964092258,3.2514088568578026,-7.025238140462671,1.0079329444325775,-0.0003164491136665349,0.0022313748294319545,3412.406,6786.503099631428,24076.81960696442,183,B0006,26,1.8683061328264217,24,0.9179342734506017,43,0,1.8683061328264217,0.9179342734506017,0.015501776850466697
3.5504500858303394,2.327337743316428,4.17626102066065,0.24060676598781225,-1.9660385076397233,-2.019521715890847,0.2937138458930206,30.929360248207214,37.27233216178077,3.2941943415901576,-6.981305564021088,1.1332598513859913,-0.0003478749875802481,0.0017701908305214125,3410.688,6741.980898647717,23904.306722669025,183,B0006,27,1.8560244070083,24,0.9119000283836428,42,0,1.8560244070083,0.9119000283836428,0.013644341031941832
3.546007083640312,2.486311723336632,4.172855540858831,0.23544926884929748,-1.9445990482746272,-2.0145859231710013,0.35770783733733696,31.00810965793079,37.2071345030198,3.3410321310008375,-6.906060721251631,1.3392241953046136,-0.00031146020260393716,0.001514028289257982,3410.718,6662.970598893141,23629.570549318414,183,B0006,28,1.8451997961855775,24,0.9065816915777204,41,0,1.8451997961855775,0.9065816915777204,0.020156267391317283
3.554257954720065,2.292166351092089,4.188187801734904,0.2427128625572548,-1.9769156942357176,-2.01454229289152,0.25589338077612045,30.96779499306422,37.49607769896255,3.31669361949765,-7.02057690072881,1.0165876618459102,-0.00032226134594688926,0.0023904166945605287,3392.719,6746.670579589372,23922.11052112064,182,B0006,29,1.857228890885317,24,0.9124918141799352,40,0,1.857228890885317,0.9124918141799352,0.008835807933552431
3.555857469677978,2.434300686181212,4.189991619197343,0.22078536256948547,-1.9997552547832569,-2.015096988943597,0.14700435354987934,31.10097217303459,37.25007396118109,3.2531629586518047,-7.103982262993157,0.6788555860622176,-0.0005133488497319051,0.0015293684919924894,3470.672,6948.981192762118,24691.472399947997,371,B0006,30,1.9247760889090637,24,0.9456790349742868,39,0,1.9247760889090637,0.9456790349742868,-0.009220375045795759
3.5537306734803207,2.472619908000758,4.186982490201218,0.22368965836687763,-1.9884344406296768,-2.0246589334484746,0.209014782232079,31.307368922041046,37.39699052067588,3.156544785963643,-7.066748391176469,0.8574896443459901,-0.00035708812972562546,0.0018975147662830209,3414.109,6805.351838144611,24182.248621858576,365,B0006,31,1.8822317526092551,24,0.9247761948322795,38,0,1.8822317526092551,0.9247761948322795,-0.002785123956566693
3.5452650003621513,2.403422072720937,4.186483106541616,0.23215332099258618,-1.977131099996694,-2.014540253971324,0.25597312110332004,31.131339987164562,37.2852066420257,3.2111654279221145,-7.016478916584418,1.0078594010936457,-0.00034973824449270575,0.0020780027064889175,3395.219,6727.335690679565,23871.75705114349,363,B0006,32,1.855276687885587,24,0.9115326597829658,37,0,1.855276687885587,0.9115326597829658,0.0001495438245425973
3.538408778928339,2.4006679782182205,4.187721936001791,0.23624667070508096,-1.965705768920947,-2.01409107585058,0.29518219456583883,30.828713779105055,37.080390421974414,3.273173572550457,-6.968002954714819,1.1346217798019704,-0.00033315776898973197,0.002135352454421585,3386.0,6669.469332738396,23639.83364454637,362,B0006,33,1.839250891718188,24,0.9036588818710268,36,0,1.839250891718188,0.9036588818710268,0.0011897808934778985
3.5297688311332673,2.3194299432177345,4.184171356892756,0.2439099480182485,-1.9542494702422435,-2.0132183154407977,0.3301024928060525,30.761533072057244,36.98024266357476,3.26325912224477,-6.916401267861148,1.2510039588070851,-0.00032763996641277724,0.002354698668825143,3368.187,6594.6931533720535,23338.486083455682,360,B0006,34,1.8185396073994429,24,0.8934830346748316,35,0,1.8185396073994429,0.8934830346748316,0.0077378566971748166
3.5300676840423306,2.340173173498008,4.186779863144672,0.244307450843308,-1.9490605727432448,-2.014277570695985,0.3456683188151143,31.303056929415803,37.59874124546701,3.3257051599027356,-6.9009225189326875,1.3027895000507819,-0.0003208795236147128,0.0022983424792938165,3368.266,6576.78072825552,23284.754003896567,360,B0006,35,1.8134770059567056,24,0.8909956824708977,34,0,1.8134770059567056,0.8909956824708977,0.022259816590471625
3.5248882875629555,2.382960351080877,4.186482965601712,0.24375960384087478,-1.9373547119632697,-2.014866249205715,0.3750698159946979,31.06432144678013,37.33680914521836,3.3542974150774905,-6.852817260852315,1.3988798221747192,-0.0003086476242392927,0.0022037951957761554,3358.719,6517.877130066296,23053.859151002056,359,B0006,36,1.7971018450305436,24,0.8829502550201761,33,0,1.7971018450305436,0.8829502550201761,0.017025981515742306
3.5190926887152725,2.351855540704836,4.184741677172267,0.2466646374551047,-1.9312604088713479,-2.014036681172477,0.38980058555195723,30.96654665282149,37.39499820465976,3.4007883405434325,-6.82225601988443,1.4478203031405499,-0.00030894976564965846,0.0022769597146674,3339.5,6460.028102051115,22819.502846660303,357,B0006,37,1.7810046294120476,24,0.8750413873759919,32,0,1.7810046294120476,0.8750413873759919,0.014854411694707892
3.5151810230271,2.3535104841115886,4.186114015167315,0.24783168845894557,-1.925413982519257,-2.013562007420154,0.4032503267568939,30.826455697992966,37.35233964342659,3.473951745369301,-6.795263517318864,1.4926887805820894,-0.0003008493523102817,0.0023122765040854984,3331.265,6424.045648549874,22671.38099219033,356,B0006,38,1.7710130422682329,24,0.8701323309187394,31,0,1.7710130422682329,0.8701323309187394,0.013647569889991029
3.514029112834162,2.3948058223938364,4.186378094589789,0.24620396352215285,-1.9198444871883995,-2.0146073733834746,0.4166720426682412,31.080769482413952,37.58677381866742,3.524616662385745,-6.774250370810631,1.5367217312173143,-0.0002977878791187097,0.0022046199475417414,3321.188,6385.416041960896,22531.462683945734,355,B0006,39,1.7604712448170945,24,0.8649529456915791,30,0,1.7604712448170945,0.8649529456915791,0.011613672516469675
3.514139684003936,2.4418858444380294,4.185742966026202,0.24380262902937214,-1.9087331589392134,-2.0156412315711094,0.4405439902279281,31.69428781742534,38.20704456989348,3.541321887482378,-6.737700534280035,1.616626146813212,-0.0002858959452085378,0.0021209466434033227,3321.844,6348.75190061299,22410.774998608707,355,B0006,40,1.7502913788006589,24,0.8599513842496731,29,0,1.7502913788006589,0.8599513842496731,0.01263712543120934
3.509578354212467,2.391848815367812,4.18499542353586,0.2482268101265913,-1.90276801874341,-2.014135597110891,0.4523465874192101,31.875581783696685,38.340431886092745,3.5260807752049352,-6.710345960165261,1.6574070293126353,-0.00028666803034127654,0.0022465265299958857,3311.828,6309.800753950669,22252.862274499006,354,B0006,41,1.7394925037732578,24,0.8546456919285944,28,0,1.7394925037732578,0.8546456919285944,0.011521868251457157
3.5110708693292705,2.3166154227865463,4.175622772952551,0.2572766067465748,-1.9093247566511207,-2.013918427729744,0.43888773455084645,31.543288143901563,38.521539672721865,3.634659703403752,-6.72402670655689,1.61330796617238,-0.00029067562518412946,0.0019083109806861949,3327.391,6376.56078713983,22424.487499538795,179,B0006,42,1.7546766553637203,24,0.8621059538809914,27,0,1.7546766553637203,0.8621059538809914,0.005265594809665463
3.5159179315855056,2.4110989960643794,4.191704957733779,0.24598521855518193,-1.930637216793332,-2.0164764928559697,0.3913947338973055,31.420983409991024,38.03707160241571,3.5081719161772025,-6.81125305526047,1.4529312205339926,-0.0002994411641603509,0.002182799446247831,3312.078,6405.6550752726125,22598.10901549803,354,B0006,43,1.7659390941842177,24,0.8676394038945261,26,0,1.7659390941842177,0.8676394038945261,0.0010147896168030356
3.50585340727078,2.4510125175432287,4.185468369564667,0.2443116740829718,-1.907114151507875,-2.014424639912736,0.4422052936741676,31.15837149963786,37.9342856877206,3.6256374299154595,-6.713778455756915,1.6197916636908267,-0.0002810010675000307,0.0021353977576878407,3293.172,6289.298765940189,22140.714777418732,352,B0006,44,1.7337887419624838,24,0.8518433254632082,25,0,1.7337887419624838,0.8518433254632082,0.005336500570922142
3.5010379345914444,2.471216186082459,4.184201889006967,0.2435154606775506,-1.8953541357988335,-2.013684034338365,0.4660772511913581,31.156614216998822,37.88470784051604,3.66886365748169,-6.664906776323301,1.6986169240682245,-0.0002748615135700052,0.002095077763946687,3275.328,6215.592468463048,21856.44320657815,350,B0006,45,1.713325912040734,24,0.8417895486292435,24,0,1.713325912040734,0.8417895486292435,0.00739309335198497
3.4974076626364967,2.470968641396993,4.185838836583766,0.24459591902905922,-1.8892713805954209,-2.015243276008703,0.4777097893062262,31.206611383963256,38.065368726791895,3.719915578953458,-6.637274357492013,1.7372426030954773,-0.0002718287671841518,0.0021117187032146253,3265.016,6176.241670407527,21698.255647109345,349,B0006,46,1.7024077813673466,24,0.8364252637451849,23,0,1.7024077813673466,0.8364252637451849,0.007416944481182242
3.5388872766749144,2.4288023941361625,4.1729165619005535,0.2309867758956905,-1.9819359924929794,-2.014822027548639,0.23645151610760437,33.61169282822636,39.788440481350335,3.154396442141882,-7.01777687133984,0.9447517753441957,-0.0003620660232053181,0.002009803930950307,3328.937,6613.266300364781,23414.829879022822,356,B0006,47,1.82371946178183,24,0.8960279954741002,22,0,1.82371946178183,0.8960279954741002,-0.013808561283621934
3.5327430295356828,2.3551430866643166,4.186982012423103,0.2418018875756492,-1.9653277079992455,-2.014147642384201,0.2976263378401198,32.85630077141311,39.21290317800791,3.301433854944492,-6.956189450442393,1.1449383520710337,-0.00034357028412689944,0.0022502257066049475,3329.266,6557.63107002958,23208.494733960826,356,B0006,48,1.8081284050314708,24,0.8883678132914206,21,0,1.8081284050314708,0.8883678132914206,-0.008437862169450616
3.521214759733266,2.365933525789291,4.186537777937825,0.2452054406792465,-1.9470636598230844,-2.013545732341586,0.3489537540343098,32.210981559158874,38.66937823121345,3.4005903322527105,-6.875878072088756,1.3118307099058668,-0.0003247762770164497,0.002248753611372287,3301.579,6440.924264750953,22744.631824344502,353,B0006,49,1.7757610945034283,24,0.8724651391251901,20,0,1.7757610945034283,0.8724651391251901,-0.008394470508188912
3.5093111439506677,2.3481961394586457,4.182282350256796,0.24863883149776903,-1.9241628426386395,-2.0143501433980724,0.40618903288986047,31.965090081650274,38.5170065164806,3.5201708513727663,-6.779933830864015,1.5006337242503542,-0.00031027149515533995,0.002306280640380837,3283.563,6328.703313957507,22299.412641388288,351,B0006,50,1.7447409841836798,24,0.8572243699983239,19,0,1.7447409841836798,0.8572243699983239,-0.006283014428589162
3.50716091973708,2.46945948630322,4.185961817428056,0.24245866501899876,-1.9124470439353745,-2.013955993405398,0.4317752957380262,31.744801840189538,38.29250529949152,3.5757503955650507,-6.7343409153638305,1.5835679951119896,-0.0002879068639134431,0.0020895855264003228,3275.125,6272.680693792777,22088.726603479423,350,B0006,51,1.729207034132373,24,0.8495922454210777,18,0,1.729207034132373,0.8495922454210777,-0.005359850553005296
3.500928918686389,2.4666715880697576,4.1836566973224585,0.24306097840857094,-1.8950209973545986,-2.0143598768040447,0.4667188589869889,31.876564068962466,38.52091685291118,3.6558828773689824,-6.665112129795475,1.7000903965617318,-0.00027994616980369963,0.002093411245354707,3265.656,6196.814153489853,21795.24656544904,349,B0006,52,1.7081086552553244,24,0.8392262113192732,17,0,1.7081086552553244,0.8392262113192732,0.023122161305301113
3.4973019898820894,2.448293126278513,4.184390004467988,0.24537606793436417,-1.8837082435178907,-2.0146981664689427,0.4881903895942606,32.24289319481841,38.95436345473558,3.6728892961066375,-6.621075964846755,1.7728531997497454,-0.000275385620286452,0.002135873073532795,3266.093,6158.9142074388055,21648.038916716127,349,B0006,53,1.6975954237461768,24,0.8340608610817466,16,0,1.6975954237461768,0.8340608610817466,0.022106596257058797
3.4929038301187156,2.4745215382882586,4.184732708741646,0.24387936455970977,-1.871665199438006,-2.0150505202774576,0.508922907014493,32.07305565938816,38.73136385469604,3.6834438401651117,-6.570305224528492,1.841233662729993,-0.00026422184705834635,0.002099052916463403,3257.594,6103.1618003656695,21424.664973933825,348,B0006,54,1.6820634524029463,24,0.8264297086813447,15,0,1.6820634524029463,0.8264297086813447,0.018739528420096407
3.4886592248223183,2.469127855241356,4.185835940524748,0.24489747465620212,-1.8654809345089407,-2.016431910751689,0.5191412899392005,32.030140929891196,38.74827601131975,3.7478860406495396,-6.540614745311283,1.874660973514461,-0.00026399430258474424,0.0021184182825606554,3248.593,6065.088635446458,21265.0318414813,347,B0006,55,1.6714768322295086,24,0.821228301199745,14,0,1.6714768322295086,0.821228301199745,0.014652830390834249
3.4822930804774015,2.4177173347922416,4.185703389994729,0.24894941761288455,-1.8592903578575999,-2.013961242413253,0.5292867036601664,31.984935871368258,38.84227056628921,3.803041971940506,-6.5084469863122205,1.907982451440281,-0.0002631614759639773,0.002242293728428882,3238.766,6026.648503980165,21096.16396896881,346,B0006,56,1.6607591387047655,24,0.8159624948921792,13,0,1.6607591387047655,0.8159624948921792,0.013689579085521509
3.477575664197982,2.3775131079338427,4.184887437252902,0.2514916927324809,-1.848156298789804,-2.0142789765419598,0.5476209059238868,32.23677365476226,39.22138199620832,3.8864318857653655,-6.462978077488846,1.9695435724777657,-0.00025840461875417843,0.0023372020240487205,3240.14,5992.1135378652625,20954.619235609338,346,B0006,57,1.651121015038069,24,0.8112271017518528,12,0,1.651121015038069,0.8112271017518528,0.011397528043451066
3.4787436506489255,2.443723814618984,4.1845671326128535,0.24743822906353014,-1.8415742473538441,-2.0170700253976435,0.5572043810030384,32.56097148037261,39.46651089916252,3.7845576572627717,-6.440419497595482,2.0011174613311637,-0.0002534860040445931,0.002204354339480536,3230.109,5952.31320793167,20816.863997907312,345,B0006,58,1.640134925619093,24,0.8058294274458678,11,0,1.640134925619093,0.8058294274458678,0.011492099625416774
3.4740152461288862,2.4324278256917147,4.184590722398005,0.24781476646180828,-1.8297533943331723,-2.0153270924031044,0.5744007772604264,32.48984985901219,39.352653481724175,3.835762334103568,-6.390653181055624,2.0573180780414337,-0.0002482297385788051,0.0022306173486938904,3229.7810000000027,5912.88652917282,20651.922435051434,345,B0006,59,1.629199941616544,24,0.8004568622012264,10,0,1.629199941616544,0.8004568622012264,0.010572702157280478
3.4718387718772696,2.494085641889116,4.181227276564003,0.24226020864399286,-1.8170860697729954,-2.0264444143525524,0.59213769752695,32.42612199208859,39.31890647034385,3.8710134033093055,-6.340012054079921,2.114069174339105,-0.00024201882724154294,0.002112791170495902,3212.469,5839.945088014152,20376.392088944034,343,B0006,60,1.6088496302961666,24,0.7904583678923177,9,1,1.6088496302961666,0.7904583678923177,0.012525440386668408
3.463180130644551,2.382347172890769,4.182601669503782,0.25041818458745746,-1.8111560774496664,-2.014269976996697,0.6001337686853252,32.29984271249387,39.47196886600465,3.9277765847941004,-6.3057074821723615,2.139990325656983,-0.00024355798162412174,0.002362302193154731,3213.219,5820.677154424984,20265.01490432147,343,B0006,61,1.6035244898969248,24,0.7878420253146665,8,1,1.6035244898969248,0.7878420253146665,0.011446929761568159
3.463469391967206,2.406668297987779,4.183991041340736,0.24879153893443373,-1.8113056300795982,-2.0248983473305704,0.600869683312538,32.610757585145336,39.74009698783903,4.013744044379012,-6.3059172160658665,2.1418332881116235,-0.00024411462941292318,0.0023114986997247685,3203.578,5804.438113431049,20207.755361376192,342,B0006,62,1.5989712144027983,24,0.7856049146190022,7,1,1.5989712144027983,0.7856049146190022,0.01042996012705415
3.46021805164007,2.4204142690378765,4.182425008087469,0.2487212354561505,-1.803802475704306,-2.0134062122749032,0.609256745218589,32.25699351958767,39.03600072360686,3.6982862582092104,-6.271069402065231,2.1679735256017563,-0.00023776973430611177,0.00229234966775406,3195.125,5763.423225897752,20037.182585224495,341,B0006,63,1.5876273123575604,24,0.780031440176547,6,1,1.5876273123575604,0.780031440176547,0.010501522652306505
3.462574876665621,2.4507845245525197,4.190985194174346,0.24661339893460252,-1.7982439953659044,-2.014898941623113,0.6170700333090209,32.47193402838835,39.16106395962828,3.78790549192839,-6.256755580096592,2.195264567641604,-0.00023944278769013694,0.0022379757241287965,3195.312999999994,5746.553580431989,19994.684135871812,341,B0006,64,1.5829719744686166,24,0.7777441842886215,5,1,1.5829719744686166,0.7777441842886215,0.009245593429585464
3.4537077937586056,2.393032881923072,4.181860480163402,0.24848682009830836,-1.7857963808615818,-2.014097659688176,0.6325019447665698,32.40219271195366,39.20051799483514,3.8463769615603374,-6.19721604816687,2.243010668275314,-0.00023403143209245575,0.0023858900874839917,3186.297,5689.698940665572,19745.46825819626,340,B0006,65,1.567137636713563,24,0.7699644735295673,4,1,1.567137636713563,0.7699644735295673,0.008342398716520715
3.4514035349888337,2.3938995980718403,4.183449364094532,0.2488480181764858,-1.7850748194527644,-2.01648199199959,0.6334473857166003,32.30987415652578,39.15878418316098,3.882093838504564,-6.188665341851873,2.2444292452860153,-0.0002342296149228946,0.0023903321381168506,3176.438,5668.861312101213,19653.657277935556,339,B0006,66,1.5613446139713882,24,0.7671182514739364,3,1,1.5613446139713882,0.7671182514739364,0.008435975185107303
3.450781146333252,2.4373294683003053,4.182943907496545,0.24531300054344063,-1.7785916660457872,-2.014359351341952,0.6414164907293518,32.35440526839345,39.18225956809825,3.903699189649737,-6.162496671968863,2.269131899942266,-0.00022934855268111798,0.0022992671968108283,3167.593,5632.4284223023315,19515.603908379257,338,B0006,67,1.551171189279042,24,0.7621198547768461,2,1,1.551171189279042,0.7621198547768461,0.00956000502475125
3.446105572450592,2.3705330061374523,4.182592999177517,0.24925235124882797,-1.7727874712030285,-2.016181081460114,0.6485964889257356,32.4731363791227,39.38159156766375,3.9310242954599364,-6.135292815561718,2.292406542798255,-0.0002303529283836778,0.0024624215419485275,3167.719,5613.7279290948245,19428.0274157189,338,B0006,68,1.5406741606295171,24,0.7569624653118686,1,1,1.5406741606295171,0.7569624653118686,0.009390630345608653
3.4418152533277135,2.351294851260762,4.177556435498103,0.24876521050750455,-1.7601807681971697,-2.0224281819207026,0.6631565458391762,32.52334649341759,39.44712875501599,3.9382620854038843,-6.083435434263236,2.3385100477827834,-0.00022662455782010625,0.002528265708396979,3159.077999999994,5558.429431605715,19210.976346575517,337,B0006,69,1.5253138744624433,24,0.7494156650980108,0,1,1.5253138744624433,0.7494156650980108,0.011531620001234666
3.445008015985666,2.436845595522602,4.183199732433941,0.24479137176910862,-1.7653027883569699,-2.015670909853089,0.6571846357909039,32.518264823491045,39.40950590627068,3.9548553266160913,-6.1023538760264815,2.3177003269727647,-0.00022529555011633752,0.002328019936546262,3148.829,5556.800211622143,19209.114876569856,336,B0006,70,1.5301570318067428,24,0.7517952002501654,0,1,1.5301570318067428,0.7517952002501654,0.00739612098136404
3.441164687975023,2.39030487147494,4.183585552184287,0.2475013732087286,-1.7593486488770236,-2.0154336980599203,0.6641591087376718,32.5437072434024,39.48443326993031,3.9769918282845635,-6.074991220536749,2.3397573864176557,-0.00022405547309793108,0.0024512131605888402,3149.094,5537.053842890789,19119.74115211404,336,B0006,71,1.524656683447409,24,0.7490927746753415,0,1,1.524656683447409,0.7490927746753415,0.007337586104795868
3.443620591429828,2.4892160721496315,4.183170360974043,0.24060260119969665,-1.7526167898737661,-2.014176241235146,0.6716629492050046,32.56222309600736,39.4416762582387,3.975934247345534,-6.051193979536537,2.362845925158846,-0.00022046989958397244,0.002228502893329421,3140.547,5500.756694955367,18992.595239568287,335,B0006,72,1.5145492986655429,24,0.7441268246400591,0,1,1.5145492986655429,0.7441268246400591,0.007324378122699838
3.439943269617906,2.450611393803655,4.183501501534186,0.24316998214821461,-1.7516949849801622,-2.0151247064734266,0.6726373836789595,32.58978020040808,39.53866201326228,4.000898498406376,-6.041626168202566,2.3646015355149803,-0.000221023821660905,0.002329306352507349,3131.625,5481.833924360339,18907.441870110375,334,B0006,73,1.509391504602082,24,0.7415927024943012,0,1,1.509391504602082,0.7415927024943012,0.006256531205487015
3.43602719305159,2.4111946043456745,4.183243008796117,0.24559891719465526,-1.7510429704034998,-2.0150071612077523,0.6733747307759468,32.57089563557426,39.5867547936938,4.02666129809132,-6.032479278633349,2.3654132885218813,-0.0002199150947360968,0.002435522792328408,3121.907,5462.529454874185,18819.372713563433,333,B0006,74,1.5039974333050703,24,0.7389424928579004,0,1,1.5039974333050703,0.7389424928579004,0.0042632882314745935
3.436309312279291,2.4609139768640715,4.182038001412004,0.2415711613630848,-1.7388746112390865,-2.0158858292130217,0.6864768027433327,32.537854347094196,39.49975288442087,4.020828997942116,-5.987424764389579,2.4071395124831914,-0.00021655221394590853,0.0023344758973374573,3122.125,5424.80743455901,18679.34045115896,333,B0006,75,1.4935201918040188,24,0.7337948251946333,0,1,1.4935201918040188,0.7337948251946333,0.007327368000544787
3.430470227771154,2.378420264362521,4.182440318401142,0.2472853158271117,-1.738622547139575,-2.0170367841185635,0.6863796794736801,32.656450905205084,39.9686395722832,4.103220643198136,-5.975315793815212,2.404521664746158,-0.00021464081585435298,0.0025502065649558084,3121.672,5422.549971203189,18636.66958802666,333,B0006,76,1.4876323024497422,24,0.7309019933714036,0,1,1.4876323024497422,0.7309019933714036,0.007404876199533339
3.4417311090871063,2.3844697219937414,4.189962701965466,0.25068575483973593,-1.7870762809520677,-2.015207980747731,0.631095442255623,33.180785234653264,40.42668250871336,4.098677157793769,-6.170173683027421,2.2294247756430914,-0.00023220803442768322,0.0025074303895125535,3120.86,5575.819735303012,19251.69914725131,333,B0006,77,1.5302876214401704,24,0.7518593614163546,0,1,1.5302876214401704,0.7518593614163546,-0.0031476645549255
3.4355429213552537,2.448639661640692,4.181214475643097,0.24384503322302606,-1.7612682208672186,-2.013340550431054,0.6615169962236325,32.71220835503141,40.02451449021777,4.174127825229612,-6.062847047530007,2.3232459273210098,-0.0002190550530133264,0.00238477090470556,3103.828,5462.909512476025,18805.057758402363,331,B0006,78,1.5040760088360112,24,0.7389810985080334,0,1,1.5040760088360112,0.7389810985080334,0.0010630991532141643
3.4272336842373576,2.362869757217078,4.182157933832856,0.24872769369277462,-1.7545532300777185,-2.0143052426244057,0.6692392427565728,32.543943889007906,40.02167483360719,4.293837140083576,-6.025056730735636,2.3455882240709824,-0.0002215873916141669,0.00259904487737015,3095.094,5426.529398686222,18634.56307171767,330,B0006,79,1.4887593608730894,24,0.7314557385723608,0,1,1.4887593608730894,0.7314557385723608,0.0030476144863961887
3.4307536518687556,2.479712742728869,4.1802491747767325,0.23981868986409427,-1.7364250156958492,-2.01522796444188,0.6892528926488453,32.6655410721976,40.07821178158415,4.279541188128676,-5.963233888016807,2.4098559352886015,-0.00021362927571618267,0.0023256604423706854,3095.781,5369.998345427526,18441.688082909786,330,B0006,80,1.4782779285546637,24,0.7263060118809538,0,1,1.4782779285546637,0.7263060118809538,0.0030484526498710364
3.430880434209888,2.460990256984241,4.182775550999248,0.2412584602938845,-1.7371686757879774,-2.0164424024266667,0.6891473173604608,33.160922870564626,40.56578932835109,4.287969337587418,-5.967335891226124,2.410727473054094,-0.00021262737286221068,0.0023797015865295672,3094.328,5370.796130730921,18449.570931994174,330,B0006,81,1.478459982215684,24,0.7263954583009604,0,1,1.478459982215684,0.7263954583009604,0.0018344640468116236
3.431984614031654,2.4794507375590507,4.182970513713943,0.24039187875397564,-1.7358183569582517,-2.0141732645976056,0.6899134259363504,33.414445545408455,40.75221353269305,4.242923162320275,-5.963586955074245,2.4134407259269275,-0.00021403834626761568,0.0023318023653636213,3086.531,5351.9983135977955,18387.90611162406,329,B0006,82,1.473214844899973,24,0.7238184227571322,0,1,1.473214844899973,0.7238184227571322,0.011414555308039498
3.426913589626702,2.421513989921717,4.182588389688278,0.24353313719762423,-1.7297302660430056,-2.014533312293864,0.696447397100997,33.3541679486525,40.71162611325717,4.274654939428474,-5.933656238926206,2.432809025792399,-0.00021219866862650993,0.002496154959314111,3085.625,5331.264375717916,18288.793490813616,329,B0006,83,1.4675164935067897,24,0.7210187145326269,0,1,1.4675164935067897,0.7210187145326269,0.0073119030658443055
3.4220422356705154,2.392798962354417,4.180388252515709,0.24505211094966728,-1.7278671098991139,-2.0150807231044525,0.698121088593313,33.13634596100404,40.58721297402195,4.272886579538151,-5.917219538621258,2.4349595869210767,-0.00021341590906094653,0.002570964258654545,3067.203,5293.176958570306,18127.101641520745,327,B0006,84,1.4516292657521337,24,0.7132130179126344,0,1,1.4516292657521337,0.7132130179126344,0.0074260190241911325
3.4202687142856667,2.410475236770924,4.182476201666448,0.24452241189638588,-1.7269073147637581,-2.0151017082510445,0.6989995507446921,32.92241762841388,40.37035790264624,4.331246781656428,-5.907528612724236,2.4353376673136244,-0.0002118099094032959,0.0025387651865861572,3058.157,5275.240345080267,18046.204413834563,326,B0006,85,1.4519237720967175,24,0.7133577144710261,0,1,1.4519237720967175,0.7133577144710261,0.005270831291589229
3.4248208106770663,2.4915333699239977,4.182567814531136,0.23871895764328244,-1.721199593403834,-2.015773418279684,0.7052615856123151,33.20338483123576,40.667923693760464,4.359498212766225,-5.892827418407994,2.4563382974299057,-0.00020813522960994198,0.002367423687581776,3058.812,5258.207567229767,18002.785471465,326,B0006,86,1.4471484694777743,24,0.7110115176336829,0,1,1.4471484694777743,0.7110115176336829,0.006262302547581955
3.4234990883192666,2.444861994529003,4.182606347806988,0.24156011251597115,-1.721141114732718,-2.016566183590645,0.7052038115638799,33.533950654066935,40.99035688395247,4.344683946650958,-5.8923867750179,2.4569703905233036,-0.00021004269561441272,0.0024689140936022726,3058.578,5257.338518262422,17998.907736829737,326,B0006,87,1.4468538105659885,24,0.7108667461161282,0,1,1.4468538105659885,0.7108667461161282,0.005272206866796881
3.4247420964314874,2.484075539808225,4.183047552179642,0.2394044963910197,-1.7200547727480755,-2.018144057635402,0.7063056423778308,33.5767934055627,40.99774402817452,4.336933667265993,-5.888472406291395,2.45987686081028,-0.00020888179662352602,0.0023861353196702874,3049.328,5238.208280206734,17932.54574083833,325,B0006,88,1.4416741930284678,24,0.708321901683239,0,1,1.4416741930284678,0.708321901683239,0.005168460095664384
3.450702139255875,2.479017302613424,4.222516216835943,0.24986811906504275,-1.8210481343824243,-2.0143333289759338,0.5870046814200932,33.224088400657315,40.77265883698999,4.292984862195963,-6.292731341963834,2.0833432891603523,-0.00022741498709929767,0.00234380731100261,3177.219,5785.104540410979,19990.725078567077,339,B0006,89,1.5935866593100128,24,0.7829593804744059,0,1,1.5935866593100128,0.7829593804744059,-0.028391478711575813
3.4480475429907522,2.4820670710190385,4.1909374470770855,0.24289182353294878,-1.821445703423604,-2.016338466932382,0.5868021780918599,33.37083344726966,40.52220493430463,4.076758409028971,-6.2956044893895555,2.0795516529681697,-0.00023763884152190154,0.002323269790056363,3082.937,5614.858670303517,19407.522387861027,329,B0006,90,1.5463902376915637,24,0.759770882494014,0,1,1.5463902376915637,0.759770882494014,-0.018893293118969236
3.4399481891896455,2.452449045714353,4.183028520369727,0.24242933169344988,-1.7899159936953069,-2.0145951136219598,0.6278130340643914,33.43366634309322,40.57746834859555,4.0943289069244875,-6.169536363840945,2.212076497036968,-0.00022437835038501225,0.002412789780504512,3074.266,5500.988995107922,18961.171400317697,328,B0006,91,1.51470559175661,24,0.7442036144029749,0,1,1.51470559175661,0.7442036144029749,-0.013511424455767118
3.434112914501242,2.4198491932573414,4.1838942747302825,0.24449013265629163,-1.7769345930773324,-2.0144018884289827,0.6433896249887968,33.28676739403043,40.516963879873735,4.1485545233110335,-6.112380209841829,2.2609084167495332,-0.00022147125166927726,0.0025165181459001437,3066.0,5444.323130174489,18727.80418748436,327,B0006,92,1.4989786083335404,24,0.7364766488653811,0,1,1.4989786083335404,0.7364766488653811,-0.01042495955351037
3.4325600940363916,2.4706823501191706,4.1839835007856605,0.24110307279068668,-1.7640032117743045,-2.015270624937178,0.6586649159229433,33.14347737377552,40.34325381638243,4.160423251021807,-6.060561897694683,2.3085122527399067,-0.00021543220323430357,0.002419124183514322,3056.437,5387.361134822222,18509.753815346736,326,B0006,93,1.4831110745410492,24,0.7286806282628964,0,1,1.4831110745410492,0.7286806282628964,-0.00828737630251628
3.4270614887575657,2.413759774558071,4.183640209073579,0.24425389866866304,-1.7571701008871028,-2.015800833534411,0.6666698408388281,33.11021541795579,40.39341126895154,4.218777608920165,-6.02689370345928,2.3328630294762167,-0.00021476623988511557,0.0025548835866841565,3048.219,5351.1835647930075,18353.92547302966,325,B0006,94,1.4729664825468278,24,0.7236963976177928,0,1,1.4729664825468278,0.7236963976177928,0.024124035352636984
3.4273403168120415,2.4562499847243027,4.183387047926521,0.24148071569208399,-1.7502670210777267,-2.015384828991305,0.6742901923854049,33.18991802149879,40.46341487442664,4.226492089676788,-6.000786574886291,2.3566405512172075,-0.00021403182339971795,0.002468591874024371,3039.218,5314.3001830994435,18220.561009511657,324,B0006,95,1.4627604396099307,24,0.7186819749578868,0,1,1.4627604396099307,0.7186819749578868,0.016725959616326593
3.423482197888437,2.401794655879554,4.18356344388626,0.24464245573487714,-1.7439614243216512,-2.017707476586292,0.6811805311767779,33.26265398635676,40.5818264138806,4.237392666333103,-5.972193713230287,2.3780369352239594,-0.00021352692661265275,0.0025958489782936713,3039.047,5293.794221022446,18128.937753051323,324,B0006,96,1.4518364681062514,24,0.7133148203630159,0,1,1.4518364681062514,0.7133148203630159,0.012573824730071691
3.4220957701069374,2.4087687236133317,4.18171248971767,0.24368123433041902,-1.736850855663561,-2.0198780169470747,0.6887151482292208,33.299978841087025,40.61670777074496,4.240456106278274,-5.943408637814479,2.4013195840403068,-0.0002110339721485675,0.0026009006786445223,3030.375,5257.115462235821,17990.026217710954,323,B0006,97,1.4468670644030392,24,0.7108732579778997,0,1,1.4468670644030392,0.7108732579778997,0.010422308786100221
3.421883545422636,2.4308118485818704,4.1832473219705815,0.2424923531812378,-1.7360045229798653,-2.0197856871193367,0.6896541510589469,33.31663547841367,40.63164766168104,4.260205034784692,-5.937856493974666,2.402902983409418,-0.000209796006311643,0.0025574010776918932,3021.0,5237.25306375654,17913.35702348875,322,B0006,98,1.441380399427779,24,0.7081775553094546,0,1,1.441380399427779,0.7081775553094546,0.008346135022654045
3.4195777411151886,2.398886415333129,4.183049768329545,0.24428631492877723,-1.729690117077797,-2.015287001210607,0.6962675710854851,33.39150630507064,40.74323383889164,4.280804367288263,-5.911520647662177,2.423875303751106,-0.00020919686097299373,0.0026455725307294588,3021.75,5219.401577458815,17838.153792074223,322,B0006,99,1.431210744960774,24,0.7031810109956533,0,1,1.431210744960774,0.7031810109956533,0.008351147517210755
3.4175281789596474,2.3814379490849835,4.183092498086332,0.2453392538372267,-1.7287954627467013,-2.013949066691416,0.697047878700166,33.41522427488497,40.81715493531611,4.299262709763483,-5.904187666207737,2.4252168836602133,-0.00020919547031512904,0.002698627143280313,3012.265,5200.783493671363,17761.819019095536,321,B0006,100,1.4260247179525716,24,0.7006330174681323,0,1,1.4260247179525716,0.7006330174681323,0.007347144331471833
3.4197860540725715,2.459885297095542,4.181536580807847,0.24035187594624083,-1.7216729981632184,-2.015065571425412,0.7045973768027333,33.39690850726103,40.72877617289365,4.279105256934157,-5.8793567115715994,2.448434316419632,-0.0002057035768231764,0.0025095486705626452,3002.641,5161.928060134577,17628.073186196343,320,B0006,101,1.420487649966195,24,0.6979125508434085,0,1,1.420487649966195,0.6979125508434085,0.006269763628011305
3.4171369298988705,2.4007285025453995,4.172034399629829,0.2406918795355522,-1.7228162229694666,-2.0151971595728613,0.7036744893451411,33.73731993653,41.45494452672042,4.4640444489608955,-5.87950268263422,2.4438948529138895,-0.00020315373688034583,0.0026705957465639526,3012.0,5181.6948806528,17684.007822711294,321,B0006,102,1.4207006230355006,24,0.6980171885557206,0,1,1.4207006230355006,0.6980171885557206,0.00523328827350773
3.4305347141293625,2.472830716079143,4.188427549455566,0.23954452760941825,-1.7486639022205694,-2.0180838913239434,0.676636458622233,34.08965316576344,41.39678877103747,4.2491873703569984,-5.998351261156645,2.3649807553197446,-0.00021263074994740892,0.002478530511596681,3020.11,5276.265991040636,18099.581904832412,322,B0006,103,1.452255804330839,24,0.7135208482113887,0,1,1.452255804330839,0.7135208482113887,-0.0021750809806119877
3.4250844180972875,2.467318928642863,4.181499335679726,0.23920169814767764,-1.7345160724760178,-2.015157068463395,0.6914329019224659,33.9987286593769,41.36669473718026,4.299417325493445,-5.935263451713427,2.408789288248524,-0.00020431830729478176,0.0025210619631575826,3002.172000000006,5201.873045245536,17800.301000791944,320,B0006,104,1.431557632772571,24,0.7033514435633659,0,1,1.431557632772571,0.7033514435633659,-6.937756235938508e-05
3.4171339862792935,2.3692462667541,4.179546243153898,0.24475701426966365,-1.7271570233190525,-2.013917344838714,0.6989258053585963,33.907397114007345,41.37787352037061,4.346415144643425,-5.896285111872996,2.430280189670037,-0.00021021715859065716,0.0027465387694229387,2992.703,5161.349237524484,17620.152249432977,319,B0006,105,1.415015751158943,24,0.6952241030736463,0,1,1.415015751158943,0.6952241030736463,0.0022017933587257232
3.417521467040602,2.4482618595124874,4.18101558225098,0.2408080362142482,-1.7305179027385762,-2.026182069042455,0.6950775843262648,33.70518417605219,41.14095609169821,4.357781964328755,-5.904549027149064,2.4147494986928093,-0.00020583019140034005,0.0025965636852771402,2964.468,5123.50594336581,17481.573169389012,316,B0006,106,1.4097311506517451,24,0.6926276785146194,0,1,1.4097311506517451,0.6926276785146194,0.002151299862889955
3.4181623236680356,2.4598632768748825,4.182667734360821,0.23985452319305442,-1.7141443638380731,-2.01548065880372,0.7126458477642131,33.7458832944166,41.2168813199875,4.385409704614487,-5.84553122556116,2.4717760581041923,-0.00020062371084737053,0.0025723997367172605,2983.375,5106.183144404121,17412.867546315334,318,B0006,107,1.404917318129309,24,0.6902625512041874,0,1,1.404917318129309,0.6902625512041874,0.003156660981238302
3.4203319359051187,2.497869764845928,4.179947555799937,0.23666693145105855,-1.7067823273466607,-2.014398878088724,0.7197036155373028,34.01657212624259,41.40391881889191,4.352005984144061,-5.8222004685616815,2.494911274210844,-0.00019726366445443314,0.002494882161998938,2975.297,5071.130961942099,17298.970723792096,317,B0006,108,1.395164296571563,24,0.6854707065486149,0,1,1.395164296571563,0.6854707065486149,0.011418301551855192
3.4192916311692465,2.472236707252471,4.182316086490744,0.2390286773610217,-1.7063596521950202,-2.015379938834276,0.7197068332356091,34.175023374593785,41.58657133119858,4.3540416971074585,-5.8189730988062065,2.4950841305102607,-0.00019870859001604955,0.0025524719868918223,2974.9850000000006,5068.67546528069,17285.495957228934,317,B0006,109,1.3945343832614077,24,0.6851612181802287,0,1,1.3945343832614077,0.6851612181802287,0.007404649902232663
3.414352330355796,2.427874990476308,4.18300582450457,0.24221175414346538,-1.7052696591517462,-2.024938600791225,0.7206903789128402,33.976109677640174,41.43504077863728,4.382087060522724,-5.805386171700196,2.495293358570543,-0.0002005774244851121,0.0026656319862861707,2966.25,5049.939519695219,17192.531214760136,316,B0006,110,1.3893171179312644,24,0.6825978766720686,0,1,1.3893171179312644,0.6825978766720686,0.005139726645535703
3.412701167144591,2.427590520023505,4.182504606082063,0.2422050432716597,-1.704626557443961,-2.027018156432659,0.7213952667094186,33.84150372451663,41.37436880579148,4.426438431004594,-5.798770882582049,2.4956207778320936,-0.00020064459685388263,0.002683784540834455,2956.359,5030.514367995076,17112.850819766245,315,B0006,111,1.3838379472327809,24,0.6799058560840853,0,1,1.3838379472327809,0.6799058560840853,0.0051786406837928565
3.410409522809144,2.37337869163978,4.179533028548021,0.24435718343921015,-1.6985503106996724,-2.014779909755338,0.7278602667366414,34.1008464215818,41.66477948989921,4.429283182231005,-5.774845712329928,2.5165211652063,-0.00020006315427217658,0.0028231728282361365,2956.344,5012.614318145824,17042.115296280328,315,B0006,112,1.3736814238195123,24,0.674915763306282,0,1,1.3736814238195123,0.674915763306282,0.006247178861959357
3.414419320260644,2.4248604132549767,4.18250512422575,0.24176595846391635,-1.6982347588599789,-2.0151111715849144,0.7275938938122148,34.34663683304219,41.81816829502593,4.398555379640064,-5.7789445738505005,2.516903731368815,-0.00020097350783476856,0.002682516950404544,2956.406,5011.662234943884,17054.4151909364,315,B0006,113,1.3786059891863676,24,0.6773352957654757,0,1,1.3786059891863676,0.6773352957654757,0.003311661477039074
3.4131710032395315,2.426962848243194,4.1828227593786,0.24223055603174873,-1.6971165805711328,-2.0151664181090267,0.7286470501073794,34.216231530637586,41.68664700078119,4.403435230805168,-5.7711962383324735,2.518743319461026,-0.00019904442577230037,0.0027040741471865823,2947.266,4993.882608986064,16982.568361145943,314,B0006,114,1.3737600299108574,24,0.6749543839713218,0,1,1.3737600299108574,0.6749543839713218,0.0041548706701100445
3.4107019261975147,2.417287750352038,4.182413969607667,0.24315982041013035,-1.6959199401004303,-2.016248522283907,0.7299387135336083,34.041617020161176,41.565382893773936,4.427228658094672,-5.760897338843212,2.5206519976766515,-0.0001982747335355503,0.002738091576080312,2937.984,4973.916831436466,16896.124759546285,313,B0006,115,1.3682580583942712,24,0.6722511609085237,0,1,1.3682580583942712,0.6722511609085237,0.004211811907398655
3.4089059214760367,2.4185087281747166,4.182451170946608,0.24335348175106358,-1.6953163120957457,-2.015018401452086,0.7307162124593425,33.890212870710734,41.46394809540406,4.468195522374229,-5.753785763057526,2.5211967754391007,-0.00019601316705538426,0.002766690985758467,2929.125,4956.365064205798,16822.05028325754,312,B0006,116,1.3633024037317505,24,0.6698163536881292,0,1,1.3633024037317505,0.6698163536881292,0.0041071087002060745
3.4134080258317576,2.480937393224248,4.181305580928812,0.23910918351075658,-1.689038351243322,-2.014808414619914,0.7365985147966571,34.116762412437,41.6123634180086,4.440858026001165,-5.73755786048433,2.5414593119784814,-0.0001955114493324904,0.002598614297855768,2928.454,4937.759063822303,16773.55387722802,312,B0006,117,1.35809661401726,24,0.6672586503678075,0,1,1.35809661401726,0.6672586503678075,0.003116961960450482
3.411221044859532,2.4078214169511205,4.1804870315884735,0.24277811004383898,-1.689240311218937,-2.014994164220888,0.7366705561751958,34.49049358941505,42.0075404495327,4.435836689713161,-5.737385897974755,2.5426604062650844,-0.00019546901270755298,0.0027840567994777974,2929.375,4939.326776899127,16776.395172793877,312,B0006,118,1.353269090999531,24,0.6648867966571198,0,1,1.353269090999531,0.6648867966571198,0.005067379637367297
3.4155210852213678,2.433234589649132,4.163570261072192,0.23720200532883332,-1.7102007614808157,-2.014889154962298,0.7162819617972488,34.23744800906639,41.61679232360952,4.2869335467351615,-5.820720023758352,2.478025696552623,-0.00019327666466294557,0.0027333593746195844,2946.031,5031.601967926661,17125.33438635619,314,B0006,119,1.3841605738237488,24,0.6800643686533974,0,1,1.3841605738237488,0.6800643686533974,-0.0020801087825782715
3.4229838362549794,2.440822893388958,4.190012868765637,0.24143941002028121,-1.730244918610445,-2.021897889619746,0.6962615132210175,34.41428886050454,41.80245062827161,4.32119435671904,-5.907445183697079,2.4202983802991547,-0.00020557718254851417,0.0026960939226157834,2955.438,5106.7512145185665,17435.666710880483,315,B0006,120,1.4051467790651473,24,0.6903752897183545,0,1,1.4051467790651473,0.6903752897183545,-0.007377744134175223
3.414757022019347,2.396078253891397,4.182418011462176,0.24413784898440824,-1.7152465923901479,-2.013990107965066,0.7110232265703329,34.16445180476377,41.653004783464006,4.371208230317734,-5.836227213796657,2.462107814880578,-0.00019875842669912603,0.0028346927054543696,2937.625,5030.632450625096,17117.409885598012,313,B0006,121,1.378719022627353,24,0.6773908312410081,0,1,1.378719022627353,0.6773908312410081,-0.0030833237791204836
3.414358716272361,2.449306948268824,4.182070839014939,0.24152323402005174,-1.7013404928191733,-2.0141794769710484,0.7245002916787043,33.877146811272176,41.36061809844917,4.397692811680924,-5.781485795646827,2.5027868293270923,-0.0001952393188202325,0.0027261806536151936,2929.078,4974.222970150217,16903.653560980252,312,B0006,122,1.3682657783199066,24,0.6722549538545536,0,1,1.3682657783199066,0.6722549538545536,-0.002033832860529339
3.4091886698418046,2.384185417166802,4.182701902443236,0.2460496736273354,-1.7004366132157598,-2.014245767720947,0.7253678587355786,33.839566254190565,41.42815616511055,4.451653713060872,-5.769412726151961,2.5033749754898498,-0.00019599803401138886,0.002910993360948333,2918.375,4953.705525857216,16807.598112819767,311,B0006,123,1.3573151296618016,24,0.6668746922672389,0,1,1.3573151296618016,0.6668746922672389,-0.0008092077324540981
3.411930366643558,2.4440756213040964,4.182270325485355,0.24258968522569258,-1.6873533635265772,-2.013969299900083,0.7373003664947758,33.818304796930946,41.343265645039,4.430731206018662,-5.724461949523258,2.5413998374916726,-0.00019063532555323336,0.002765964821123342,2919.812,4917.577559218562,16683.74741854739,311,B0006,124,1.3524934638801596,24,0.6645057163278422,0,1,1.3524934638801596,0.6645057163278422,0.006333421988717847
3.4094417183837504,2.4296014294774677,4.182394535290608,0.24390756219118895,-1.6919294969110734,-2.014779898380345,0.7335386849531479,33.812621135472135,41.38118673567723,4.459629393541612,-5.735876930062358,2.527574800535055,-0.00019398281876357784,0.0028124492406021695,2900.422,4899.067826803521,16609.04110096742,309,B0006,125,1.3474099151661236,24,0.6620080723318286,0,1,1.3474099151661236,0.6620080723318286,0.011547372779804731
3.4081896097479882,2.41022288115442,4.182061947471753,0.245317678406778,-1.6852952939579415,-2.014211676143238,0.7395261452441038,33.79894614410012,41.378450473707446,4.460136031575844,-5.709244398044902,2.5461010681652105,-0.00019300368482425866,0.0028667969922042207,2901.375,4880.2949902741075,16532.958869658592,309,B0006,126,1.3370075130842318,24,0.656897174696045,0,1,1.3370075130842318,0.656897174696045,0.008342301908624217
3.40737851449911,2.4098927032454966,4.182288987105723,0.24580906151652474,-1.6787428835073939,-2.0146307921789908,0.7454352436652837,33.702723745621576,41.306600641009794,4.472061666110305,-5.682729383316003,2.5636887951641776,-0.00018983775557439747,0.0028935421148920323,2901.187,4859.759546045692,16450.874834983944,309,B0006,127,1.3312352966718526,24,0.6540611751852576,0,1,1.3312352966718526,0.6540611751852576,0.0074060963296108005
3.4085862639015,2.453938411405305,4.179662143533188,0.24308656517101032,-1.6712137513430332,-2.013369705800471,0.7521771809630793,33.63562651984647,41.20408103671912,4.464296886707149,-5.655562046018863,2.584190001112617,-0.00018638539019233123,0.002808986322834728,2891.64,4821.701999362669,16317.35832119489,308,B0006,128,1.3259303781727645,24,0.6514547680110713,0,1,1.3259303781727645,0.6514547680110713,0.006276950297807416
3.404843616147767,2.3940396792395253,4.181392635232333,0.2473025976222259,-1.6768931248947172,-2.0139825284473383,0.7474282095747105,33.690724061796516,41.32955629442644,4.503856031202928,-5.670243618755629,2.5679803842269946,-0.00018866437014140546,0.002969192689361833,2882.906,4824.7067131868935,16314.645095031035,307,B0006,129,1.321578743867529,24,0.6493167274597319,0,1,1.321578743867529,0.6493167274597319,0.006182944002526103
3.4081057374178703,2.45134737470238,4.182099866234647,0.24422108333220258,-1.6701186583642826,-2.01389215215322,0.7532835002669596,33.71317033815573,41.300370296451625,4.48045439791311,-5.649012836537771,2.586915873364899,-0.00018930514388624219,0.002800290895514721,2883.265,4804.710477134673,16251.698947573503,307,B0006,130,1.321225074066109,24,0.6491429627717592,0,1,1.321225074066109,0.6491429627717592,0.005236968220002946
3.4091728540380735,2.475014603796582,4.182054276922838,0.24340486418659887,-1.6634753413292604,-2.013710255019385,0.7589708333972095,33.65376593260612,41.2436462295636,4.481173590462752,-5.6250787108845275,2.6045849140247617,-0.00018541755634077507,0.0027734260972939544,2882.969,4784.6060377029635,16179.394632155545,307,B0006,131,1.3156485301862682,24,0.6464031008911139,0,1,1.3156485301862682,0.6464031008911139,0.0042717965795927345
3.4110817622184233,2.4569179775419294,4.168816046299314,0.24099639163604958,-1.6645875549232958,-2.0145340492151043,0.7579357799006134,33.983578066068176,41.36464929786556,4.335679642629904,-5.633822797628639,2.6027717331135385,-0.00017835866395612515,0.0028364907657514185,2891.656,4803.714454265733,16258.803657647702,308,B0006,132,1.3209025697502388,24,0.648984510278524,0,1,1.3209025697502388,0.648984510278524,0.0020665453843227597
3.4167486246717154,2.438240626221148,4.190149239555381,0.24457940021460436,-1.6918384605140158,-2.01382438347875,0.7334467668216439,33.816348135475515,40.89285784811417,4.157409676256734,-5.746178899349352,2.5319257484154027,-0.00019328768625308013,0.002851450989060652,2901.25,4899.145710562081,16639.667281619128,309,B0006,133,1.3474328767273906,24,0.6620193537828117,0,1,1.3474328767273906,0.6620193537828117,-0.004300499710925232
3.4169689184247174,2.4946397780995584,4.187196878135145,0.2418829111188869,-1.6711981411684524,-2.0133154561700204,0.7523130560666373,33.60692030225909,40.652964511118334,4.1585790886455145,-5.667509775165647,2.5896662914713033,-0.00018780739365917585,0.002728552681484295,2891.703,4821.975964286941,16352.584902657873,308,B0006,134,1.3260128072353616,24,0.6514952669744675,0,1,1.3260128072353616,0.6514952669744675,-0.0008868126735665172
3.4105763913818787,2.4367455144223555,4.18232296515852,0.24570660921197612,-1.6632769410531225,-2.0139168871011672,0.7590269335533172,33.47350597721994,40.58410707337388,4.21322292649837,-5.626549480710651,2.6064916004789707,-0.0001855419657650431,0.0028925570021450207,2883.016,4783.559760796082,16182.039235139135,307,B0006,135,1.3101186784831065,24,0.643686179763337,0,1,1.3101186784831065,0.643686179763337,0.0022212791166004832
3.4113335283009314,2.485868996808533,4.1822817387062585,0.243669978984679,-1.6559085740676296,-2.0142276812428177,0.7654957106646719,33.20917872762011,40.322783635307104,4.224043353343756,-5.597962000268862,2.625246893879022,-0.00018216950015787026,0.0028007983940895563,2873.453,4747.15152496949,16048.236822457366,306,B0006,136,1.30521620229393,24,0.6412775001365069,0,1,1.30521620229393,0.6412775001365069,0.002086465578467633
3.4081283345557187,2.395755020190792,4.181394192711236,0.24822787297973212,-1.656100922060331,-2.014080368444908,0.7655069350374726,33.58088963686094,40.78032921971219,4.2561126788303865,-5.59608918420194,2.6259084204886896,-0.00018564720303505225,0.003005581474083282,2874.031,4748.763485731436,16046.702058474959,306,B0006,137,1.3004061951355774,24,0.6389142523000749,0,1,1.3004061951355774,0.6389142523000749,0.004099274922932272
3.4125732422699135,2.4504684570147006,4.182109437180301,0.24522303120118133,-1.6493259508429792,-2.014831579693271,0.7709658700007178,33.764008619560336,40.85731522464202,4.193931968929846,-5.577605285977023,2.6449049917198453,-0.00018357268632445808,0.0028775577912279757,2874.234,4729.460911089878,15994.132542149548,306,B0006,138,1.300235735841116,24,0.6388305024124815,0,1,1.300235735841116,0.6388305024124815,0.009439428177254915
3.407693686560286,2.3942028718004007,4.181210531150237,0.24934296653021504,-1.6481131076816378,-2.014857985605384,0.7718560566678059,33.57003564415372,40.74860220857894,4.228315089062405,-5.564259968273183,2.644698134388761,-0.00018177632386707568,0.0030528221370492454,2864.984,4709.826793223216,15901.118618506693,305,B0006,139,1.2895066722480757,24,0.6335591097744969,0,1,1.2895066722480757,0.6335591097744969,0.007301226997457189
3.4073499608041957,2.4303844034459368,4.180183763169455,0.24821460129448178,-1.6402541382604887,-2.013906118562721,0.7780650343014142,33.272050895552354,40.47227623020844,4.237196672375289,-5.5324158008416395,2.661980062616074,-0.00018062500915240647,0.0029710613252599844,2855.093,4672.837955682942,15761.547358170925,304,B0006,140,1.279253057384795,24,0.6285213141239901,0,1,1.279253057384795,0.6285213141239901,0.006173124219662318
3.409292163767801,2.4755630989048205,4.181641969595387,0.24659016011849225,-1.6339151095418003,-2.01480412850878,0.7837204519359696,33.12740933210319,40.28187574900838,4.246858259984162,-5.509864085921816,2.6792400731221386,-0.00017916932703749102,0.0028765897885732377,2855.625,4653.780296059476,15693.510663976696,304,B0006,141,1.2792078171714618,24,0.6284990867482796,0,1,1.2792078171714618,0.6284990867482796,0.005201677024493634
3.4095492354804775,2.446712151873903,4.1818501497507565,0.24758339650785935,-1.6340244573659812,-2.014522533445452,0.7838316988955946,33.439116773449626,40.637565231244686,4.270298038552275,-5.512041707865117,2.6809625089692295,-0.00018057655817910258,0.002942225781164541,2855.594,4653.909451476766,15699.0788839684,304,B0006,142,1.274036760902923,24,0.6259584486293798,0,1,1.274036760902923,0.6259584486293798,0.005273886846530873
3.410318915287339,2.4607112018206894,4.1817089329030335,0.24739801801109818,-1.632488007933941,-2.0149438038428857,0.7848803525722242,33.482874768414376,40.64243349478575,4.236324048558813,-5.506736339333362,2.684321749658615,-0.00018075482595279388,0.0029176766912278923,2847.437,4635.38250915063,15636.574371455627,303,B0006,143,1.2741273923001468,24,0.6260029775555019,0,1,1.2741273923001468,0.6260029775555019,0.0052216687081938495
3.409269478846638,2.46197885229738,4.178725976011113,0.24810226825514498,-1.6192610042624402,-2.0150039133931816,0.7951183753696196,33.22136307064441,40.38713367022122,4.2294333699471425,-5.455160665423773,2.7147400852482115,-0.00017747548217593735,0.0029278006755447954,2847.36,4597.886639223851,15490.315944879832,303,B0006,144,1.263763942644078,24,0.6209112179860496,0,1,1.263763942644078,0.6209112179860496,0.005148545920799519
3.4094374435069095,2.4999079970509284,4.181148894438262,0.24744012771914206,-1.6178242977824624,-2.015129426588159,0.796212152834948,32.985627389014255,40.15316398972329,4.254562559265268,-5.4472599831323745,2.716207286018222,-0.00017665128971143247,0.0028634653642791996,2837.328,4577.739706788872,15413.616254028286,302,B0006,145,1.2581373688955233,24,0.618146775481072,0,1,1.2581373688955233,0.618146775481072,0.004223137697854318
3.403885091976961,2.4061574188511727,4.181246648937272,0.2532123266842987,-1.6181015728870056,-2.015749061229573,0.7959104627910829,32.970182781539556,40.26211669866818,4.320691363853224,-5.4400221977868854,2.713154021743606,-0.00017653985688372787,0.0031116497951291034,2837.281,4579.387120453842,15396.163634335962,302,B0006,146,1.253259864055301,24,0.6157503647520722,0,1,1.253259864055301,0.6157503647520722,0.0051895906232321655
3.4065929107527846,2.40921365026611,4.182124874468928,0.25263202324107764,-1.61809852978642,-2.014223314502266,0.7962214097717416,33.31018716138479,40.65437976632703,4.31488298991348,-5.445203859313623,2.716632399493071,-0.00017779334091021546,0.0031075966218855546,2838.515,4579.146258419536,15409.916428623666,302,B0006,147,1.2532313315493426,24,0.6157363461901961,0,1,1.2532313315493426,0.6157363461901961,0.004161085870716086
3.4095930016592684,2.4705399687343235,4.179545017207998,0.24908472229042347,-1.6103535053387172,-2.016335249580649,0.8022686918286582,33.23406652671602,40.41021687551566,4.247229394906718,-5.42035677587235,2.7358105242369275,-0.00017444406448517523,0.0029682774990314248,2828.328,4541.817161810051,15288.008287355486,301,B0006,148,1.2480874960313575,24,0.6132090821428379,0,1,1.2480874960313575,0.6132090821428379,0.005207979253757866
3.409409922814414,2.4996841687041944,4.164241788212258,0.24501536673331067,-1.611644410040853,-2.01499403966668,0.8010853524879897,33.117656712920734,40.49521984011741,4.380274662730237,-5.422009320103411,2.728890740840445,-0.00016966568494858043,0.0029148058010965865,2838.265,4561.047091757926,15344.857247711148,302,B0006,149,1.2534354284944844,24,0.6158366228941904,0,1,1.2534354284944844,0.6158366228941904,0.002065702829918736
3.4195489282896943,2.4839695531514434,4.189238693156103,0.24667001643162748,-1.6420364978388977,-2.0181368086516467,0.7774199520441293,33.784170366860046,41.357879741754175,4.440412482093005,-5.557123163223825,2.6682525951063836,-0.00018042287425125577,0.002925963703228003,2864.547,4692.047608956636,15879.626479240087,305,B0006,150,1.28980487732669,24,0.6337056235911394,0,1,1.28980487732669,0.6337056235911394,-0.006333501686233323
3.4151799904187996,2.4675402264113453,4.180842923747738,0.24807422285760142,-1.6194806393973795,-2.014277449216773,0.795052522786553,33.806439563441614,41.37902988743146,4.4572811045999154,-5.464653367488766,2.7186478458075065,-0.00017816742425208327,0.002968887074809564,2846.39,4597.497191564525,15513.59832655618,303,B0006,151,1.2635402021758837,24,0.6208012900462411,0,1,1.2635402021758837,0.6208012900462411,-0.0020560676241165423
3.4154594925159083,2.4946438160388325,4.18123823034649,0.24806170167534514,-1.6048643562670923,-2.0138128429431967,0.8060358618163399,33.63735785291911,41.20920760771975,4.450962807667149,-5.409240308670053,2.7515750622481194,-0.0001743642265437383,0.0029341770749420583,2837.969,4541.586207666722,15307.84239166477,302,B0006,152,1.2479761706842851,24,0.6131543858862737,0,1,1.2479761706842851,0.6131543858862737,0.0010510321730115013
3.4130336456755868,2.4577382116375843,4.1798277092808815,0.2513379562071556,-1.5916400783224374,-2.014917756386988,0.8158903428123626,33.58195933847606,41.20630554355683,4.472326760440252,-5.356016228727405,2.780478503857109,-0.0001765651429598806,0.003026715456439193,2838.156,4503.252358373807,15154.241904114264,302,B0006,153,1.2321202877943334,24,0.6053640895934027,0,1,1.2321202877943334,0.6053640895934027,0.003193441647404827
3.409452435657409,2.40986495422137,4.180792839927961,0.25541755590484166,-1.5901105081883435,-2.014930078850297,0.8170438641487501,33.56245583951572,41.28239317323536,4.515353242870561,-5.3439403713239315,2.7820134548193907,-0.00017642495189531247,0.003173942003313143,2829.843,4484.808394898373,15072.377143704336,301,B0006,154,1.2271137666213534,24,0.6029042906907026,0,1,1.2271137666213534,0.6029042906907026,0.005264332374626202
3.4138496008165014,2.479418189447868,4.181365190126037,0.2521876111582164,-1.5767754479909835,-2.0147963353542564,0.8262753136633273,33.5111267532655,41.1595683576961,4.488716863512712,-5.300175150179177,2.811433559879997,-0.00017408524130841353,0.0030061849556951292,2829.625,4446.951895190438,14948.95626754182,301,B0006,155,1.2217397581377356,24,0.6002639382954212,0,1,1.2217397581377356,0.6002639382954212,0.013613023837790861
3.410900672125043,2.434585389303289,4.180594670510683,0.2554146162892581,-1.575262673173442,-2.015518745222527,0.8272958161026505,33.53675907012135,41.230427315370186,4.49738001188431,-5.289886073613284,2.8130951291117405,-0.0001740115020408174,0.00313844876346071,2819.437,4427.343786488875,14867.888599758091,300,B0006,156,1.211102678915174,24,0.5950377393250057,0,1,1.211102678915174,0.5950377393250057,0.010487504652141943
3.4105744140130074,2.425682710641569,4.181424135030176,0.25698194109584227,-1.5684640005188113,-2.0147884579094577,0.8317378025292568,33.498030695567785,41.21487873613708,4.5075717019233785,-5.263547830829929,2.826102346531886,-0.00017260986428271647,0.0031792509624566363,2819.579,4407.919291252369,14792.609435396367,300,B0006,157,1.2056159765131735,24,0.5923420182680926,0,1,1.2056159765131735,0.5923420182680926,0.008472038834222317
3.409651424735992,2.417924401749313,4.181921994951423,0.25819731705646964,-1.5671286757845893,-2.0146138657111945,0.8329428153403723,33.516977262709986,41.27439823262361,4.527649008570073,-5.256245409156323,2.828830262088548,-0.00017202743195038445,0.003215585090340877,2810.672,4390.640886359606,14727.052267875384,299,B0006,158,1.2008936262717274,24,0.5900218379391315,0,1,1.2008936262717274,0.5900218379391315,0.006245332304521201
3.412857837344254,2.4541577949851603,4.179593598747663,0.2562295547306426,-1.5537993411647464,-2.0148417510809367,0.841899863153145,33.531923269271225,41.237668013317766,4.494711757510842,-5.211903516892613,2.8576548659952365,-0.00017197437903695428,0.0031255420154209946,2811.485,4353.600707340378,14604.067569682073,299,B0006,159,1.1905903985558337,24,0.5849596665522202,0,1,1.1905903985558337,0.5849596665522202,0.00730467361310394
3.4134509017056525,2.463616101176541,4.180557596235595,0.25633972565262325,-1.5521827524962775,-2.013981544237104,0.8426741525725665,33.567636169584304,41.24068073261839,4.488739697730475,-5.20621337402205,2.8599209828003893,-0.0001716673037177117,0.0031085003052388027,2802.422,4334.404080290584,14538.110230217259,298,B0006,160,1.185179251041941,24,0.5823010670462684,0,1,1.185179251041941,0.5823010670462684,0.0073121014191589225
3.414388187503409,2.470375229475307,4.181414159913002,0.2568441721022827,-1.5452652929126827,-2.014023708028726,0.8470345896109175,33.60493096509702,41.28133907077437,4.480792235047609,-5.1816220414670315,2.8735707409157385,-0.00017138369318619155,0.0031186551607840173,2801.625,4314.233491604991,14466.976477501736,298,B0006,161,1.1796706818144624,24,0.5795946024028492,0,1,1.1796706818144624,0.5795946024028492,0.006286399420142308
3.412419038813061,2.4357634426689945,4.180815073540562,0.2599377773002801,-1.538651770825325,-2.016504705213686,0.8513560117080599,33.54281440778599,41.28338645880181,4.497310319961048,-5.15356125091808,2.885148926781222,-0.00017021079940323885,0.00320981848854585,2802.031,4296.1513466003,14389.95839394693,298,B0006,162,1.1745952836753917,24,0.5771009629390572,0,1,1.1745952836753917,0.5771009629390572,0.006204138567556372
3.4148103057455175,2.481190011798763,4.1697037841892834,0.25676219132624173,-1.5169723774339863,-2.0192733708647617,0.8647472127992183,33.472459360982775,41.14919304328959,4.458920775963431,-5.076705604486473,2.925250691849219,-0.00016875837175772543,0.003100867583385023,2793.39,4221.569481222164,14128.074884001568,297,B0006,163,1.15381833159625,24,0.5668928519254556,0,1,1.15381833159625,0.5668928519254556,0.009415058935095467
3.4166177332601,2.491537251958465,4.180283727512206,0.25786885910619006,-1.5238501013926742,-2.014625681416588,0.860389055601429,33.58210389885497,41.26268252018065,4.465400116342418,-5.104158745985361,2.913859386584564,-0.00017081389602408654,0.0030929733432057496,2793.39,4240.985499029645,14205.887599809088,297,B0006,164,1.1644009557372264,24,0.5720922960804411,0,1,1.1644009557372264,0.5720922960804411,0.005237888563721471
3.4121341541171764,2.40904100737121,4.181170015245673,0.26372718676135337,-1.5237928146868023,-2.016243208356173,0.860432977723366,33.6634605108384,41.45791806300034,4.507073999103317,-5.097065223649249,2.9120297506192507,-0.0001740755135060774,0.0033042213869381716,2792.485,4239.547320942481,14181.505884397931,297,B0006,165,1.1587974947916069,24,0.5693392093343496,0,1,1.1587974947916069,0.5693392093343496,0.005276351250066824
3.419700177568569,2.475767645530351,4.1575524997258,0.2529109631298057,-1.5391310859398721,-2.013736316594881,0.8511924609455339,33.730546074122294,41.11666214070682,4.1670548482657015,-5.167751285241152,2.8897729590652275,-0.0001646975425499619,0.003138183946691583,2802.016,4297.897142062298,14430.942129451749,298,B0006,166,1.1749748834769171,24,0.5772874675283711,0,1,1.1749748834769171,0.5772874675283711,0.0009391596675090597
3.4234687742187893,2.4160441724133666,4.188511527828155,0.2619158664193414,-1.5426703969635052,-2.014876364498059,0.8495522069665737,33.8912822372509,41.36263766174168,4.080219455624845,-5.190470953270526,2.8941455295904066,-0.0001774874755084304,0.003280480104849483,2820.39,4336.517517249374,14591.169953563818,300,B0006,167,1.1856752327929356,24,0.582544752296905,0,1,1.1856752327929356,0.582544752296905,-0.0022159898235087905
3.522006703394617,2.145975766935391,4.199497433806136,0.2874452516516923,-1.8691188840185695,-1.996867242177128,0.4752966796525294,32.62485875142121,40.59042914535701,3.8821725491629793,-6.624954000141948,1.7559937986249232,-0.0003048810407708116,0.0020523022880631304,3690.234,6908.506132600241,24441.964072416064,197,B0007,0,1.89105229539079,24,1.0,159,0,1.89105229539079,1.0,-0.0
3.5319490434317116,2.111016698785212,4.198510349854315,0.2797089856913086,-1.8680422715350309,-1.994391196351152,0.47659959994822176,32.738209593287145,40.26023408628707,3.767777623445933,-6.639607074636258,1.7603182592013933,-0.0003011527360923128,0.0021819155477925,3672.344,6871.013830568192,24378.966695725037,196,B0007,1,1.880637027686859,24,0.9944923428456648,158,0,1.880637027686859,0.9944923428456648,0.010415267703931086
3.5344025220217845,2.025108512818265,4.198280074112568,0.28372654574505013,-1.877784734502072,-1.994681656822022,0.4584167741596034,32.68511456550919,40.27558633997852,3.746724750145294,-6.67520941185082,1.7015636644173604,-0.0003069898517938857,0.002386330710156537,3651.641,6871.014159526745,24382.734264683822,195,B0007,2,1.8806626717011388,24,0.9945059035569906,157,0,1.8806626717011388,0.9945059035569906,0.00519481184482562
3.53492504932652,1.922542180649595,4.198267468745592,0.29008702878464626,-1.8875256535871225,-1.9952731083659303,0.43922371626617773,32.554748499572646,40.29314715799111,3.748713692085809,-6.707176467154983,1.6408884637963566,-0.0003155093180735158,0.002620056610280347,3631.563,6871.652667243518,24374.58746752517,194,B0007,3,1.8807709009833444,24,0.9945631358622364,156,0,1.8807709009833444,0.9945631358622364,0.0034271314691485255
3.534536640068787,1.871159045064988,4.198464224146956,0.2922064159996837,-1.8871559747738404,-1.9935500451030048,0.439454184988277,32.46787845303298,40.2688726302198,3.7573999948437553,-6.705121582544916,1.642859057385833,-0.00031454913427421605,0.0027443513247873193,3629.172,6866.284685732925,24353.130912128203,194,B0007,4,1.8794508728285055,24,0.9938650969142622,155,0,1.8794508728285055,0.9938650969142622,0.0029003556405711173
3.5411626672196816,2.175686706590344,4.197967993115647,0.26674308476358344,-1.8675154082122565,-1.994104174576412,0.47752624091693197,32.48624734055599,39.67620802332074,3.7187797514899983,-6.65194523880405,1.7613025777791995,-0.0002916059656964145,0.00206356127038276,3652.281,6831.306391583343,24292.27709693388,195,B0007,5,1.8807003517117404,24,0.9945258289766596,154,0,1.8807003517117404,0.9945258289766596,0.0020703887358099137
3.541165612176161,2.111788715601944,4.198023461704379,0.27118633921124835,-1.8673304059806155,-1.993164510431567,0.4774906738400573,32.55779966353037,39.80381766292616,3.7152261569509877,-6.652221392239738,1.763539962370376,-0.00029531475962654295,0.002193901419003484,3650.828,6828.484882434723,24285.323216972763,195,B0007,6,1.8799352523566075,24,0.9941212397661985,153,0,1.8799352523566075,0.9941212397661985,0.00014035506605027947
3.5494581176357975,2.026250619894166,4.199372697237068,0.27297824294152273,-1.9063154499484403,-1.9936540341331743,0.3979115030496563,32.45374435641106,39.88810476942348,3.6675006928635696,-6.789979549650178,1.4969712946044234,-0.000316720075294426,0.0024131105167382013,3572.453,6833.919541640358,24300.608439893207,191,B0007,7,1.88150881240388,24,0.9949533479268812,152,0,1.88150881240388,0.9949533479268812,-0.00016922814054822765
3.550280546407974,1.950589433290604,4.19921182024681,0.277129615448618,-1.9164259300038171,-1.99377953803378,0.37443743546277825,32.373246444985035,39.95162250671474,3.662879470802171,-6.823014003247461,1.421717958015785,-0.00032926176146279464,0.0025815284726361212,3550.594,6830.843583407357,24278.17388028849,190,B0007,8,1.8696907870385844,24,0.9887039039563995,151,0,1.8696907870385844,0.9887039039563995,0.0022160227889520103
3.5481347674910286,1.868824706765806,4.198957678253482,0.283812978267983,-1.9165016044519982,-1.99378312138298,0.3742086617157418,32.30534276235138,40.05202185471829,3.6783546666995868,-6.81963043846727,1.4254632596136858,-0.0003277917566596838,0.0027905169978360107,3551.25,6832.736998631871,24270.481928368252,190,B0007,9,1.870052380139199,24,0.9888951165957833,150,0,1.870052380139199,0.9888951165957833,0.0018796985378612963
3.5484272148956437,1.7896213776724978,4.198832114024662,0.28889633724718083,-1.926771167846017,-1.9942511729128332,0.3483926910622938,32.183319483399806,40.1213838436794,3.687673913430504,-6.851706461229862,1.3451557878831375,-0.000338526315274427,0.002997892743876837,3530.25,6832.145568170468,24252.645796493904,189,B0007,10,1.8700442394188577,24,0.9888908117331621,149,0,1.8700442394188577,0.9888908117331621,0.002131222458576554
3.5560433603714667,1.910336108594535,4.198945227315025,0.27604177175304995,-1.936979366983281,-1.9938120330189373,0.3204322222158979,32.378853181816005,40.174657039770814,3.63791535075196,-6.895880640568934,1.2476190112124048,-0.00034274253565270773,0.0027154473070143204,3491.016,6794.8781563214925,24148.816228317453,187,B0007,11,1.8596518987766364,24,0.9833952785490447,148,0,1.8596518987766364,0.9833952785490447,0.004056670715994226
3.5604849642800684,1.9086884059809104,4.199051302806796,0.2717170193494012,-1.947065774665518,-1.9942213710086447,0.2882487625048244,32.2913249500013,40.016434730174936,3.582678179632667,-6.934239811249957,1.1428458497276202,-0.0003520995708116899,0.002721704793692012,3470.281,6793.032226472151,24151.29013493199,186,B0007,12,1.8590746560862208,24,0.9830900290898825,147,0,1.8590746560862208,0.9830900290898825,0.004486831263531821
3.5562872542469752,1.7868782934275431,4.198107645780677,0.2826191895837473,-1.946961601670498,-1.9939995868905829,0.2883646179237529,32.14782797344657,40.16569230743226,3.622670216832461,-6.926131418118453,1.1517308661120513,-0.0003580176580853245,0.0030251217265844827,3470.0,6792.223213301422,24119.95024487372,186,B0007,13,1.8590084577709232,24,0.9830550230165661,146,0,1.8590084577709232,0.9830550230165661,0.0021364658535322433
3.5647746218187315,2.1361343961784502,4.19925638222589,0.25499925957930863,-1.9468510507422583,-1.994356138623711,0.28894202027233323,32.01380948237792,39.46139677634257,3.5707098626275156,-6.9407767853709625,1.1323591635699786,-0.0003410787375463731,0.0022509534942461704,3450.297,6753.4962421129285,24038.304178484694,185,B0007,14,1.8593622586957048,24,0.9832421151057928,145,0,1.8593622586957048,0.9832421151057928,0.0021380242886988475
3.565438928797127,2.0133501283179167,4.199087384946408,0.2598113371383103,-1.957406371900557,-1.9935665024864544,0.25171076392728675,31.881310103471357,39.5636595172155,3.5607713646101002,-6.97331704730926,1.0204289915752562,-0.00028641512620657117,0.0034669060661635847,3429.407,6751.515063213579,24012.57170090249,184,B0007,15,1.8587355450601035,24,0.9829107051087616,144,0,1.8587355450601035,0.9829107051087616,0.002261738871750829
3.565961679108638,1.8575547668336485,4.199009971925293,0.2666938102935131,-1.9680136940585706,-1.993742172224942,0.20658857155432495,31.854304304240507,39.628948319501816,3.552969052142723,-7.004109320745559,0.8968038101562588,-0.0007199811933638348,0.002542505310572945,3409.484,6731.9053082325845,23952.14769996947,183,B0007,16,1.847817291322145,24,0.977137065868551,143,0,1.847817291322145,0.977137065868551,0.0023669214908982996
3.572496559005355,2.165755612420893,4.1985172274243965,0.2443446202400194,-1.9680499927642312,-1.9946244036549008,0.20727562782238032,31.856555404576753,39.22534721491488,3.5240064913765976,-7.017157576244229,0.8746309005516603,-0.0006301973035761215,0.0020737650501081975,3390.422,6694.547754708326,23859.983528968027,182,B0007,17,1.8485252916137047,24,0.9775114607455649,142,0,1.8485252916137047,0.9775114607455649,0.0021098728945032176
3.5699492020415136,2.0270686341513207,4.198245740608724,0.25329366708168694,-1.9680218912213907,-1.994455565707021,0.20716884485636725,31.867182607083926,39.4126321606434,3.5311983271559155,-7.012093937656036,0.8844370251820673,-0.0006736882327388922,0.0023260813062707304,3390.281,6694.176294197045,23842.5615710973,182,B0007,18,1.848378951850034,24,0.9774340753850292,141,0,1.848378951850034,0.9774340753850292,0.0021259011841778365
3.5464338449590023,1.905311669649934,4.196262462698172,0.2870418502164071,-1.9066656790606793,-1.9992261048783584,0.3970264906393027,32.35216872128999,39.95874037686836,3.6200786747538674,-6.788772851137487,1.5009358622102351,-0.0003288186853575749,0.002613631425049599,3591.734,6871.529099649191,24423.22612205082,192,B0007,19,1.8807805437609768,24,0.9945682350219244,140,0,1.8807805437609768,0.9945682350219244,-0.0042836570130543985
3.5531968089006387,1.7951975189442124,4.1969587758867,0.28839720112764217,-1.9267118604677658,-1.9940266531677509,0.34743557997528324,32.60219299451182,40.31302300333008,3.6093196321224954,-6.862612088477351,1.3415574609450684,-0.00034916650183015077,0.00287769917355482,3552.297,6873.615268552116,24438.834666160474,190,B0007,20,1.88147215974436,24,0.9949339657767369,139,0,1.88147215974436,0.9949339657767369,-0.004547322936851295
3.5599340214678805,2.1058524852518143,4.197071720130598,0.262396085205122,-1.9260915660103675,-1.993858646326954,0.3484920989459363,32.19571819720114,39.359447242364645,3.5383074860799546,-6.870777858957392,1.3284311988329602,-0.0003341509769995293,0.0022004828604033923,3531.578,6832.077049826432,24332.51724001705,189,B0007,21,1.8810954313244783,24,0.9947347494881129,138,0,1.8810954313244783,0.9947347494881129,-0.006655628000466684
3.5595604968238,1.846021007590992,4.19690260801443,0.2755055664428784,-1.9468340181835688,-1.9927272592846583,0.28754259789672953,31.805988160181123,39.454159451189874,3.5365956799637432,-6.9324846614732625,1.1433433923668845,-0.00035806914620187095,0.002815034768352249,3492.907,6835.947767654334,24299.171925709685,187,B0007,22,1.8710089649779995,24,0.9894009644991608,137,0,1.8710089649779995,0.9894009644991608,-0.00449673467285896
3.552385161941813,1.7370300333706354,4.1966416719103465,0.28817671720490146,-1.936419689671865,-1.9934659604006035,0.31982012695944373,31.737001978644926,39.64174827400944,3.6015349556344587,-6.8882633299564064,1.2537367465305016,-0.000352094561738901,0.0030847938686611094,3511.594,6832.822285761263,24262.086625443444,188,B0007,23,1.8701995151941373,24,0.9889729225111972,136,0,1.8701995151941373,0.9889729225111972,-0.004364112668820664
3.5707670304281067,2.0506492642329937,4.1971302559922,0.2505087558173121,-1.9675984733558025,-1.993000639305042,0.20616966472270118,31.51707667966367,38.86906912217273,3.467097459094623,-7.012299311082378,0.8781179242968118,-0.0006585669915691985,0.0022776087872365108,3431.9370000000054,6774.634673998767,24133.945426738814,184,B0007,24,1.8706715362800983,24,0.9892225301434723,135,0,1.8706715362800983,0.9892225301434723,0.0020218014961757014
3.5657224847439295,1.8254369744762284,4.19652461108806,0.26724293226716145,-1.9680130544442065,-1.9947910338783703,0.20601669067896197,31.442860781038384,39.11839966443177,3.4910890369414163,-7.003779503890719,0.8960121586878133,-0.0007240664282279608,0.00260408593997355,3431.125,6774.5436224627865,24100.59230767601,184,B0007,25,1.8596124644020169,24,0.9833744254109715,134,0,1.8596124644020169,0.9833744254109715,0.004371939068468622
3.5712835067487103,2.134879000684994,4.196790308710931,0.24546299726358747,-1.9675572757550353,-1.9956093835681803,0.2067971048262254,31.32326275303232,38.68010761281634,3.477481789559444,-7.013088954536514,0.8743224591876619,-0.0006345884937756081,0.0021137876917048403,3412.406,6736.26698191823,23999.744570906827,183,B0007,26,1.860033909718346,24,0.9835972882674648,133,0,1.860033909718346,0.9835972882674648,0.004212304321226457
3.5679716274891398,1.970455493406623,4.196693048697735,0.25638309012875793,-1.967618505240168,-1.9936520198661491,0.20657115133389814,31.28571570579735,38.863045678198645,3.496093238915817,-7.0067311543013435,0.8850909910880046,-0.0006858082870652819,0.0024058480590144478,3410.688,6733.10753943496,23967.570064657448,183,B0007,27,1.8591653109160768,24,0.9831379679174215,132,0,1.8591653109160768,0.9831379679174215,0.002368730812384534
3.5646314038791784,1.813269430976001,4.197078923354,0.26883924797275666,-1.9678214300979182,-1.9944764248874856,0.20655645682563994,31.331850868998007,39.14531169811219,3.5126895678617203,-7.000838666161851,0.8990226883449515,-0.0007302119544436622,0.002604903326186713,3410.718,6733.748833849242,23948.54381698352,183,B0007,28,1.8481398178778288,24,0.9773076198804469,131,0,1.8481398178778288,0.9773076198804469,0.004411939463261705
3.568983888921194,2.048365732409564,4.196062203382386,0.2510097241436422,-1.9675056354779956,-1.9940826161567085,0.2070579900700325,31.32285733932258,38.8380564174779,3.4937493267933277,-7.008310778196663,0.8807344662130819,-0.000666879513725672,0.0022953044839071953,3392.719,6697.249492289366,23846.89384782667,182,B0007,29,1.849201702126164,24,0.9778691507545129,130,0,1.849201702126164,0.9778691507545129,0.004293966830786866
3.564620688944316,2.181560983985832,4.206531081984383,0.24235648397605905,-1.9683447778186902,-1.994081294125572,0.2052121714544895,31.608436452122476,38.95965174080089,3.51820888005486,-7.0173652761767356,0.864721541362826,-0.00036319034413573493,0.002789099860953917,3470.672,6847.785459059808,24408.427918886446,371,B0007,30,1.8834677437950849,24,0.995989242807197,129,0,1.8834677437950849,0.995989242807197,-0.004771055878613595
3.5694388142217837,2.1177799354077496,4.203187727641822,0.23904274000018072,-1.9788067754387157,-2.003329552797809,0.1469868865058396,31.782101501165204,39.05387577229197,3.380302800718849,-7.056294581463472,0.7013964951834911,-0.0006256933429901157,0.0021432915179074733,3414.109,6764.3470815221735,24129.77427935006,365,B0007,31,1.8628211117905844,24,0.9850711777410832,128,0,1.8628211117905844,0.9850711777410832,-0.0005574404144476741
3.568742147335628,2.1637448793153697,4.202997027311235,0.2361226467707183,-1.9785908218423578,-1.9938003511879971,0.14711734266167353,31.51504198920288,38.699551697978606,3.363520252997762,-7.054124414620691,0.6975927695968446,-0.000614208143975515,0.0020757932906548563,3395.219,6726.033081396137,23987.83359541234,363,B0007,32,1.852085039652352,24,0.9793938772431541,127,0,1.852085039652352,0.9793938772431541,0.0014160542527449581
3.5642424070467817,2.045656147205805,4.2027504558714135,0.2435637592164921,-1.9784335668087778,-1.994233953094661,0.1472609174758871,31.13866351339678,38.6052414906155,3.4075643650648044,-7.044595156577946,0.7074082964911631,-0.0006510350740712538,0.0022553013007757606,3386.0,6707.389692179513,23891.41868345787,362,B0007,33,1.8469504648208708,24,0.9766786827220949,126,0,1.8469504648208708,0.9766786827220949,0.0002378706113915996
3.5653038098527605,2.1356202266992863,4.202665067816707,0.2380524119042055,-1.9781601679702336,-1.9932621441916,0.14777650141295554,31.068710515588776,38.42604747702835,3.3689280446409944,-7.045678584446041,0.7014172665798813,-0.0006279688969874396,0.002139733966212655,3368.187,6671.150132704075,23768.886399674222,360,B0007,34,1.836828431169018,24,0.9713260895248977,125,0,1.836828431169018,0.9713260895248977,0.0024746541914292043
3.565432167703823,2.042987153745025,4.20243913428064,0.24360198231062682,-1.9783765899690637,-1.9932668899112056,0.14769064609715238,31.618244836823447,39.0468968949422,3.4394022053585354,-7.046713538369246,0.7086418670080936,-0.0006544303295253602,0.002276421203908922,3368.266,6672.151809029574,23773.576959018887,360,B0007,35,1.8371619619672277,24,0.97150246264743,124,0,1.8371619619672277,0.97150246264743,0.009261156365571432
3.5622303163451425,1.978616239411895,4.202794567899269,0.2483709363008351,-1.9780771457931066,-1.9945447573637072,0.14807220716513025,31.331528063668397,38.83676495861389,3.4134531573772566,-7.039281099796522,0.7160456161027826,-0.0006749591987795223,0.002364028361964509,3358.719,6652.376491043184,23681.533854575115,359,B0007,36,1.8316722583718852,24,0.9685994738677315,123,0,1.8316722583718852,0.9685994738677315,0.006229770683739843
3.564481026852489,2.15845357648832,4.203135326288817,0.23693822731644562,-1.9780971417908424,-1.9937887547057835,0.14843712211776988,31.132569191182142,38.49981470604549,3.426266595856784,-7.0437699495593735,0.701706950415495,-0.0006277886038074468,0.002127756468840092,3339.5,6614.384214392067,23560.516085407955,357,B0007,37,1.8211470951317783,24,0.9630337032828774,122,0,1.8211470951317783,0.9630337032828774,0.006187588904114749
3.561614556780574,2.092603698932653,4.202837061508687,0.24121089374904708,-1.977978349880126,-1.992201283338572,0.1485468782929041,30.972969676157927,38.582340147970775,3.4730985811134674,-7.037656649721387,0.7074438168351863,-0.0006483427105789632,0.0022236705517827866,3331.265,6597.7031069271825,23482.205072106877,356,B0007,38,1.816506091511515,24,0.960579512231908,121,0,1.816506091511515,0.960579512231908,0.006088874661871158
3.5630587459190144,2.152888643167804,4.202745735932991,0.2377592209805917,-1.9784334957218424,-1.9945004268443045,0.14869563071084269,31.1990648511682,38.787499833494046,3.499964417763432,-7.042138116767555,0.7034700554529937,-0.0006319698212644719,0.0021320984562584,3321.188,6579.09982256612,23425.48136314055,355,B0007,39,1.8113815601504557,24,0.9578696287593305,120,0,1.8113815601504557,0.9578696287593305,0.005089374203712449
3.5629534367704405,2.0537418826405966,4.203198796599359,0.24427062964618607,-1.9782873833989176,-1.9931746766502971,0.14888480509231408,31.722267598269813,39.31221126031847,3.4895357736270385,-7.041358604250413,0.7124598913661336,-0.0006612060811209525,0.002277538947676964,3321.844,6579.968961470834,23427.659440254363,355,B0007,40,1.8116056333939583,24,0.9579881200586186,119,0,1.8116056333939583,0.9579881200586186,0.005111265714653879
3.5634460120762426,2.079330058633996,4.202901668731174,0.2429287782575352,-1.9781961432676651,-1.9946160382197375,0.148965936617679,31.900827580605675,39.40567993360536,3.4537324406933534,-7.042054783124613,0.7112726812773551,-0.0006571307944207052,0.002260015070136832,3311.828,6559.897044962829,23359.921937737956,354,B0007,41,1.8060548955557405,24,0.9550528559986309,118,0,1.8060548955557405,0.9550528559986309,0.005123472563228937
3.563998342345823,2.075979330452076,4.196154302326916,0.25327029403423074,-1.9670969462670498,-1.9952878943511756,0.2090627886753873,31.5372402498617,39.32802757827611,3.5356532818719244,-6.996683647278381,0.8881969170755493,-0.0006691927064285925,0.002209268680522881,3327.391,6567.3303866909655,23350.21874582384,179,B0007,42,1.8132041826994056,24,0.9588334426916011,117,0,1.8132041826994056,0.9588334426916011,0.0015885824864745324
3.5604902283110547,2.0674349483094465,4.204477224486428,0.24529230432510515,-1.9781214643703728,-1.9951041266249487,0.1489594972779903,31.24662583059252,38.6112528181758,3.352701649272975,-7.035874051613375,0.7139115735690409,-0.0006609914474963489,0.0022484384901191377,3312.078,6560.268735326095,23342.279506396728,354,B0007,43,1.8062641938283532,24,0.9551635342031009,116,0,1.8062641938283532,0.9551635342031009,0.00204837953663235
3.5567002097886946,2.037264031192436,4.20211656315423,0.24718150200077493,-1.9780364457328714,-1.9939079880095487,0.14942845621226614,30.939399361884792,38.56972695128688,3.427249603700407,-7.027997641263673,0.7170334815343968,-0.0006732048907477571,0.002301792758649769,3293.172,6522.590443173198,23182.839722861598,352,B0007,44,1.7958310249900458,24,0.9496464108196084,115,0,1.7958310249900458,0.9496464108196084,0.003110107032081988
3.558412726344602,2.1632674190148338,4.202901194454151,0.2397240468529603,-1.977935781469453,-1.9931708315999248,0.1499746649560789,30.884857004354572,38.34572083526661,3.4451204067835484,-7.030963966929017,0.7084337754522511,-0.0006387408391589637,0.0021133443822546486,3275.328,6486.824978996619,23065.244919610515,350,B0007,45,1.7858852600390451,24,0.9443870295876657,114,0,1.7858852600390451,0.9443870295876657,0.005144074670982634
3.556136820956993,2.106631526845483,4.201790697233378,0.24353239714133768,-1.9780170042003,-1.9937766833094568,0.14992267004756327,30.920682316695828,38.48254063494672,3.482820431217398,-7.026734787284889,0.7130715033358995,-0.0006583342503928796,0.002204627241099048,3265.016,6466.720646177323,22979.85334594737,349,B0007,46,1.780326860450275,24,0.9414477139472056,113,0,1.780326860450275,0.9414477139472056,0.0051456070210930795
3.568999942180493,2.1809272860788376,4.191916354433964,0.23779858875750912,-1.9779140108313502,-1.993416647067197,0.14860159467659112,33.880577817079796,41.0499421893331,3.2529605532130024,-7.052225033682038,0.704122146019975,-0.0006177920493299762,0.002005171872127973,3328.937,6592.600990361108,23514.73536347045,356,B0007,47,1.8150756899575575,24,0.9598231071565729,112,0,1.8150756899575575,0.9598231071565729,-0.00037430145163037666
3.571059290544873,2.1773498094527195,4.20342192245769,0.23785906798506715,-1.978162017642311,-1.994657617315832,0.14858283335477085,33.038339318294426,40.361944885615415,3.3468582106910603,-7.057055086772032,0.704008142932875,-0.000624631182245151,0.0020813459920546486,3329.266,6594.257901910127,23533.519181029555,356,B0007,48,1.815702515484584,24,0.960154576322473,111,0,1.815702515484584,0.960154576322473,-0.0018876643312461638
3.5666921284622095,2.180136101967249,4.202807443974011,0.23760527129618003,-1.9779553399945098,-1.9927642557550824,0.1492321114384013,32.27329169539202,39.6676965288026,3.3756627697109653,-7.047600377217193,0.7050132263813358,-0.0006282055077803298,0.0020932136648151214,3301.579,6538.742524499532,23306.433196471073,353,B0007,49,1.800243217805667,24,0.9519796053200332,110,0,1.800243217805667,0.9519796053200332,-0.0008824385631242659
3.563327431073248,2.128629519907685,4.203276539809248,0.24105488010739887,-1.9779914337720734,-1.9950332824030972,0.14961359454639447,31.937919783481355,39.481181404811096,3.4434366715436253,-7.0410062248815315,0.7102793803101226,-0.0006487443568268803,0.0021905657261209466,3283.563,6503.163728998783,23157.519978178516,351,B0007,50,1.7904476205609308,24,0.9467996336880419,109,0,1.7904476205609308,0.9467996336880419,-0.0009124721043771266
3.5590146214829015,2.155901281560187,4.202580870413733,0.24277115965808288,-1.9721889844228178,-1.994232501388858,0.18321554183214092,31.688686599521045,39.4190511430692,3.496381532348714,-7.015960287080689,0.8014722321023869,-0.0003196132226743116,0.004229264587425727,3275.125,6476.450167872337,23034.350185614603,350,B0007,51,1.780343032300132,24,0.9414562657201504,108,0,1.780343032300132,0.9414562657201504,-3.2343699713610617e-06
3.5566945836342914,2.067103728219671,4.203244171517053,0.24879599446153314,-1.9723254573804139,-1.9927179646840103,0.18341975964719076,31.779120691032947,39.72196117128354,3.5555343792070584,-7.011982811054159,0.8087111605184333,-0.000319618802483992,0.004639007888095677,3265.656,6458.3466434041875,22954.263595869026,349,B0007,52,1.775328769596812,24,0.9388046929870528,107,0,1.775328769596812,0.9388046929870528,0.00794938407214909
3.555013984911923,2.061983186454309,4.202697222668131,0.2513247440204203,-1.9668382736785281,-1.99371542403896,0.21152672057298152,32.133873372089305,40.041366724781085,3.5837263034233016,-6.992797946120343,0.8916737529224035,-0.0003731339141108992,0.0034042751195235976,3266.093,6440.141418353045,22890.2514973858,349,B0007,53,1.770262973473285,24,0.936125869066702,106,0,1.770262973473285,0.936125869066702,0.009087908402259792
3.5526373754067415,2.143037413381466,4.202581421564202,0.24843977298975742,-1.960929600351624,-1.99255052774098,0.2366096302019096,31.889431533099835,39.66314441864834,3.551631064170751,-6.970038237803492,0.9634520611700763,-0.0003557040488899427,0.003142206912610362,3257.594,6403.4308640639165,22754.537486240362,348,B0007,54,1.760081061854204,24,0.9307416120348377,105,0,1.760081061854204,0.9307416120348377,0.008032431190292622
3.547186025484395,1.992905798820928,4.201275185814673,0.2591347484640653,-1.9607588424014128,-1.994265959280498,0.23690268546827994,31.817363280281278,39.84751541049116,3.6103735193823874,-6.959175730116882,0.9739181718920681,-0.0003628699571506254,0.0036627155095847216,3248.593,6385.254766358032,22655.397491730302,347,B0007,55,1.749647593537689,24,0.9252243302854406,104,0,1.749647593537689,0.9252243302854406,0.008160005404648363
3.546814755244375,2.0335961968180234,4.202508747096239,0.2566708502475146,-1.9607439129501683,-1.9932021181710204,0.23725449124295286,31.72316205746117,39.74335777163101,3.6410744013520295,-6.958139755763858,0.9724002086430791,-0.0003646247114901059,0.003496436742747696,3238.766,6366.163485829378,22584.439394696303,346,B0007,56,1.749650075059311,24,0.9252256425292258,103,0,1.749650075059311,0.9252256425292258,0.006138591448164199
3.544785017297267,2.0213017345171265,4.202333230196108,0.2590391092431144,-1.9550964299704847,-1.9932663431900044,0.2595637502376604,31.957150654392294,40.07246786936068,3.7216440740239527,-6.937088209328078,1.0419346693598477,-0.000350156964630642,0.0035511477491583,3240.14,6349.5349867747045,22522.41508639002,346,B0007,57,1.745028739214683,24,0.9227818519180979,102,0,1.745028739214683,0.9227818519180979,0.0060600060764258055
3.5465215420964156,2.0789964919635966,4.202490707154508,0.25599663439330134,-1.955058998571939,-1.9938941800121164,0.2597754002497576,32.29917704213345,40.24771611400392,3.631661556788779,-6.940198013498438,1.0405456512995264,-0.00034942719774653033,0.003371475782544766,3230.109,6329.910120917478,22463.32704817855,345,B0007,58,1.739645745528673,24,0.919935291989993,101,0,1.739645745528673,0.919935291989993,0.0061234455889224385
3.540832547654255,1.9925354808829656,4.202290557382721,0.26379819868341925,-1.9491545130405277,-1.9929599237339224,0.27992445983861897,32.128842946565555,40.27220819224188,3.646211067036828,-6.911023399776703,1.1092718008033466,-0.0003429734349624146,0.003647177472911976,3229.7810000000027,6309.300730706707,22363.565571413368,345,B0007,59,1.7285642277717963,24,0.9140753177397375,100,0,1.7285642277717963,0.9140753177397375,0.006303366816481537
3.5429925113583938,2.14041602578448,4.20313824854604,0.25433595231008316,-1.9485230174751031,-2.002837999763986,0.28102302501991017,32.021134355757404,39.89848456781458,3.6712023779065106,-6.912253455859524,1.105339351289458,-0.00033439626117909673,0.0031920788503974327,3212.469,6273.4129435230825,22247.7046894303,343,B0007,60,1.723900324588418,24,0.9116090172599749,99,0,1.723900324588418,0.9116090172599749,0.005149453789854208
3.5360811169860216,2.006753861515003,4.202703239422359,0.2648942463001822,-1.9431227050969846,-1.994963835157279,0.29989514018536995,31.859048861486652,40.0571305311587,3.723390766043564,-6.882449527140803,1.1722701389326773,-0.0003307179002211863,0.003615100389886874,3213.219,6256.913737317048,22153.732624047872,343,B0007,61,1.7139788776485192,24,0.9063624955407813,98,0,1.7139788776485192,0.9063624955407813,0.007134239482158344
3.5392436935272635,2.121868132176415,4.202907102508285,0.25696742774933107,-1.9430080085541772,-2.0016459444206927,0.3003153138279422,32.16100333536097,40.240711749549135,3.7924212267055384,-6.887775185660468,1.1678409813875699,-0.0003261546949216552,0.0032473170782267914,3203.578,6237.65382814911,22104.828405935114,342,B0007,62,1.7139701997004613,24,0.9063579065888634,97,0,1.7139701997004613,0.9063579065888634,0.006211707902844354
3.5348237062932575,2.011964875882845,4.201457080806326,0.2662038409344857,-1.9425165961920092,-1.9940444299252396,0.30097409237921163,32.10276048728767,40.12941739090177,3.6038326573225334,-6.8779404472051,1.1764408625125424,-0.0003281471679503215,0.003619179834085598,3195.125,6219.990190509386,22014.79023618806,341,B0007,63,1.7036521173638766,24,0.9009016416501656,96,0,1.7036521173638766,0.9009016416501656,0.007198725632959269
3.5366477402090606,2.0744390946376323,4.204304103661928,0.2616558182168718,-1.9370190075205085,-1.99394242124594,0.3186080584168873,32.33880662180898,40.3959693732437,3.7734678513608726,-6.863863956913535,1.2298096863494516,-0.00031727271740276323,0.0034266416808980092,3195.312999999994,6201.882124801788,21969.15285746268,341,B0007,64,1.7040137474382486,24,0.9010928738414982,95,0,1.7040137474382486,0.9010928738414982,0.004910096066709535
3.5352062840980913,2.188793384556236,4.20220228055958,0.25544791069144723,-1.9310192096578356,-1.994068391906693,0.33583111935932713,32.21373014824893,40.18751058333668,3.8064744671288735,-6.840853156092582,1.2811586574033058,-0.00030555362107889433,0.003059984438736244,3186.297,6164.423128760707,21831.267018773564,340,B0007,65,1.6935716157343033,24,0.8955710108399318,94,0,1.6935716157343033,0.8955710108399318,0.00606574177082293
3.5329852237553396,2.1739523632140685,4.202001482736379,0.25706788640824413,-1.9304738354803441,-1.9931157642861432,0.33610450717728846,32.09949526722965,40.14605167557969,3.8368014709408094,-6.834541734485141,1.2824785443321294,-0.00030966392958436294,0.0030867703053708098,3176.438,6143.095193348614,21741.2372268357,339,B0007,66,1.6876577363877656,24,0.8924437153331117,93,0,1.6876577363877656,0.8924437153331117,0.005264228252150715
3.532158560934324,2.1783847786257136,4.202600613133091,0.25743321846075945,-1.9305510314753316,-1.9932876007572091,0.3367955832619307,32.11305439113157,40.18846095484838,3.8534531796730453,-6.833212749507018,1.2850871863202398,-0.00030831673463634665,0.0030893510251061573,3167.593,6126.683068357941,21677.91972242271,338,B0007,67,1.6830744356583152,24,0.8900200379231206,92,0,1.6830744356583152,0.8900200379231206,0.006179152808429222
3.5308376380023527,2.191481814157953,4.202328519159183,0.25735132818647616,-1.9247195409983122,-1.9932567265208057,0.3526649608118805,32.20371989479744,40.2789498830108,3.8766566501795006,-6.811665433094489,1.3367625850510616,-0.00029847114754014554,0.0030786457160068797,3167.719,6107.9126485565885,21608.632995044063,338,B0007,68,1.6779270142025482,24,0.8872980500287017,91,0,1.6779270142025482,0.8872980500287017,0.005145020632265673
3.5296958440720005,2.1753473356526807,4.202855889678493,0.25903317835716594,-1.9245739020356052,-1.993361006627344,0.35306848458191703,32.23340825772458,40.310727434969614,3.8809728822466503,-6.809029262542207,1.3390953516312694,-0.00030036975024741073,0.003127920469933144,3159.077999999994,6091.007656863163,21542.10471533012,337,B0007,69,1.6732060275966172,24,0.884801563486559,90,0,1.6732060275966172,0.884801563486559,0.006161543968326288
3.528181937212609,2.1832922624558813,4.202212609390717,0.2590267647030847,-1.9243785304854075,-1.9942955362628867,0.353697587121458,32.212169716369466,40.31733812871393,3.8971109679122358,-6.805283215644494,1.3406245557366057,-0.0003015869102507638,0.0030959600028894656,3148.829,6070.148019986604,21458.932574588776,336,B0007,70,1.6674367208253988,24,0.8817507188402843,89,0,1.6674367208253988,0.8817507188402843,0.005226978981780883
3.5265730179666974,2.192864020990023,4.202335745153063,0.25895117983184,-1.918402879916178,-1.9951017113211476,0.36885103516009277,32.21746401954225,40.332563430145015,3.9188768246622394,-6.782469196638679,1.390067157823291,-0.0002944108218629571,0.003069598031671951,3149.094,6051.48654085298,21387.098833956436,336,B0007,71,1.6622662630667526,24,0.8790165492082501,88,0,1.6622662630667526,0.8790165492082501,0.005078294664202598
3.5245022548553444,2.156097212664392,4.201997273379946,0.2617924505301997,-1.9181664471622712,-1.9939693898192543,0.36930143578125346,32.23410177209761,40.431258866851486,3.942520290742137,-6.777915180888027,1.3928902384134227,-0.00029724172240983313,0.003183427633620268,3140.547,6034.237047476324,21314.236574729377,335,B0007,72,1.6574243065763063,24,0.87645609305257,87,0,1.6574243065763063,0.87645609305257,0.005130025816401762
3.5228548406546385,2.138540138129487,4.201599523927098,0.26334902608175864,-1.9180994998619483,-1.9959097500887344,0.3697212191012892,32.228343983674435,40.46247985933005,3.9516136358563103,-6.774574138744443,1.3947709824272367,-0.00030083063930504795,0.0032185240630994943,3131.625,6016.771361909887,21242.64564900756,334,B0007,73,1.652538684928734,24,0.8738725464951953,86,0,1.652538684928734,0.8738725464951953,0.005077665854762836
3.5222829121237855,2.1646493163558524,4.20196227209543,0.2622165090473685,-1.9179522150901993,-1.9950531920364836,0.37044098531645425,32.1833106060944,40.40103455658551,3.9545831460419625,-6.772661287176884,1.3962568782003781,-0.00029760827951177894,0.0031618034457789527,3121.907,5997.41897697447,21170.158741742867,333,B0007,74,1.6472174627573322,24,0.8710586517211737,85,0,1.6472174627573322,0.8710586517211737,0.005197712967857005
3.5189923820688493,2.1187211383693167,4.202045571197949,0.26579878809823443,-1.9116539768893375,-1.993252278498655,0.385013243725902,32.17200142078129,40.4426971996319,3.989270609895539,-6.74572964064913,1.4457291179183072,-0.0002933983937538959,0.0033282271783436302,3122.125,5977.757187535422,21086.023704457704,333,B0007,75,1.6364136810898071,24,0.8653455460107404,84,0,1.6364136810898071,0.8653455460107404,0.0062046079471183456
3.5177844279570794,2.1377868706438155,4.204697039833386,0.2660021511721999,-1.9115865510736891,-1.9934424013813437,0.3850783041628466,32.03316223587618,40.26214977673693,3.928321114584467,-6.742844985078208,1.4458349277120686,-0.0002921449243626204,0.0032701479549466584,3121.672,5976.922248045474,21074.562547989233,333,B0007,76,1.6362554312048496,24,0.8652618625053486,83,0,1.6362554312048496,0.8652618625053486,0.0052021663723806014
3.5212226057273495,2.103155697792567,4.203964293328523,0.267463244027458,-1.9176487188202131,-1.993721164618022,0.3703282072913336,32.506671891788216,40.64566836195685,3.8630211711377953,-6.770428103284834,1.3990586484585987,-0.00030232024827310164,0.0033663946139206604,3120.86,5994.684477566463,21157.523682342053,333,B0007,77,1.641119179218384,24,0.8678338421514901,82,0,1.641119179218384,0.8678338421514901,0.0032610254715844888
3.5172227884430147,2.186737546753024,4.201985395805308,0.26251805234594217,-1.9111337702474194,-1.995080127131668,0.38598636340884585,31.961039485620926,39.95209030011925,3.9075613618643468,-6.739694572853712,1.44632713457352,-0.0002924352970556583,0.003109003338036156,3103.828,5941.251542424878,20943.90571315863,331,B0007,78,1.6315700789656966,24,0.8627842196339309,81,0,1.6315700789656966,0.8627842196339309,0.00419372119260748
3.5125010864221813,2.100774791159369,4.20178017149305,0.26841940308331047,-1.9108556098369367,-1.9937540476262583,0.3864575673331354,31.798082670491866,40.16503458324407,4.039383392805075,-6.730106147932957,1.4498950829395065,-0.0002989340693558026,0.00336916933646003,3095.094,5923.311732582466,20853.893927865312,330,B0007,79,1.621213282987236,24,0.8573074826850354,80,0,1.621213282987236,0.8573074826850354,0.005200835954019212
3.5129614635074673,2.1417010068719846,4.202220537976551,0.26549914451346457,-1.9049762303506044,-1.9934634318284483,0.40051727249704944,31.95802833708937,40.36674175781141,4.100074784183007,-6.711378866690529,1.4950476035644606,-0.0002898693598642335,0.003250664849062534,3095.781,5906.060381856609,20798.76259001313,330,B0007,80,1.6164273214762122,24,0.8547766370163623,79,0,1.6164273214762122,0.8547766370163623,0.0039972719227189925
3.5125204100391962,2.0912297625621297,4.2013887453306085,0.26924432437899815,-1.9051068520548522,-1.9955237523449136,0.4005777576368912,32.418131697462755,40.88269125311642,4.104813634275824,-6.71183442202863,1.4973781018605719,-0.0002919742848363694,0.003423077147450004,3094.328,5903.34221851284,20790.328616067956,330,B0007,81,1.615823510161921,24,0.8544573379066747,78,0,1.615823510161921,0.8544573379066747,0.004086384208585736
3.5151454557578807,2.166300950520593,4.201620573144587,0.264592914024469,-1.9049079394753692,-1.9937747556066168,0.40110938112637234,32.64044972789331,40.85633220225456,4.035276418212727,-6.715651173866559,1.4973786965238203,-0.00028920990862231206,0.0031876413279205,3086.531,5887.678436256286,20748.79421420775,329,B0007,82,1.61672418029789,24,0.8549336177737964,77,0,1.61672418029789,0.8549336177737964,0.004878999784098781
3.5134431794731813,2.1843637809529235,4.201668680267049,0.2638836935216725,-1.898761620917719,-1.993529946094214,0.4145639691317064,32.56399373078006,40.7780246115985,4.048967609733737,-6.691559472596574,1.5412056619174235,-0.0002823008973894218,0.003145635618204341,3085.625,5866.552354541927,20666.71207518399,329,B0007,83,1.6108655863730026,24,0.851835557535501,76,0,1.6108655863730026,0.851835557535501,0.004140898518538804
3.5097089402574535,2.113995772639173,4.202567159315787,0.26957573994134193,-1.90433828068926,-1.9937950394148771,0.4023836860850073,32.28305350922276,40.5829305350897,4.030966130077138,-6.702980960406648,1.5026457532656368,-0.00029143225694173384,0.003369609409557845,3067.203,5849.080401879348,20579.243985497676,327,B0007,84,1.6006603374309376,24,0.8464389595847521,75,0,1.6006603374309376,0.8464389595847521,0.004110589111259699
3.5042771471756997,2.0287779476202195,4.201472345711643,0.27593869419229977,-1.904192698545851,-1.994813747444024,0.4031010093914231,32.06065237439007,40.6345689985191,4.1025915192805655,-6.692484551801887,1.5074628565332262,-0.0002953332813024306,0.003651775459000157,3058.157,5832.039771569745,20488.47344216805,326,B0007,85,1.5959174487005665,24,0.8439308910654778,74,0,1.5959174487005665,0.8439308910654778,0.004101974555129129
3.509207943122176,2.1948906641943635,4.201332830124454,0.26403401116573244,-1.8982712229514884,-1.994905249607193,0.41633846419839154,32.365261126964526,40.75070125010339,4.154090104643841,-6.68117225105589,1.5456277701339425,-0.0002855745099103368,0.0031005223430700325,3058.812,5814.2064003149835,20455.487307306026,326,B0007,86,1.5962179519462243,24,0.8440897990165642,73,0,1.5962179519462243,0.8440897990165642,0.00392111164313933
3.5095064920492853,2.1621122251410005,4.201522880341636,0.26651020354295685,-1.8977934870545978,-1.9940601969636649,0.41649235780790483,32.68851871366292,41.0672419235651,4.12963931213872,-6.680746905344613,1.5477295154065622,-0.0002875946381240056,0.0031975205091732883,3058.578,5812.4954950037045,20452.917839772042,326,B0007,87,1.5958065114633972,24,0.8438722267771133,72,0,1.5958065114633972,0.8438722267771133,0.0041835337668985504
3.505203266169396,2.0092802451741245,4.201386492450036,0.27780037236330035,-1.9036436467205253,-1.9937194932286224,0.40372631842414586,32.747733642524246,41.40590880756584,4.151667084862949,-6.693192718946402,1.5108183187653474,-0.00029682221736296283,0.003728020781152975,3049.328,5813.300543803467,20429.80615334279,325,B0007,88,1.5906507821480704,24,0.8411458456358337,71,0,1.5906507821480704,0.8411458456358337,0.0040429608449864315
3.5281182345919744,2.144268362237989,4.233325435700087,0.27416305799250557,-1.9369923426487148,-1.9937139334305616,0.31958358926764696,32.50500516961017,41.01558674901627,3.999264397606396,-6.846437975382518,1.241112747591611,-0.000325949724512756,0.003166828556121663,3177.219,6166.5406062723505,21787.43038188331,339,B0007,89,1.6888211161855506,24,0.893058917673428,70,0,1.6888211161855506,0.893058917673428,-0.017632155750922605
3.519590928396835,2.0962813773920197,4.203917718634026,0.27054736304342386,-1.9233409193548265,-1.9940123642001173,0.35732712227323765,32.91993878980997,41.31851435911838,3.9779476648867633,-6.786351725054262,1.3578585115575565,-0.00031748023987880224,0.003349160349606295,3082.937,5940.295063726359,20952.34218313696,329,B0007,90,1.6259938279733204,24,0.8598354640622486,69,0,1.6259938279733204,0.8598354640622486,-0.006015275854550773
3.5146260368096875,2.037656085248936,4.202046403451837,0.27485823359870815,-1.916884219356136,-1.9933319825535087,0.3729974923595269,32.948305858317944,41.4002950560853,4.0004148447474615,-6.755852794088205,1.411030852769115,-0.0003089454361025172,0.003590305114342489,3074.266,5903.15637908702,20797.275507423583,328,B0007,91,1.6157433862812898,24,0.8544149679093845,68,0,1.6157433862812898,0.8544149679093845,-0.0039050868670130966
3.5115494818370454,2.050265845971926,4.201592874087554,0.2738568804220646,-1.910472150518363,-1.9934516762680057,0.38840976951005973,32.76906651915661,41.2508092329952,4.043926015268153,-6.728283625694586,1.4598962319459812,-0.00030149556296067356,0.003558309185258298,3066.0,5866.834268886716,20653.36440152969,327,B0007,92,1.6056626764846538,24,0.8490842270191371,67,0,1.6056626764846538,0.8490842270191371,-0.001971233004251305
3.510769869032659,2.1421639870693685,4.201214370586727,0.26772380868625756,-1.904277326283454,-1.994203337533412,0.40296100009297364,32.59734424608833,40.95362783962595,4.061553116289224,-6.705138956248595,1.5037924623939822,-0.00029365054143596763,0.0032661222177833207,3056.437,5828.365188780517,20514.720891517136,326,B0007,93,1.5949746921524348,24,0.8434323556466374,66,0,1.5949746921524348,0.8434323556466374,-0.0008647820008728768
3.50804494279531,2.093098662464846,4.201660608337926,0.2714351723858833,-1.904002494100001,-1.9942540792901025,0.4034747145975811,32.52349894408369,40.989022190981714,4.100681844607601,-6.699221858200161,1.507067091687492,-0.00029549405791551585,0.003425015739798074,3048.219,5812.084242467958,20441.472344104106,325,B0007,94,1.5904102438871943,24,0.841018647534828,65,0,1.5904102438871943,0.841018647534828,0.019682174459671263
3.507748080950393,2.109503853325003,4.201750207865124,0.27050869918323595,-1.9036546380501311,-1.999980148540772,0.40435867681465476,32.578228834731775,41.02622774121347,4.111733496864432,-6.697348729609447,1.509303147659366,-0.00029670490495759726,0.0033732325755308377,3039.218,5793.945622962271,20375.704300568206,324,B0007,95,1.5853517062988178,24,0.8383436619721834,64,0,1.5853517062988178,0.8383436619721834,0.008128424334900509
3.5066673521067266,2.1295447836320704,4.201226117420626,0.2692433210994772,-1.8977146678452774,-1.995744295058308,0.41774616488674415,32.62728298499839,41.01371342582121,4.116933403314129,-6.6752628989989775,1.5527807848934252,-0.0002898371844938785,0.0033147144388208896,3039.047,5774.517548286822,20303.932061359665,324,B0007,96,1.5799737147242376,24,0.8354997471911441,63,0,1.5799737147242376,0.8354997471911441,0.007153934311410426
3.5061843921745397,2.138556110583413,4.201796973837129,0.2691227468747876,-1.8973347377958825,-1.995283636272928,0.41823604974731454,32.652115712561326,41.04923314430273,4.118310158305885,-6.67289635710206,1.5540438180277523,-0.00028939232480331903,0.0032930650265099413,3030.375,5757.471776201059,20240.58500858798,323,B0007,97,1.5752185465278068,24,0.8329851852152426,62,0,1.5752185465278068,0.8329851852152426,0.006088825991369395
3.5051004339266254,2.143779366990932,4.201200470517945,0.26893892592128943,-1.8970045774163773,-1.9943198333456515,0.4188464005659871,32.64767456395258,41.05277512550887,4.135322062548898,-6.669476450193485,1.5555554160211842,-0.0002907979489908349,0.003271132141146158,3021.0,5738.067532023062,20165.02938249195,322,B0007,98,1.569798484648868,24,0.8301190234003898,61,0,1.569798484648868,0.8301190234003898,0.005035241500713372
3.5054479186890566,2.199196544880164,4.201289094579205,0.26547378393904136,-1.8909127399289274,-1.9968908750212224,0.4318752742370957,32.69938792310311,41.02092182377061,4.1434355534635925,-6.64919045607328,1.5970205222746432,-0.0002836525545975426,0.0030989848828668915,3021.75,5720.940963364012,20108.18872364815,322,B0007,99,1.5702565375950357,24,0.830361244595057,60,0,1.5702565375950357,0.830361244595057,0.004030741258431725
3.500074246846,2.0252901014990434,4.201033482375415,0.27809748849337657,-1.8968789299198896,-1.9939195524210047,0.4193757586765284,32.724576765133094,41.34840278359994,4.183372291476193,-6.66040811623074,1.5612808730739558,-0.00029473989704528226,0.0036913272652266617,3012.265,5721.5655854562265,20080.784258098254,321,B0007,100,1.565249873909438,24,0.8277136902689282,59,0,1.565249873909438,0.8277136902689282,0.0040203664778759585
3.5011647157526498,2.0874226328484515,4.201482697501314,0.2734435466054509,-1.8964710309338209,-1.9941986616958332,0.41987506069301295,32.70434030242972,41.23753665797544,4.172822950886432,-6.660305943062461,1.56041331676069,-0.00029346650750567603,0.003461787005526299,3002.641,5701.740277299008,20015.24655211428,320,B0007,101,1.559633933561147,24,0.8247439467235069,58,0,1.559633933561147,0.8247439467235069,0.004067956232618108
3.500407285435189,2.0863200514042264,4.196165946742788,0.2727539732933852,-1.8967768141795405,-1.9932029763532653,0.41968280080139775,32.74051962267582,41.21700308433066,4.141460947088176,-6.660553815069654,1.5587109250974776,-0.000290511074029847,0.003471192554672584,3012.0,5720.703264887321,20079.19785685268,321,B0007,102,1.5649820533392105,24,0.8275720651161599,57,0,1.5649820533392105,0.8275720651161599,0.0020472986377192636
3.507816455272743,2.0588247910323827,4.205246397279064,0.27572833573531097,-1.9031485600103595,-1.99697276936168,0.4052945132199409,33.38712825139849,41.89753189273277,4.106168727289112,-6.697109932766585,1.5155519670371365,-0.0003033364355356948,0.0035296288433026906,3020.11,5756.660884792393,20248.913430026783,322,B0007,103,1.57497949984227,24,0.8328587758683834,56,0,1.57497949984227,0.8328587758683834,-0.0010362030386803945
3.5025243992110107,2.007722684403967,4.201509838937999,0.27939830506505453,-1.9028574663381215,-2.0040394709724123,0.40660201692694903,33.270627344923426,41.90270996402953,4.15734860812137,-6.685813508011617,1.5203265156977157,-0.00030439471521171254,0.003721452024739146,3002.172000000006,5721.69603585421,20094.56510540063,320,B0007,104,1.5652811168780458,24,0.8277302117414882,55,0,1.5652811168780458,0.8277302117414882,0.000995084143397973
3.505155823274424,2.190682586389996,4.201909525379603,0.2671609601841866,-1.8963219640753084,-2.0003771874564404,0.42073904575858384,33.115074143665915,41.48233804274523,4.145666540073196,-6.6670421961968875,1.5605260561560832,-0.00029494437059444603,0.0031106680884646167,2992.703,5682.663924168707,19970.05375349402,319,B0007,105,1.559755497470126,24,0.8248082304608076,54,0,1.559755497470126,0.8248082304608076,0.0010988752878624108
3.4983646475135717,2.008435320437976,4.199865517000471,0.2800179112567817,-1.908430732943726,-2.005293715624197,0.39487507904949437,32.90572814040102,41.6411622659972,4.185319887728621,-6.695537317749097,1.4811354492844553,-0.00031261535968195184,0.0037441528854206016,2964.468,5666.400187671783,19870.391898301183,316,B0007,106,1.549897685670499,24,0.8195953593923267,53,0,1.549897685670499,0.8195953593923267,0.0019472495781296395
3.500140843862166,2.164636064139996,4.200859733656452,0.2688781343035709,-1.889754408573026,-1.9945472659822976,0.4344167924236918,32.953112654161664,41.433877603827945,4.228928723876436,-6.635227827837767,1.6053454314745612,-0.00028820838733512066,0.0032242879244795773,2983.375,5644.799708370576,19810.95639578512,318,B0007,107,1.543877153134502,24,0.8164116650277281,52,0,1.543877153134502,0.8164116650277281,0.004220980040941713
3.49909547013937,2.064742753691984,4.20162098338246,0.2760027250501692,-1.8959167588975123,-1.9938553434941435,0.4220196727922293,33.2282109237263,41.8543569979417,4.2233786094138015,-6.6551151140043405,1.5682090274893565,-0.0003008830568250644,0.003532251056040288,2975.297,5648.798301662503,19819.720006551393,317,B0007,108,1.5450187488690073,24,0.8170153478223752,51,0,1.5450187488690073,0.8170153478223752,0.0059921501946525344
3.5010357611640606,2.170172617792397,4.201149059944848,0.26906391858600187,-1.889387844169526,-1.994538814315664,0.4354171727207348,33.361342590516294,41.78271326384125,4.200820925974331,-6.636048805426004,1.6090851796764074,-0.0002888308464246399,0.0032102861286589773,2974.9850000000006,5627.8526518431145,19758.191714264583,317,B0007,109,1.5445940154102908,24,0.816790746176111,50,0,1.5445940154102908,0.816790746176111,0.004137420293550997
3.497212315865497,2.120750718982474,4.200810741834928,0.2725395525815381,-1.8889185963670394,-2.0003871362753527,0.4358379461976045,33.12431679486816,41.62744766181303,4.219242537204774,-6.62714556938703,1.6113402486448773,-0.0002901601830569715,0.0033785898337280493,2966.25,5610.014396822096,19673.587372475373,316,B0007,110,1.5343086721758876,24,0.8113517938745419,49,0,1.5343086721758876,0.8113517938745419,0.005089365058847673
3.496089957852059,2.13627215665258,4.200373974181371,0.271483182584801,-1.8885071150010757,-1.996471333028226,0.4362675159871197,32.991553593266204,41.552128441464966,4.259597344555286,-6.623219869793121,1.611647128991557,-0.00029308383802023385,0.0033119218528293182,2956.359,5590.364233525477,19596.646757367285,315,B0007,111,1.5287603942958483,24,0.8084178306554588,48,0,1.5287603942958483,0.8084178306554588,0.0042274582749301185
3.495877119417779,2.093857236476905,4.201791474587699,0.27453166041980637,-1.8888180820733198,-1.9936433250812409,0.4365325722003185,33.2318318845246,41.839167194182565,4.262261181975609,-6.6245593381493375,1.6143194267677472,-0.0002915698150674799,0.003474141734005797,2956.344,5591.051814230863,19599.5064279496,315,B0007,112,1.5289260249179843,24,0.8085054171397351,47,0,1.5289260249179843,0.8085054171397351,0.0029902256433035125
3.493116071455022,1.9959465760122976,4.20067023466464,0.2817618222544089,-1.8887930414931369,-1.9952567240378405,0.43658181390188044,33.509812392094496,42.23998716092915,4.274457633860022,-6.620325951047306,1.6178676655913669,-0.00029585884536408887,0.0038195688904271315,2956.406,5591.34068105269,19588.256567095053,315,B0007,113,1.529091650133123,24,0.8085930007647584,46,0,1.529091650133123,0.8085930007647584,0.003185419747176832
3.492655946458748,2.0305769860653866,4.20021831736756,0.279043030854902,-1.888168080257056,-2.001090966399853,0.43714861287355133,33.382402850667845,42.04090238497712,4.268524433351918,-6.616655976924017,1.617643759475991,-0.0002921524351889409,0.003720207971740436,2947.266,5572.639341239699,19518.90835957552,314,B0007,114,1.5239059324661248,24,0.8058507616000151,45,0,1.5239059324661248,0.8058507616000151,0.004137616588833204
3.49208824531703,2.0758803797636745,4.200674971032527,0.2761335994927761,-1.887904907597145,-1.9951199234830208,0.43794829478988856,33.17829959346276,41.803429062834496,4.274613938139993,-6.61387386514031,1.6185927502371251,-0.0002926450762963142,0.003555124479414655,2937.984,5553.8631867922795,19447.467495134104,313,B0007,115,1.5186675419100617,24,0.8030806686899294,44,0,1.5186675419100617,0.8030806686899294,0.003128226053165184
3.490216477408044,2.079354904824249,4.200371214024706,0.2758276886812699,-1.88773036624322,-1.995116853206629,0.43844698352957345,33.01591345323486,41.6886924602386,4.313576443869671,-6.609341568767839,1.619113417689073,-0.00028917692788910766,0.0035728140706960416,2929.125,5536.1765172702635,19373.886226741644,312,B0007,116,1.5136482266426952,24,0.8004264241301146,43,0,1.5136482266426952,0.8004264241301146,0.0030224335306306303
3.4905931958620466,2.0585109366080414,4.200965645223048,0.277468540309286,-1.8878077163294118,-1.9949523118907797,0.43850559768267605,33.271000362987586,41.98817160118213,4.3242665867829135,-6.610853293006324,1.620456059188408,-0.00029646959060208774,0.003595607561222684,2928.454,5535.647698734192,19375.804254744442,312,B0007,117,1.5136050185229033,24,0.8004035754125528,42,0,1.5136050185229033,0.8004035754125528,0.0030642012790162098
3.4911419366203664,2.0253107306977376,4.201492773602507,0.2798972380490623,-1.887674933393443,-1.994323430810411,0.4384231819570503,33.61966967517867,42.33252236723314,4.305718262524468,-6.6121413229173225,1.6217579604919679,-0.00029474172164790664,0.0037316947314841955,2929.375,5536.970148329122,19385.286032654156,312,B0007,118,1.5139470614867965,24,0.8005844498202711,41,0,1.5139470614867965,0.8005844498202711,0.0030289177292653234
3.49283645226053,2.0069579017420067,4.192768207316796,0.280648377364394,-1.901022727285377,-1.9935581248677676,0.41018924523222833,33.29697162630193,41.63553796804361,4.0496455069214905,-6.66123553130758,1.5291972357754067,-0.00030889023133529286,0.003748855632319776,2946.031,5608.9758381718675,19644.67943043785,314,B0007,119,1.5339599193158786,24,0.8111673712327889,40,0,1.5339599193158786,0.8111673712327889,-0.0020107973699507566
3.5025157522808223,2.19792648712031,4.204602036514753,0.26895843585075985,-1.8951144121477894,-2.002748484975491,0.42332838857169847,33.393130865360554,41.470498076928735,4.027667151212495,-6.658578482504598,1.5693026087300976,-0.0003019720327253545,0.0030942117307109817,2955.438,5608.422265330244,19697.20989312358,315,B0007,120,1.5391372798653098,24,0.8139051911027366,39,0,1.5391372798653098,0.8139051911027366,-0.004093947591049618
3.4929535655988118,2.0299415196572554,4.200995491738166,0.2795996279931968,-1.8941478117057606,-1.9944619397860408,0.42451541923358677,33.138207103628474,41.54038193238441,4.122985103685159,-6.637724463522322,1.5758863045575138,-0.00030425778737327937,0.0036767786828061392,2937.625,5571.961063052142,19516.53781945014,313,B0007,121,1.5236247972838737,24,0.8057020955991137,38,0,1.5236247972838737,0.8057020955991137,-0.0019953141282357035
3.491746263651725,2.117150391576778,4.201036137691208,0.2735087098161375,-1.8875042014728927,-1.993640903324712,0.4382617517151344,32.84069778843796,41.13947017697289,4.157487508293686,-6.61182058022295,1.6175090502337892,-0.00029631206958374737,0.0033998507939109746,2929.078,5535.736818705183,19382.10150166429,312,B0007,122,1.5135813035589147,24,0.8003910347947992,37,0,1.5135813035589147,0.8003910347947992,4.742992797712731e-06
3.490432264232957,2.130989905274772,4.200762329918291,0.2729068935891816,-1.8871434043422721,-1.994011319738722,0.4390627573549805,32.75739655594484,41.09041922644824,4.183156275222846,-6.607741273790359,1.6192850292671275,-0.0002953473733863804,0.003370133033339783,2918.375,5514.573242371089,19299.955486537776,311,B0007,123,1.5077850749847914,24,0.797325953734772,36,1,1.5077850749847914,0.797325953734772,0.0012323973004010115
3.488861416967918,2.129431831748565,4.201013677167557,0.2728699120961805,-1.8807630082774924,-1.9944414808648836,0.45190204705088705,32.77234087259374,41.10034021580957,4.202981030070509,-6.583152301281656,1.6614121489120268,-0.00029100472138306535,0.003370723565725605,2919.812,5498.087921485824,19235.917274396998,311,B0007,124,1.5031960676037333,24,0.7948992586125676,35,1,1.5031960676037333,0.7948992586125676,0.0061527703424290705
3.4891932104785104,2.164511453629433,4.200439147859412,0.27114343726176793,-1.886419275237733,-1.992734445097276,0.44033851342651237,32.720417557744895,41.03075447325996,4.201910479264187,-6.602316467731521,1.6220297218924573,-0.00029451662204910725,0.0032763515710940035,2900.422,5478.877035173251,19166.979648990033,309,B0007,125,1.497822059699588,24,0.7920574504207774,34,1,1.497822059699588,0.7920574504207774,0.008263044033144373
3.4878785713375917,2.1743012710834013,4.200264786461796,0.27036963128436114,-1.8800039366336023,-1.994256304880574,0.45328208839432876,32.710022803073514,40.99688397371006,4.212517381521927,-6.577943591831354,1.6642170059432153,-0.00028919679910695127,0.003251465798059419,2901.375,5460.928081302789,19098.414015796807,309,B0007,126,1.492848534633516,24,0.7894274199989884,33,1,1.492848534633516,0.7894274199989884,0.00615525253007152
3.486430546073901,2.1928976284966537,4.200151660684939,0.2689857507962565,-1.8733366537372407,-1.993300105892976,0.465528036840312,32.62076759783716,40.88481342461614,4.2318435663728,-6.552140120563136,1.7036583932908884,-0.0002836930121200648,0.003193941066175926,2901.187,5440.330499637253,19018.736972232633,309,B0007,127,1.492414389867026,24,0.7891978415957107,32,1,1.492414389867026,0.7891978415957107,0.004233382738377767
3.4812572775226682,2.029849589914729,4.200453152662228,0.2805884049743061,-1.879702248133121,-1.994355063355133,0.45377105836715836,32.57651826255201,41.09400879501426,4.268004608793599,-6.565251165371773,1.6690694078114985,-0.00029256943451384896,0.0037639899610697218,2891.64,5441.772615548347,18996.596523780234,308,B0007,128,1.487482776538081,24,0.7865899743564149,31,1,1.487482776538081,0.7865899743564149,0.0040604596893421
3.4823550791204023,2.095949224783681,4.200291122451955,0.2757345575864043,-1.8790751470067306,-1.9927610429233324,0.45452900446391487,32.58396494906228,41.01377835587309,4.266172820747234,-6.56453022180131,1.6693042938237714,-0.0002913924807796639,0.003530399256907808,2882.906,5423.802693837095,18938.71195886862,307,B0007,129,1.482535148640411,24,0.783973638515397,30,1,1.482535148640411,0.783973638515397,0.004132183792664446
3.483507428628053,2.177723491219515,4.199877643371451,0.2702230568822358,-1.8728728303565043,-1.9944391195904976,0.46708909531252873,32.623742674615976,40.90635248178393,4.259765769333201,-6.544853069498839,1.7082090486870227,-0.00028363328149535013,0.0032641117137607663,2883.265,5405.4710994690795,18880.563747385677,307,B0007,130,1.4827874322228984,24,0.7841070476141841,29,1,1.4827874322228984,0.7841070476141841,0.0030069254953378976
3.478976541530706,2.056251340337525,4.200436806124781,0.2785599820113761,-1.8726786421400126,-1.994379463643991,0.4668330320827534,32.58599202496769,41.06596192416311,4.30066202858035,-6.536549619512136,1.7104838353290506,-0.000291631312364703,0.0036552262676750047,2882.969,5403.684701390615,18852.128538754954,307,B0007,131,1.476971179775059,24,0.7810313778074761,28,1,1.476971179775059,0.7810313778074761,0.0031754709716913963
3.483501191305966,2.1512510632923165,4.193077426787744,0.27101876420031235,-1.872734820116884,-1.992644974954703,0.4662180398477774,32.864544723781215,40.84520330629611,4.080941387761504,-6.545772118765676,1.7055859509714633,-0.0002857328632151481,0.003302662303358698,2891.656,5421.627852008598,18941.400555139262,308,B0007,132,1.4819015554137276,24,0.7836385905485969,27,1,1.4819015554137276,0.7836385905485969,0.002102566890659663
3.4899701994096612,2.1693699073642034,4.203372086437543,0.2716515037379008,-1.8800362373714223,-1.9933389783603288,0.45331125352368207,33.079651096902374,41.12807910254104,4.104227176417761,-6.583275545949976,1.6657964111378756,-0.00029449263952580085,0.0032375168462866273,2901.25,5460.729687317367,19112.861095731165,309,B0007,133,1.4981366198874824,24,0.792223791768746,26,1,1.4981366198874824,0.792223791768746,-0.0021307686698802896
3.484801138956006,2.116759239247948,4.202065190134895,0.2744248030587602,-1.8730214281226414,-1.9933817364068824,0.46638797880400595,32.932141650182686,41.094988453128494,4.167224495126409,-6.549626355553867,1.7089332323531519,-0.00029045500726345786,0.00342654490823787,2891.703,5422.060675277597,18950.48663279756,308,B0007,134,1.4820775214392872,24,0.7837316424573085,25,1,1.4820775214392872,0.7837316424573085,9.152544022477116e-05
3.47835437960934,2.009424225590032,4.200086642861885,0.2818515847566123,-1.8725486136074456,-1.9932411647857315,0.46704601594685247,32.755748003791545,41.11877573165318,4.224926755149784,-6.536163093452501,1.7127723233908487,-0.0002945779583310433,0.003802376924267495,2883.016,5404.458689119186,18854.099248097802,307,B0007,135,1.4771155312812152,24,0.7811077117652985,24,1,1.4771155312812152,0.7811077117652985,0.0011343801883366479
3.475694933923807,2.0034792344341588,4.199758658258613,0.2821225408880852,-1.8724613181992062,-1.995591810750265,0.46760190562357584,32.52965474617847,40.98003499062696,4.271493224906279,-6.530235411585561,1.713614631539944,-0.000296066082856689,0.00382109142693026,2873.453,5386.249122834037,18774.708079434124,306,B0007,136,1.4720772783056488,24,0.7784434528297595,23,1,1.4720772783056488,0.7784434528297595,0.0009787802938820533
3.481431873453954,2.172988732474185,4.199843161074874,0.27031845545040223,-1.8659419458758726,-1.9935321227601952,0.4798199080245358,32.848065199041,41.017509953482886,4.229905234799717,-6.517791612715398,1.7500422143526064,-0.00028515324303285324,0.00325646370885321,2874.031,5367.640053822695,18740.51387309229,306,B0007,137,1.472248013656454,24,0.778533738725724,22,1,1.472248013656454,0.778533738725724,0.001930708351454724
3.4796060336232353,2.087464676179042,4.200352076636086,0.2760443341294343,-1.865786095147701,-1.9930538887372675,0.47963716240628057,33.072327061961936,41.299420742573055,4.223536418835768,-6.514908168203821,1.7520202033997416,-0.00028693803338442926,0.0035453835600466397,2874.234,5368.2198776496425,18735.262731024566,306,B0007,138,1.4670106672274663,24,0.775764197956411,21,1,1.4670106672274663,0.775764197956411,0.006225190532003211
3.47822589673296,2.110564313669325,4.200169604165679,0.2746745581820133,-1.8654605849037513,-1.996737767854495,0.4803629887383534,32.85096451719535,41.105738037939375,4.2315095942649,-6.510457791205261,1.7531460645891217,-0.00028738055991991236,0.0034676176418376955,2864.984,5349.120107510678,18659.113169865523,305,B0007,139,1.461767249533538,24,0.7729914466651282,20,1,1.461767249533538,0.7729914466651282,0.0040620543811498155
3.4743233868367187,2.0724687293779813,4.199911577879335,0.2773685437531874,-1.865134613881632,-1.9940890874950363,0.48115670765904056,32.57230232995455,40.87704013237699,4.272118524208809,-6.501759919393625,1.7553784600232931,-0.000286388413785799,0.0036257960209141347,2855.093,5330.826949133544,18573.83496559291,304,B0007,140,1.4566952670489708,24,0.7703093513592872,19,1,1.4566952670489708,0.7703093513592872,0.004084052846448883
3.4737305453330443,2.1253826973270518,4.199564012073342,0.27350409030007017,-1.858515986418667,-1.9932272893446616,0.4926088565466325,32.45068444176091,40.73021986226824,4.307107583090939,-6.477202177000803,1.7911708586271193,-0.00027932480769956203,0.003461034554870852,2855.625,5311.666822974383,18502.67276937373,304,B0007,141,1.451354972758956,24,0.7674853711324945,18,1,1.451354972758956,0.7674853711324945,0.004144461109338549
3.474812723214051,2.1147331324879475,4.199951033620322,0.27411896588082374,-1.8588972649148483,-1.9966895581151056,0.49288536462136945,32.7394359440147,41.03226257370644,4.314471991597493,-6.481268559008278,1.793067915429662,-0.0002820682072088017,0.0034791543094228146,2855.594,5312.61463672041,18513.484261738442,304,B0007,142,1.451615926257375,24,0.7676233649357621,17,1,1.451615926257375,0.7676233649357621,0.004126417479815814
3.476096426841386,2.1738445330859366,4.19995987158867,0.2707101067699333,-1.8581969672334215,-1.9930274022141448,0.49363110012121336,32.775898242252914,40.89527781087817,4.253460060290458,-6.480470128491955,1.7941133891910026,-0.00028007091708135047,0.0032872657665263755,2847.437,5295.295364532098,18458.036843713096,303,B0007,143,1.4468161332173683,24,0.7650852050701119,16,1,1.4468161332173683,0.7650852050701119,0.004038906802019593
3.4686822529487804,1.9947266977360072,4.200414702164272,0.28326937784381656,-1.8581200056254086,-1.9935942445664656,0.49341645870819073,32.5817324044051,41.02491521192672,4.322639954618495,-6.467641983926479,1.7972114692898098,-0.0002853296235647026,0.003908915132814864,2847.36,5295.24163780365,18421.44616593806,303,B0007,144,1.4467570607768785,24,0.7650539672029023,15,1,1.4467570607768785,0.7650539672029023,0.0030020377513319207
3.4661964701943586,2.0033802121225017,4.199552965128597,0.2821947324675514,-1.8577209868352302,-1.994370314261552,0.49430280897338935,32.35021153014993,40.81596834579472,4.367565785231718,-6.4608177213922575,1.7983748235572474,-0.00028554638957067516,0.003884357345833744,2837.328,5275.699140386259,18337.97889651396,302,B0007,145,1.4413797481446793,24,0.7622104114507394,14,1,1.4413797481446793,0.7622104114507394,0.0030631037808583005
3.468183423895935,2.116470909151213,4.199706970400125,0.2740329443201373,-1.8512458354075154,-1.9938361784378091,0.5055252635242714,32.28754240914786,40.65138669632271,4.387918298052043,-6.441178292812072,1.8321488351387083,-0.00027772565080829407,0.0034904687162976163,2837.281,5257.233714851959,18282.738761441302,302,B0007,146,1.4362456252208178,24,0.7594954559011889,13,1,1.4362456252208178,0.7594954559011889,0.003021869507627661
3.4678606629897453,2.051877342511651,4.199300346769649,0.27831710554100686,-1.8514531972432,-1.9942060517882436,0.5055032219238349,32.603239183227075,40.965385542419945,4.3654701294274805,-6.442526944063105,1.834431913513289,-0.00028187094775460053,0.0036960417942175808,2838.515,5259.366951352581,18290.90700131016,302,B0007,147,1.4368154153924828,24,0.759796764422933,12,1,1.4368154153924828,0.759796764422933,0.002960102172978418
3.4662499547181245,2.003221375307111,4.200086391757318,0.28238524242891305,-1.8574211435317929,-1.993515247147098,0.49499694759507895,32.61208344144242,41.11319128215138,4.379971055300991,-6.460292034977619,1.800847246467566,-0.00028684980782188246,0.003893679942251415,2828.328,5257.369356653493,18276.178804126765,301,B0007,148,1.4362945145860049,24,0.7595213088960036,11,1,1.4362945145860049,0.7595213088960036,0.0021043237262726943
3.462469269360201,1.9865974995249176,4.189989265375979,0.2818819841696324,-1.857823928669184,-1.99378580594933,0.4943078671975977,32.26742656599958,40.78738321989129,4.383264304717055,-6.4552245907432955,1.7962702313881778,-0.00028413327600502705,0.003940876950489668,2838.265,5277.412423260844,18326.9591438886,302,B0007,149,1.4418575315878015,24,0.7624630662526647,10,1,1.4418575315878015,0.7624630662526647,0.0009799058378153979
3.480518309485383,2.1908121182442706,4.202670619155847,0.270428573348554,-1.8658259561850365,-1.996213250941652,0.4805485663838978,32.637733704417855,40.73001188190229,4.214467261135466,-6.516757618756564,1.7520879718179552,-0.000290909819394959,0.00317819240405229,2864.547,5349.660179619314,18675.720610718192,305,B0007,150,1.4672063484781797,24,0.7758676753965592,9,1,1.4672063484781797,0.7758676753965592,-0.0051653200667000744
3.4723137993738336,2.033261415031626,4.199186500777735,0.2802109931464831,-1.8647784241320746,-1.993458887321793,0.4816733351722642,32.665258715232376,40.990354594470126,4.283289390084547,-6.498524445267676,1.7577522906607552,-0.00029259006354494043,0.0037410050781365306,2846.39,5313.379565460784,18506.80370171139,303,B0007,151,1.4518640367848883,24,0.7677545672975995,8,1,1.4518640367848883,0.7677545672975995,-0.0031236823128141023
3.474362108592906,2.19135439601875,4.199638763972608,0.2695426070546689,-1.8578958465335809,-1.9936626344417876,0.4944188415321409,32.502652632323915,40.62521315513875,4.270076308909606,-6.476529403397484,1.795214377536299,-0.00028411404450268916,0.003214025351530969,2837.969,5277.527588872938,18387.575981394555,302,B0007,152,1.44713797527485,24,0.7652553971151792,7,1,1.44713797527485,0.7652553971151792,-0.00206451197647346
3.4722823212388754,2.1840705012733683,4.200028390360542,0.2699344065566691,-1.851194762921303,-1.9935668796843675,0.5056082033558461,32.446842086875606,40.58944296824891,4.299125865852939,-6.4493910984463865,1.8319977533102785,-0.0002802932656155557,0.003255407689863256,2838.156,5258.046959348807,18309.029899234636,302,B0007,153,1.441790586562399,24,0.7624276653144856,6,1,1.441790586562399,0.7624276653144856,-0.0010992143952788247
3.4701761898320465,2.1664368343684446,4.199347098159206,0.2710858021641952,-1.8509042611451945,-1.9934697961408,0.5063097294204744,32.39361892904713,40.584393586876246,4.325115898670607,-6.4442153106178,1.8338929733220275,-0.00027984713179041637,0.003325560011519153,2829.843,5240.513501837913,18236.072034869445,301,B0007,154,1.431630947911111,24,0.7570551863639823,5,1,1.431630947911111,0.7570551863639823,0.002045316735338121
3.4635011119445216,1.987193667465448,4.199148920577739,0.2832898045943784,-1.8508582746706244,-1.9934414275491172,0.5063070156205356,32.417221778010834,40.884444140401214,4.3883223279882495,-6.433283123701231,1.8376605975597784,-0.0002846479318327691,0.003941837700365507,2829.625,5241.484450269122,18208.494926086914,301,B0007,155,1.4318084249673686,24,0.7571490373149529,4,1,1.4318084249673686,0.7571490373149529,0.007079584702162212
3.467453100453348,2.1314172797434523,4.199648027535327,0.2734041808329979,-1.8504182940365097,-1.9940355259074865,0.5071972807923033,32.40094040453025,40.65159637790841,4.346355678378701,-6.437457437213969,1.8369439748930358,-0.0002816994550567581,0.00344365989074326,2819.437,5221.192259420175,18154.56337552495,300,B0007,156,1.4262562585106868,24,0.7542130177927987,3,1,1.4262562585106868,0.7542130177927987,0.005121555654840293
3.4675864728547836,2.188995882590831,4.199193175738452,0.2695141803952856,-1.843689287692697,-1.993771785891296,0.5181427821072655,32.36314241861483,40.53138082339522,4.351714431704273,-6.41366252732299,1.8713722426802961,-0.00027601226364832573,0.003262064663816886,2819.579,5201.401710358121,18084.75330662849,300,B0007,157,1.4260877528924911,24,0.7541239109930522,2,1,1.4260877528924911,0.7541239109930522,0.004210044476471797
3.462182535852444,2.032246494641712,4.199053572226856,0.2801600866578969,-1.8498733070449755,-1.9938797141417293,0.507894137527647,32.382600705235255,40.821433488540606,4.4093849536368666,-6.426323683772649,1.8403354908831517,-0.00028443953518947547,0.003790189397893701,2810.672,5203.351386677021,18066.1471391867,299,B0007,158,1.4212633510031694,24,0.7515727378176299,1,1,1.4212633510031694,0.7515727378176299,0.004105447111845928
3.465962999117946,2.1695130053947387,4.199879744716988,0.2708827931569411,-1.843287720729204,-1.9940053249383376,0.5188324984812375,32.4323818014572,40.643362943412974,4.376928450134194,-6.409332084212448,1.8737401107816414,-0.0002773309043233851,0.003330352469072724,2811.485,5185.559628903607,18021.672924086844,299,B0007,159,1.4163272748795108,24,0.7489625106252409,0,1,1.4163272748795108,0.7489625106252409,0.003060734606320015
3.4601727514874407,1.9917978280585305,4.198680179439704,0.28320564015052707,-1.8494580225090995,-1.9936134940183787,0.5087585272156274,32.4886182994049,40.97063567014205,4.415256194230411,-6.421486474942783,1.8439946177794202,-0.00028750368954795036,0.003919837048257056,2802.422,5186.668577205919,17997.66426910308,298,B0007,160,1.4165781829175994,24,0.7490951923277513,0,1,1.4165781829175994,0.7490951923277513,0.0030460484099538387
3.464226115253961,2.1534486462617077,4.199235005181635,0.2718094069576828,-1.8426221358637018,-1.9932783787552537,0.5198946086774101,32.524062377970175,40.74888323397497,4.383646752360037,-6.403792116544545,1.87684675841222,-0.0002780810415068678,0.003381087955522096,2801.625,5165.915134373475,17943.63304541636,298,B0007,161,1.4108401729425175,24,0.7460608976183625,0,1,1.4108401729425175,0.7460608976183625,0.003083217113633863
3.458799193390812,2.0101572712330453,4.198950996279868,0.2815424871225148,-1.8427098003104345,-1.9936687629475545,0.5196065660798355,32.482615965621896,40.93461596721165,4.428070620096845,-6.395223779143397,1.8784235133941565,-0.00028051678683152287,0.0038798273440765843,2802.031,5166.469453300937,17920.37722597543,298,B0007,162,1.4109949628347804,24,0.7461427514584917,0,1,1.4109949628347804,0.7461427514584917,0.0030185580115421385
3.4620805499710854,2.132718741006573,4.199393701075195,0.27338203683256124,-1.842239518040086,-1.9932378340066104,0.5205366588751018,32.46389583182878,40.74175890345818,4.408949817284241,-6.398203605671688,1.8786541032497956,-0.00028150331203278807,0.003444757051920925,2793.39,5149.171481557454,17873.26291187968,297,B0007,163,1.40617142903988,24,0.7435920373366997,0,1,1.40617142903988,0.7435920373366997,0.0030183843926578913
3.4578782949034514,2.0114763339798887,4.198994975977764,0.2814693412732218,-1.842252843487983,-1.9929534332525367,0.5205423339703975,32.55681404542561,41.00964443691023,4.442695390898806,-6.391866534918239,1.8813209259867814,-0.00028192187054721187,0.003885462447742537,2793.39,5149.503993952923,17856.629406200085,297,B0007,164,1.4063358479692922,24,0.7436789830704655,0,1,1.4063358479692922,0.7436789830704655,0.0019982853820437185
3.461590937144894,2.1610456063312298,4.198421699164089,0.27112875545225984,-1.8356063485512328,-1.997554904717948,0.5311150305328971,32.576296430484255,40.80558697887537,4.412579006003441,-6.374123517063811,1.912633713433058,-0.0002750780857179945,0.003368840001109422,2792.485,5128.473274964235,17798.97725921741,297,B0007,165,1.4004552399066514,24,0.7405692816217144,0,1,1.4004552399066514,0.7405692816217144,0.003224588602189593
3.462906230864041,2.0143553387267827,4.188887274283021,0.28163618896619136,-1.8561013515700384,-1.9933150584565904,0.4974051152048579,32.81804879809979,40.92586026351328,4.125296278923238,-6.451220761565783,1.806775233506459,-0.00029355388351627316,0.0038057757149182895,2802.016,5205.093939252678,18081.12139562355,298,B0007,166,1.4217865046055154,24,0.7518493846367692,0,1,1.4217865046055154,0.7518493846367692,-0.0021892663325995708
3.4753580425264796,2.1732119934933296,4.2050716026539625,0.27473843821115856,-1.8574370794605966,-2.00603752072988,0.49591138171784854,32.92941193334214,40.57390100608222,3.9194235342978154,-6.477660287303049,1.803935880649892,-0.00029008308944286203,0.003279210989417753,2820.39,5243.567627234296,18276.738291253554,300,B0007,167,1.4324552720625434,24,0.7574910940083355,0,1,1.4324552720625434,0.7574910940083355,-0.004292061845552597
3.527546226327255,2.472160843460044,4.188195942647034,0.2356155544529411,-1.9541761960216968,-2.012995081928318,0.32755521190017756,31.773285281389256,38.10180309676608,3.3892433008816,-6.910229076627381,1.236506789739592,-0.00032218160354214367,0.0019706359693048413,3434.891,6726.142076006691,23781.463266610397,366,B0018,0,1.8550045207910817,24,1.0,98,0,1.8550045207910817,1.0,-0.0
3.534835576186522,2.4114381994148304,4.186703558364525,0.23789656784178786,-1.9474374301153292,-2.012643873951446,0.34474912073135366,31.92489159472864,38.14987995994155,3.275230222415591,-6.903505684777544,1.2972042376543342,-0.00031410752613265366,0.0021693389799739343,3425.485,6683.913256298907,23690.096516013942,362,B0018,1,1.8431955317089987,24,0.993633983664338,97,0,1.8431955317089987,0.993633983664338,0.011808989082082944
3.538246596159443,2.394395968141027,4.188811210133346,0.2372897126120676,-1.9520511323479741,-2.0118244627327857,0.33092880126857177,31.31691283374216,37.5266914843442,3.2627553263141578,-6.924273118504569,1.2519630155483634,-0.00031795528963292515,0.002223741445185929,3410.375,6671.402450128293,23659.781484851366,358,B0018,2,1.8396018424355425,24,0.9916966895859798,96,0,1.8396018424355425,0.9916966895859798,0.007701339177769606
3.537697945111872,2.3999481734774424,4.188875360300162,0.23668744588745,-1.9460914562122762,-2.0135271229076634,0.3479124254783602,30.821190751176527,37.06279237079503,3.2862611546476255,-6.904338568646781,1.3075893804282979,-0.0003112041196474007,0.0022117607754233346,3404.719,6639.7569327446545,23551.535459489423,355,B0018,3,1.8306736044962053,24,0.9868836350412233,95,0,1.8306736044962053,0.9868836350412233,0.008110305431625461
3.542667604586918,2.3851461229395867,4.189908817357781,0.23943532525811648,-1.9412796601390512,-2.014479287336525,0.3634908467567985,31.95346971511436,38.2110354381278,3.299128199072179,-6.899867855186079,1.3630414115955451,-0.00031022321585667887,0.002217083804073469,3417.641,6647.4444792169315,23621.832953500085,354,B0018,4,1.8327002069419656,24,0.9879761404357094,94,0,1.8327002069419656,0.9879761404357094,0.005576078462279033
3.5451037330477333,2.371677070838912,4.190509582057232,0.24110752752449982,-1.9400338819083036,-2.01246830059768,0.36496332223544575,32.02311236185272,38.17496505957075,3.2089767236448483,-6.900851367285379,1.3695746621501024,-0.0003067344796834147,0.0022795461531153593,3411.766,6632.713699390984,23588.449823300583,351,B0018,5,1.8285288846046388,24,0.9857274546289774,93,0,1.8285288846046388,0.9857274546289774,0.005295127237288577
3.5475142438631493,2.4964491577040797,4.1903241054041,0.2318511800008401,-1.9335667184847714,-2.0129654127777004,0.3808832811419138,31.634533158077698,37.64038685475582,3.1972191610410667,-6.882437288572973,1.4194492902816183,-0.000293380094160062,0.0019684583586107203,3399.516,6586.5071432935565,23439.36701562852,348,B0018,6,1.8212011895697924,24,0.9817772243450524,92,0,1.8212011895697924,0.9817772243450524,0.004398868427841274
3.544812433691423,2.4374506721131883,4.190302498850287,0.2359561532347725,-1.9332161326561408,-2.0253396376938984,0.3824771942488669,31.28819492159572,37.37602884738843,3.2292773880953027,-6.876615357336904,1.4258399979747434,-0.00029675020536728414,0.0021289469568793757,3388.75,6565.098342001253,23347.858304836824,345,B0018,7,1.815170010643328,24,0.9785259228744273,91,0,1.815170010643328,0.9785259228744273,0.004886366358442906
3.5434780274164095,2.4152206992194847,4.188517549229078,0.23682620647693872,-1.9325959489970461,-2.0164107237206794,0.3841188149850458,31.11122470608501,37.28928029078695,3.2781775320054463,-6.8720354869349976,1.4314845727975178,-0.00029596690256797017,0.0021865128103080466,3380.406,6546.083141088799,23271.58239461341,342,B0018,8,1.8042980520967649,24,0.9726650430627023,90,0,1.8042980520967649,0.9726650430627023,0.00527511047988809
3.543133206790044,2.377432309524995,4.191794143442699,0.2397794991641069,-1.9387520938161948,-2.0137948590788683,0.36905252794524707,31.13166983979621,37.52377766578506,3.332242371690498,-6.891320613294512,1.3824919573077254,-0.0003004957824607668,0.002280647246896756,3404.141,6614.106184150217,23505.550073619743,343,B0018,9,1.8231002302844224,24,0.9828009634752516,89,0,1.8231002302844224,0.9828009634752516,0.0019199953315086394
3.545155146280937,2.3887487262583647,4.190699409462101,0.2394912052033424,-1.9319248326301843,-2.0130992718348324,0.38518004774627046,31.51305775907457,37.72420412562674,3.260551448947548,-6.87348175002865,1.4372555223440495,-0.000296259176736422,0.0022500912459074967,3396.141,6574.792604127717,23387.16368350003,340,B0018,10,1.8121253520255491,24,0.9768846014740458,88,0,1.8121253520255491,0.9768846014740458,0.0032807065158179326
3.545032366549762,2.432289857016922,4.190263311275428,0.23636543687105385,-1.9249594896453863,-2.012646457499825,0.4008923507156673,31.31102568785445,37.41366095304306,3.221069707400618,-6.849421544181865,1.48916779678967,-0.00029039497987286896,0.002131132374202899,3384.094,6528.086277548634,23223.129847546246,337,B0018,11,1.8046916382117768,24,0.9728772183488542,87,0,1.8046916382117768,0.9728772183488542,0.0033019102716031145
3.5440892170496827,2.497495633221204,4.18970538556629,0.2315230972516941,-1.9179528942264987,-2.011939908405691,0.41604798160412765,30.893964711700164,36.94724908852665,3.2329854477192024,-6.822757481582036,1.5382124623486786,-0.00027865714227674396,0.0020062707372071505,3370.656,6478.158110132364,23040.299172397405,334,B0018,12,1.790844349786295,24,0.9654123910288773,86,0,1.790844349786295,0.9654123910288773,0.004865132171406605
3.541317108618481,2.478768686108376,4.188354430914051,0.23215997251902853,-1.917373033348097,-2.013704827395307,0.41771515683186444,30.540598970902945,36.70709131205994,3.289215654112624,-6.815112033937305,1.5433035300560252,-0.00027591267353779445,0.0020743940622798785,3357.797,6451.812399041039,22927.59891684544,331,B0018,13,1.783470722841926,24,0.9614373996680884,85,0,1.783470722841926,0.9614373996680884,0.0041654658509677756
3.541197979542517,2.385849407868021,4.193543208571066,0.23984848741538095,-1.9180652422275588,-2.0130040542547274,0.4185103779219494,30.82566018736547,37.13061214416645,3.3530026852457495,-6.819208786100696,1.5499045190960277,-0.0002816476029055751,0.00230575794082155,3363.015,6463.474007723951,22974.087190341288,330,B0018,14,1.7809386125310702,24,0.9600723839592448,84,0,1.7809386125310702,0.9600723839592448,0.008432323550670428
3.541255460524435,2.372854084449551,4.190238041929225,0.24107515468634141,-1.9106033469326071,-2.014784153266325,0.4333538762209249,31.451400678644543,37.686600065941576,3.325243999668731,-6.795268249073222,1.601331431787313,-0.0002779799950326541,0.002335389502969405,3357.734,6428.816139030207,22860.238782232496,327,B0018,15,1.771209039672698,24,0.9548273439880091,83,0,1.771209039672698,0.9548273439880091,0.008183262470570218
3.5427478949705886,2.4086912736769084,4.19075698083662,0.23851613291467516,-1.909404549449075,-2.0129355983090056,0.4345292193646614,31.518847747922937,37.633580732302406,3.2500563963932576,-6.792835606042219,1.6047388450993227,-0.00027624933445039935,0.0022342263198169903,3344.187,6399.044827149543,22760.228005688747,325,B0018,16,1.7686303996707076,24,0.9534372449488483,82,0,1.7686303996707076,0.9534372449488483,0.007212247708213848
3.541251093602656,2.496331992137246,4.189715378549557,0.23208831014050751,-1.8960567702455418,-2.0117266911103093,0.4608372568983002,31.11237289077096,37.15252578645951,3.260255702988549,-6.743025389621378,1.6916055609644172,-0.000261423469265153,0.0020408182899446315,3339.969,6345.096101163665,22560.16034656296,323,B0018,17,1.7536304801917124,24,0.9453510546938519,81,0,1.7536304801917124,0.9453510546938519,0.007442773918916501
3.5350260562177453,2.4199896352919668,4.187635645163932,0.23636791212783304,-1.8948411660605735,-2.012077515518729,0.46289745724666687,30.586452588663985,36.78829001793698,3.3321205431155807,-6.727275966938478,1.6982927623824928,-0.00026122506344966134,0.002253849567242636,3327.641,6318.592847591281,22427.47845563166,320,B0018,18,1.7462197416415093,24,0.9413560571253055,80,0,1.7462197416415093,0.9413560571253055,0.00745019624008334
3.5326627624319777,2.3587321881999297,4.191004692440202,0.24166851701811512,-1.90021436299665,-2.011349710066744,0.45245856704393383,30.242913021104116,36.541146197392216,3.3512442282208244,-6.741375232063591,1.664025826486158,-0.0002678149060434154,0.0024237762120807257,3312.844,6309.155711952131,22377.530760786878,317,B0018,19,1.7376647337053737,24,0.9367442042482638,79,0,1.7376647337053737,0.9367442042482638,0.008654775765139311
3.5333109441755526,2.4458096660548825,4.1906972904216495,0.2353392099181246,-1.8936767267608487,-2.0122749284189503,0.4661602471420679,30.10270376338569,36.372087786130464,3.377498800277712,-6.718637355696702,1.7083091514737532,-0.0002595181843289721,0.0021994379043269187,3302.031,6265.9497849062955,22225.578320403372,315,B0018,20,1.7315166735475835,24,0.933429894181155,78,0,1.7315166735475835,0.933429894181155,0.007938473225022901
3.52738705832889,2.3808537751929744,4.185877977731026,0.23900387966523806,-1.8739718829459886,-2.012448687975656,0.5016651228882697,30.251184852221932,36.52608510498833,3.396238619784166,-6.642175566111491,1.8299284536163063,-0.0002533608111771609,0.0023561650997846652,3305.547,6204.925133928861,21987.48173244888,314,B0018,21,1.7085949894470602,24,0.9210732212762566,77,0,1.7085949894470602,0.9210732212762566,0.012007082044729467
3.5296025965720452,2.436955746154759,4.188109147549676,0.23587487275103497,-1.8791764961687347,-2.012334644346066,0.49271712305267873,30.212407704391104,36.476252762052624,3.4037650864430775,-6.6620151455691365,1.7985835236916816,-0.00025113461519214996,0.0022274329784488333,3289.562,6193.855242040203,21952.241723771844,311,B0018,22,1.711469957068211,24,0.9226230652733616,76,0,1.711469957068211,0.9226230652733616,0.008432104624700277
3.5289707694229833,2.4671365731790718,4.188302415854336,0.23400423826258285,-1.8780560689384003,-2.0122688936966697,0.4939304971807474,30.125011009636175,36.37720890237669,3.4207160165279014,-6.655521666723855,1.8016454580268526,-0.0002471883867282761,0.0021647122167991312,3283.797,6179.86816271775,21895.606842022928,309,B0018,23,1.7075021373272627,24,0.9204840841029782,75,0,1.7075021373272627,0.9204840841029782,0.007743520862849307
3.5322741848919814,2.4129371999368505,4.18962510592865,0.23858471665050532,-1.8993718818269214,-2.012513173999148,0.45598750208160416,30.22428629982563,36.64000948247426,3.4339337984234866,-6.736774435563321,1.674290786803336,-0.00026423691668699985,0.0022418656978108005,3325.235,6330.112025358135,22446.616635321072,312,B0018,24,1.7492382064360228,24,0.9429832579006578,74,0,1.7492382064360228,0.9429832579006578,-0.0023146945461298253
3.532438322521663,2.3497771039810256,4.190150750158746,0.24354198183936118,-1.8926958551018207,-2.0129844574191207,0.4697948293651852,30.976376254737342,37.38165499248184,3.4306235725098313,-6.716278304866873,1.7245358241952127,-0.0002629571199487333,0.0024061129225069486,3317.547,6292.740537126151,22325.252226241137,310,B0018,25,1.7327697147429957,24,0.9341053864408061,73,0,1.7327697147429957,0.9341053864408061,-0.00025060823908242826
3.5363211310943603,2.4904700018477026,4.189151018945234,0.2339338166813496,-1.8783667048362822,-2.013596799411644,0.49504704154632323,31.415702913300986,37.59824760372582,3.3661510845654155,-6.672595756474145,1.8090014608267833,-0.00025006896950488007,0.0020478735467025166,3311.766,6233.193280513149,22137.238515037607,308,B0018,26,1.7222313328292376,24,0.9284243318688938,72,0,1.7222313328292376,0.9284243318688938,-0.002727268676435468
3.53353527421993,2.4650908929255406,4.189631312089484,0.2359904036028267,-1.8708343396819402,-2.0157162812456435,0.507764643561668,31.383299841535273,37.56055515516341,3.356965113910435,-6.641500375675272,1.8527554059212297,-0.00024693341087036016,0.002119165499378814,3305.218,6196.017495319666,21991.518561252742,306,B0018,27,1.711846298984729,24,0.9228259445182906,71,0,1.711846298984729,0.9228259445182906,-7.526838330358387e-05
3.527012841842043,2.363133281953362,4.187690359657657,0.24295233480733894,-1.8696567234639716,-2.0125462740568847,0.5096182399964857,31.167937826253638,37.52114200586718,3.422259431092308,-6.625995876040751,1.8589741088778937,-0.00024957793522451443,0.0023782193381409788,3295.453,6172.974279971572,21871.548140996696,304,B0018,28,1.699267835126687,24,0.916045117993578,70,0,1.699267835126687,0.916045117993578,0.0016468604401151498
3.52925730014011,2.4790616361836206,4.190215357888677,0.23562596170592506,-1.8623726014599724,-2.012800439982786,0.5218817031204004,30.994690437264207,37.21887096740918,3.4044019218347645,-6.602707762629534,1.8994142591641678,-0.0002403066375241817,0.00210329664496678,3287.0,6132.15904509298,21735.035416386338,302,B0018,29,1.6940366439243106,24,0.9132250757005568,69,0,1.6940366439243106,0.9132250757005568,0.011040312502342432
3.527821497534469,2.491905723274248,4.189776104976122,0.2348918872075118,-1.8547843408980225,-2.0132684044986244,0.5343935057246717,31.055317978554886,37.33441415744885,3.444324786448923,-6.573233323614517,1.9416392581512825,-0.00023720345326633992,0.002079298377999493,3276.922,6088.8179659835905,21572.925156322246,300,B0018,30,1.6819027078768087,24,0.9066838862255429,68,0,1.6819027078768087,0.9066838862255429,0.01017340137323739
3.525692957415014,2.4337177596826547,4.189846430994002,0.23964142570667826,-1.8538766950740675,-2.013231862286827,0.5360454651325246,31.373945543706103,37.7331798444306,3.481141363540428,-6.56733755368124,1.9483621103295692,-0.00023964712064119856,0.002210032831208733,3268.687,6071.113057175949,21501.516001138036,298,B0018,31,1.6769770618433686,24,0.9040285579078848,67,0,1.6769770618433686,0.9040285579078848,0.009050854197173797
3.524396248234728,2.4424506461535755,4.188109551881256,0.23906730756801445,-1.845735037450336,-2.0132145295965795,0.5481632922577944,31.56128410753226,37.84649344841882,3.4519301147829986,-6.536374096676803,1.9895688721387992,-0.0002349647654241916,0.0021924128250984357,3260.594,6029.933519880268,21348.93782307665,296,B0018,32,1.6655229306478936,24,0.8978538391580942,66,0,1.6655229306478936,0.8978538391580942,0.009264673667367074
3.520797576383474,2.4383419399858552,4.186368648390758,0.23898022240623704,-1.8382538558498933,-2.014122293372892,0.5592550058413754,31.318474723902874,37.6701649416618,3.479671046869549,-6.5025267076645274,2.0259001609781375,-0.0002325110212230032,0.0022048982086298415,3258.812,6000.218937337627,21219.063730169702,295,B0018,33,1.6571924575832084,24,0.8933630290434469,65,0,1.6571924575832084,0.8933630290434469,0.008415075508695713
3.519457281260753,2.4157245398944123,4.1901657245031085,0.24249109823228557,-1.8435676915974055,-2.0127023314619743,0.5514391809129776,31.104012325043954,37.53185198546868,3.5022869246621533,-6.517998706907105,1.9998296262773263,-0.00023396077264765448,0.002280388950261616,3243.422,5990.784474564822,21175.204392851563,292,B0018,34,1.6482241555294048,24,0.8885283766459535,64,0,1.6482241555294048,0.8885283766459535,0.009162497678981163
3.513165600287965,2.323395712524894,4.189966178473989,0.2501534875196626,-1.83704467002657,-2.013140654116361,0.5613521431263848,30.989730398009076,37.593333753421376,3.552531731625153,-6.484639270408639,2.0336974497824443,-0.00023383873398906565,0.002487465923326072,3236.515,5958.5159846739025,21027.818358736327,281,B0018,35,1.6387701497987262,24,0.8834318900203323,63,0,1.6387701497987262,0.8834318900203323,0.008626511615616516
3.517217159454334,2.4985039496028567,4.188259618341401,0.23605425637151328,-1.8211904293154166,-2.014033000339436,0.5844065284351198,30.967851972472324,37.36141011067826,3.53816546965165,-6.432570178204235,2.1096698073486984,-0.00022154538141593185,0.0021001057215385074,3230.734,5894.395326532973,20814.08157991318,289,B0018,36,1.6276486907262062,24,0.8774365089051547,62,0,1.6276486907262062,0.8774365089051547,0.009865674223432475
3.5120091114107965,2.350237238739749,4.18974005757658,0.24801564173667426,-1.8270453339799269,-2.012673084048405,0.5765078413987346,31.285342046153826,37.89980324671546,3.613158829408131,-6.446634091863347,2.0846057002041323,-0.00022850228890674412,0.002446574705149157,3222.093,5897.516504726136,20803.030405942733,287,B0018,37,1.62215370227252,24,0.8744742581978935,61,0,1.62215370227252,0.8744742581978935,0.008673845675074699
3.50911052654104,2.3337740352348813,4.1862359225351335,0.24872755259651547,-1.819052179250902,-2.012635202899368,0.587272202755146,31.41096207271253,38.03149707759718,3.5939650091450326,-6.4132672855416,2.120333226237933,-0.00022699700153609842,0.002476063189356119,3220.344,5868.182062302272,20683.223000420472,286,B0018,38,1.6140066510467586,24,0.8700823275398015,60,0,1.6140066510467586,0.8700823275398015,0.008637161307289976
3.516106699716392,2.317647291087635,4.189625262426538,0.25233878048404235,-1.8693745969498121,-2.01318368468478,0.51064241745496,30.755137125871208,37.42220155418978,3.585252505516807,-6.605617705359456,1.8615896509121408,-0.00025563725211762524,0.0024457371646554116,3250.75,6091.637946938244,21520.325989533732,288,B0018,39,1.6760516154424625,24,0.9035296661852321,59,0,1.6760516154424625,0.9035296661852321,-0.005565491982611537
3.519010068254593,2.492394514304757,4.186586244011676,0.23801950601597285,-1.839770443871628,-2.012193154001789,0.5568545144084124,30.977446633931525,37.32511174435206,3.483997639834989,-6.504748167410474,2.016204347968687,-0.0002363712884781024,0.002029099725115139,3239.344,5972.513705374129,21111.330794957168,286,B0018,40,1.649300642552199,24,0.8891086916860135,58,0,1.649300642552199,0.8891086916860135,-0.0021060985506945683
3.5124212742229295,2.372828310153791,4.189366482043888,0.24764027911477246,-1.837963396328485,-2.012774153678253,0.5595593689454879,30.800512192698992,37.31088262198154,3.5387349615325,-6.48692174268848,2.0260680603176864,-0.0002381240548224865,0.002338453022183091,3222.25,5934.85976354356,20940.979044238247,283,B0018,41,1.63238299185809,24,0.8799886865838726,57,0,1.63238299185809,0.8799886865838726,-0.0009468602263767778
3.50815215295169,2.3560703177076867,4.188553804618968,0.24868814670433595,-1.8296109578903785,-2.012946778665685,0.5718849545545559,30.616192795676138,37.23234655688736,3.5940179207817446,-6.448923964421306,2.0667650523010312,-0.00023259779538961896,0.0024012338614378386,3206.157,5877.633447995102,20711.334369046985,281,B0018,42,1.6164159719025777,24,0.8713811496336645,56,0,1.6164159719025777,0.8713811496336645,0.0011475460739884813
3.508648568515266,2.4644431530094417,4.188764708195774,0.24124748892293105,-1.8210831511954937,-2.0135827897679706,0.5838696197039824,30.399839302766903,36.94850857727268,3.6128336064459083,-6.416057389990163,2.1046401519702926,-0.0002253922843649287,0.002147984351427986,3197.969,5834.698866160669,20551.84189960747,279,B0018,43,1.6109028378249377,24,0.8684091169427205,55,0,1.6109028378249377,0.8684091169427205,0.0006207626443641701
3.5051993439595477,2.4195167274486726,4.188636968174337,0.24548338707940454,-1.8199201144788144,-2.013020303951627,0.585778278664795,30.38386825126278,37.002663545357386,3.6388730170994132,-6.406572887554823,2.111213170493186,-0.0002277908950355965,0.002266852029406858,3181.625,5802.222684976286,20420.33623002262,277,B0018,44,1.5954638693695655,24,0.8600862431802414,54,0,1.5954638693695655,0.8600862431802414,0.016117549214579398
3.523165280193865,2.3422406504312434,4.188466199744378,0.2527663680637224,-1.8951156248467713,-2.023314533825632,0.46384469380226484,30.576239500422755,36.71025442949399,3.3111986363347246,-6.716323458339521,1.7023975547945704,-0.0003081990691179279,0.002234596940343105,3302.36,6272.336357791228,22223.95247965603,301,B0018,45,1.726707440085764,24,0.930837321813855,53,0,1.726707440085764,0.930837321813855,-0.01548135950671301
3.527269876472835,2.3755467142668496,4.189570916346704,0.24691761491563505,-1.8867694858233446,-2.012680983917414,0.4783212150453822,30.705906284556665,36.72807623650589,3.264985072884921,-6.692722535070833,1.7514217499366218,-0.000288850774963794,0.0022060580390162385,3285.812,6213.796060501876,22036.5301969413,298,B0018,46,1.7165673917429751,24,0.9253710017973061,52,0,1.7165673917429751,0.9253710017973061,-0.016836879976977005
3.526762654741574,2.414629137532592,4.189584987657955,0.2419722888164384,-1.8786631828974334,-2.0115911942512583,0.49324032814050023,30.62583594950684,36.72959308355185,3.3054118485896375,-6.660311992398034,1.8009623915714934,-0.00027340759604362107,0.0021681754054541104,3260.016,6139.241729405425,21758.546700095154,295,B0018,47,1.6958235570934848,24,0.914188368861919,51,0,1.6958235570934848,0.914188368861919,-0.015881517038181414
3.523020179476104,2.3844645496129964,4.189371286385834,0.24328040938365159,-1.870474802329599,-2.01260531537844,0.5073349121605789,30.597357068657974,36.787462351640364,3.350287383237389,-6.623926527426731,1.8486897601298968,-0.00026367459537461336,0.0022792710817000706,3240.031,6074.336642140584,21505.284105004564,292,B0018,48,1.6777783190792557,24,0.9044605014567585,50,0,1.6777783190792557,0.9044605014567585,-0.013375096250863593
3.5197923457982654,2.398646371281655,4.187606340824144,0.2418489989676324,-1.8562833971202242,-2.0134407767806635,0.5317240593773815,30.528493896066262,36.75689163314213,3.3691133878538584,-6.568357990936685,1.9309483182809912,-0.0002530394288625802,0.002264766773926844,3232.265,6012.57871712624,21269.74140636634,290,B0018,49,1.6606586897774192,24,0.895231613273491,49,0,1.6606586897774192,0.895231613273491,-0.013038964081570726
3.5251014582287223,2.4557130111721626,4.188829347125095,0.2393983363584046,-1.8625354754370638,-2.0130995106645164,0.5212662196305107,31.203754246103966,37.35015763097096,3.3761499104047052,-6.599248526189891,1.8964918468404075,-0.00025681893523886836,0.0021009569846371623,3232.031,6033.435105685085,21371.45700149011,289,B0018,50,1.6664109274827466,24,0.8983325424846361,48,0,1.6664109274827466,0.8983325424846361,0.012059302520603499
3.518519199837846,2.323665882820083,4.189202115880737,0.2489550299081238,-1.8606833274060013,-2.0125662318740924,0.5239500938015201,31.172639449335037,37.48126030855565,3.3931075584998456,-6.581763766175263,1.906538564228175,-0.0002588724480234642,0.002454047455774232,3209.5149999999994,5985.990462455789,21168.021271472222,286,B0018,51,1.6468336174407805,24,0.8877787622525443,47,0,1.6468336174407805,0.8877787622525443,0.013946754860438925
3.5190801794284594,2.488054079510012,4.186778882107656,0.2364897838479307,-1.8383636766891702,-2.026718552407948,0.5585249663671573,30.96825922704022,37.12544389762631,3.3725100674944644,-6.501863703796069,2.0210620946604054,-0.00024381862875953248,0.0020500319381505125,3196.125,5888.354993748888,20819.37484905909,284,B0018,52,1.6257639928779952,24,0.8764205017595725,46,0,1.6257639928779952,0.8764205017595725,0.014011912843097907
3.5114167272902406,2.3306937114568003,4.187888599491238,0.24874264017524597,-1.8436958588115402,-2.013261835361458,0.5507329669971996,30.821704306343126,37.19112571388883,3.461125225709339,-6.507864080115902,1.9954793962903221,-0.00025037462569617395,0.002459219331087194,3172.562,5861.579349161369,20684.755387391873,281,B0018,53,1.6121577411874597,24,0.8690856130635962,45,0,1.6121577411874597,0.8690856130635962,0.013124115578359196
3.5108038681605738,2.389399831578687,4.18915752014188,0.2451594140795012,-1.8362729789790888,-2.0186878439171223,0.5621879622030944,30.765219721637393,37.17642722353301,3.503964447439989,-6.478997742129148,2.033129164708645,-0.000242946483258593,0.0023183342006242325,3172.735,5838.671583722972,20595.216487482736,280,B0018,54,1.6057366823755344,24,0.8656241342693628,44,0,1.6057366823755344,0.8656241342693628,0.01098440148037696
3.5143261179075496,2.4864200723178747,4.191289655270872,0.24237082105179888,-1.8646902787950443,-2.012371641203182,0.5180525818431642,30.809988428281613,37.11936678632194,3.5173638369613456,-6.586398258933768,1.8810049115761167,-0.00026214970170772344,0.0019872835736783573,3238.109,6060.4427331426505,21417.03089510725,279,B0018,55,1.673645314879889,24,0.9022324722778301,43,0,1.673645314879889,0.9022324722778301,-0.00144687747942851
3.5196664048265602,2.4673631110639858,4.190628233635541,0.2418347331031089,-1.8572649157581866,-2.013097827670719,0.5299496773990815,31.03903359070028,37.2702464066457,3.416623634027639,-6.569906211793459,1.9246007229527409,-0.0002562375129274447,0.0020603437503271273,3191.063,5940.99312083171,21008.25820890161,279,B0018,56,1.6404348572349936,24,0.8843293042409497,42,0,1.6404348572349936,0.8843293042409497,0.0012797520411573782
3.512403849382274,2.375173080957567,4.189158279329032,0.24831044327729743,-1.8483454421357695,-2.0125787987088013,0.5439678410748331,31.04176453157222,37.39550861947664,3.4608039477331194,-6.525997366350636,1.9721490319373765,-0.00025309506099491675,0.0023186681160839297,3165.828,5866.431758365247,20706.90931028051,276,B0018,57,1.6132653317422077,24,0.8696826954654632,41,0,1.6132653317422077,0.8696826954654632,0.002499732227157514
3.5077862234460104,2.371626022111289,4.185868202467219,0.24798510872806298,-1.839168422289249,-2.015019692764474,0.5579580602841321,30.959784195511766,37.378956702246384,3.504718170934599,-6.48432876022456,2.0178632372361416,-0.00024870714560497407,0.002345240018173364,3140.407,5790.263141900984,20408.74716429055,273,B0018,58,1.5920964324686278,24,0.8582709177386076,40,0,1.5920964324686278,0.8582709177386076,0.0040122617437663875
3.5076596102713244,2.463955873060647,4.186906972044146,0.2417651320055898,-1.830332610270234,-2.020734675534358,0.5706945055301016,30.843513277103145,37.245718322158105,3.536345990527338,-6.449700844520931,2.0589554715834657,-0.00024014890125146468,0.002139078299980553,3131.922,5747.46047693328,20246.92032220643,271,B0018,59,1.5866011820698824,24,0.855308525821416,39,0,1.5866011820698824,0.855308525821416,0.003827100061130384
3.5074833565874615,2.475545296633258,4.189576283423886,0.24237941979502164,-1.829290599843924,-2.012930230685489,0.5724466902011421,30.797157400797865,37.21755583353321,3.5441345376258013,-6.444828445670086,2.0647943988212867,-0.00024120737475140245,0.0021090859852783304,3121.109,5723.929288361131,20161.107301668075,269,B0018,60,1.580076649033625,24,0.8517912659101168,38,0,1.580076649033625,0.8517912659101168,0.0187137331692528
3.5023865933440717,2.3791563087604626,4.189808713646982,0.25006126825340175,-1.8278449003095165,-2.0135210876274656,0.5742593028566971,30.984434580754094,37.56150979821064,3.597021783529328,-6.432123273716284,2.0718728402409154,-0.00024336252972526913,0.0023527758875288123,3105.265,5690.5528697762065,20018.636504570437,267,B0018,61,1.5641732953289167,24,0.8432180503052695,37,0,1.5641732953289167,0.8432180503052695,0.015252312381215383
3.503693493885047,2.4776158338943337,4.188889298039903,0.24293051873935917,-1.8188198987741453,-2.013049747683001,0.586841984204412,30.967899275139946,37.4174791317661,3.567101754621834,-6.3995825044817085,2.11245641689201,-0.00023755445567674727,0.0021250734625517203,3091.25,5636.313694636339,19825.90935428214,265,B0018,62,1.555618272193922,24,0.8386061892347928,36,0,1.555618272193922,0.8386061892347928,0.011529411909657127
3.4989948462048113,2.4205549690097223,4.188220838257245,0.24757542528094925,-1.817194042260449,-2.01215000710487,0.5888596862938004,30.976616345195186,37.55101533655474,3.6120430727034845,-6.385758377008004,2.118698128190915,-0.00023723485111341362,0.002274361506279988,3076.703,5604.562926383582,19689.535746769907,263,B0018,63,1.5402045278637395,24,0.8302969133503281,35,0,1.5402045278637395,0.8302969133503281,0.010378380920977648
3.495405576723954,2.415388497112405,4.186454063976498,0.24806656368733818,-1.8157980815469457,-2.0124985987201267,0.5908996546649903,30.89768961926806,37.59895044072871,3.689966883450633,-6.372995252994378,2.123580826475156,-0.00023497429781132052,0.002299778013050376,3062.328,5575.7563971926975,19563.569820906305,261,B0018,64,1.5321613015959863,24,0.8259609528835993,34,0,1.5321613015959863,0.8259609528835993,0.010887976094779228
3.494528300232307,2.3974205597873093,4.1895672733133145,0.25131607085775737,-1.822108117298183,-2.013303363874512,0.5821582195156936,30.815688222379325,37.48923978216981,3.6600445083242987,-6.39328609600685,2.094542399788928,-0.00024003295027281315,0.0023376730350441652,3050.563,5573.889633252416,19551.325955237844,259,B0018,65,1.5316232403693415,24,0.8256708936300426,33,0,1.5316232403693415,0.8256708936300426,0.009690681732856721
3.4962554827793926,2.497752653580319,4.189297764105604,0.24403995501441178,-1.8129628028687816,-2.0127782408337165,0.5952783563830065,30.726188079151118,37.37911114363861,3.6681577159350525,-6.3608245812620785,2.1368043134775525,-0.00023271828372463664,0.0021215611102595113,3034.672,5516.518631911082,19348.98363046062,257,B0018,66,1.5222595950771978,24,0.8206231187124103,32,0,1.5222595950771978,0.8206231187124103,0.008382740050343784
3.48769646191346,2.3726090777895896,4.186793087812023,0.25261083356899555,-1.8044876731207795,-2.011894643612056,0.6065337513252165,30.76818712651005,37.559604168615785,3.7358773030403323,-6.318018755303753,2.1743954902560176,-0.00023257135367147787,0.002419172885835265,3031.25,5483.955784947502,19194.822190713,256,B0018,67,1.5065267126851285,24,0.812141801165346,31,0,1.5065267126851285,0.812141801165346,0.009818311901758702
3.486547580844067,2.36844257542991,4.188594535127793,0.25421974568816713,-1.809986175960184,-2.0125266173463885,0.5993292137989468,30.775415173787835,37.61805450748922,3.7404191574501855,-6.334284704110773,2.149510098687871,-0.00023716089408467418,0.0024328236697430923,3011.343,5465.874097356027,19123.253365106797,253,B0018,68,1.5014219556532926,24,0.8093899172887186,30,0,1.5014219556532926,0.8093899172887186,0.00775651444208938
3.482298183882304,2.331968556073514,4.186295492358637,0.2567453685120387,-1.8090400456598725,-2.0121939690963395,0.6003399044077647,30.761821976538275,37.71101994346608,3.807327476212808,-6.3229429757996645,2.1515930191140193,-0.00023597367895514552,0.0025373682901283392,3003.0,5447.639640199224,19034.54724571953,252,B0018,69,1.4963534117486457,24,0.8066575552659644,29,0,1.4963534117486457,0.8066575552659644,0.007161577969468124
3.491819481711868,2.4057755306304176,4.187384370589753,0.2523757254841878,-1.8273691233501441,-2.0205100517708847,0.5753946456070788,30.913721930762733,37.767989299214086,3.7586786821951486,-6.408601834778606,2.070102408411569,-0.00024700309845054853,0.0022689727202591958,3045.187,5581.962942803465,19570.351371853707,255,B0018,70,1.5334262000312422,24,0.826642837170715,28,0,1.5334262000312422,0.826642837170715,-0.00036059193238013876
3.493995853241935,2.4720838848798987,4.188929264481706,0.24787661625868784,-1.8180385592622932,-2.0131819742858483,0.5884044857138682,31.228215653165606,37.91919394450186,3.715344293729913,-6.3771463628888645,2.1139189802039984,-0.00024106157377037354,0.0021306020624384716,3028.469,5522.8266711454735,19366.969977073535,253,B0018,71,1.523845267514426,24,0.8214779265683784,27,0,1.523845267514426,0.8214779265683784,-0.00031713448744565833
3.484377015629623,2.342731326096539,4.185269759332432,0.2563184923366143,-1.8085351614741645,-2.013496073486494,0.6017111392190142,31.261679783387308,37.99328509003338,3.6786940845474767,-6.3280570076862315,2.1577245558329574,-0.00024269440689067247,0.002438848712150545,3012.937,5465.753395150862,19118.78439051386,251,B0018,72,1.501192099426124,24,0.8092660058779417,26,0,1.501192099426124,0.8092660058779417,0.0010669226518008833
3.4859116793558376,2.4198650452188226,4.18799771486628,0.25178046921877606,-1.8068041184926535,-2.0122733205325782,0.6035048613646924,31.18408593575448,37.984838024989045,3.743971215642685,-6.321432462477353,2.1623113704010453,-0.00023689076787958353,0.002280268094918075,2998.875,5434.045508623087,19006.954484964095,249,B0018,73,1.492417671450291,24,0.8045358675534857,25,0,1.492417671450291,0.8045358675534857,0.0018008568406003179
3.484278753976679,2.438879997223475,4.187899339921793,0.2508652563260822,-1.8050190987020625,-2.013027320256293,0.6056880584788689,31.001432353085377,37.8288851383529,3.772248758982031,-6.310346063153668,2.167873850026803,-0.00023443686621345822,0.0022537212228549834,2983.547,5401.531578962518,18877.88912734289,247,B0018,74,1.483323851940123,24,0.799633550923934,24,1,1.483323851940123,0.799633550923934,0.0026059119617045214
3.4829886521206714,2.430465824271706,4.1882916128809375,0.2527666120037829,-1.8118563821702207,-2.012954260463709,0.5969033315535529,30.981374033120872,37.844837975501,3.7894093030372655,-6.33177872592455,2.1381185215107488,-0.00023832264119110874,0.0022744600396205255,2966.86,5392.527233776386,18839.53557831519,245,B0018,75,1.4807376792294196,24,0.7982393911352555,23,1,1.4807376792294196,0.7982393911352555,0.010537704160364526
3.483799876979844,2.4907267597860656,4.187409532380725,0.24802832713581485,-1.8021525551783737,-2.012741175686338,0.6102519084386244,31.088687926688607,37.8984610468502,3.7929642716009595,-6.297153086015737,2.1815506151824393,-0.00023170826323970972,0.0021496306597463383,2954.797,5342.323228608104,18662.007338374795,243,B0018,76,1.4735077809902477,24,0.7943418813674149,22,1,1.4735077809902477,0.7943418813674149,0.01006749730483567
3.4787540756450497,2.367832802864477,4.188656943531829,0.25814755065726835,-1.8092953592546854,-2.013377348559974,0.6003267799218304,31.336420133762665,38.27784043980244,3.8032710106661516,-6.315900898230809,2.1496774928033813,-0.0002376346128335938,0.0024361097590157622,2945.735,5347.215051533634,18659.801062370105,242,B0018,77,1.46801928526661,24,0.7913831307756389,21,1,1.46801928526661,0.7913831307756389,0.006634562831902802
3.475219435178451,2.3532703553328904,4.188198669984733,0.2587418006364251,-1.8000309691416814,-2.013211476410487,0.6124490248454585,31.225999871035654,38.24434303919528,3.8504748781567057,-6.276126977602781,2.188778334462792,-0.0002379518323005366,0.0024717069475232887,2941.375,5311.333291798475,18512.722865090782,241,B0018,78,1.458092355711902,24,0.786031699313642,20,1,1.458092355711902,0.786031699313642,0.006865063147677786
3.470739535801023,2.362897904778893,4.184528192003684,0.2577237129459588,-1.7981302589297095,-2.014293661039269,0.6145766343541279,31.037323488688802,38.06956259266949,3.887767420027259,-6.259481335118963,2.1924339509404764,-0.00023606500992772348,0.002467676562982205,2923.953,5274.829247927443,18357.579391670617,239,B0018,79,1.44786609888914,24,0.7805189058362434,19,1,1.44786609888914,0.7805189058362434,0.007091550610196595
3.474600910003521,2.420200016704328,4.1927676322495895,0.2561984574820731,-1.8058248446047425,-2.013245286480298,0.6046864853168988,30.811349225731828,37.81744565252647,3.8873838582496485,-6.291934523679536,2.1599747404417826,-0.00023835415058758328,0.002332784801266761,2921.031,5292.554290805182,18435.2375677157,238,B0018,80,1.4527808777541982,24,0.7831683758563823,18,1,1.4527808777541982,0.7831683758563823,0.005591360295044279
3.4740521567700093,2.472605886588914,4.187873640279204,0.2512971706951936,-1.795955865281378,-2.0138967840468363,0.6181698739348518,30.932223179746046,37.90256777035479,3.8978488164370297,-6.254575418720512,2.2032044333261522,-0.00023342376186808407,0.002216489117309007,2902.75,5230.9131644883,18212.313610374746,236,B0018,81,1.4425356364492432,24,0.7776453481817188,17,1,1.4425356364492432,0.7776453481817188,0.0061944289082009
3.475075728648004,2.483165462226557,4.1880559282136725,0.2509904827066951,-1.7951057003644757,-2.0132739002306224,0.618933989993131,31.215527070380897,38.16628336469349,3.8865976358564236,-6.25334501829019,2.206205357300842,-0.00023278232144106697,0.002192681598637622,2897.875,5219.301110515117,18176.84679100033,235,B0018,82,1.4392712877203313,24,0.7758855957432074,16,1,1.4392712877203313,0.7758855957432074,0.005749599509255754
3.472424307596416,2.434198683008624,4.188063095530185,0.25484104285559894,-1.7940097981352856,-2.0131642650090824,0.6205845867664037,31.400797084337558,38.36789486715962,3.8751971722133556,-6.245941046502452,2.2121906351164804,-0.00023480841618537238,0.0023031294951951294,2892.094,5206.214435744648,18120.58825973961,234,B0018,83,1.4286475681888218,24,0.7701585371768062,15,1,1.4286475681888218,0.7701585371768062,0.005888957504616066
3.471751102262539,2.497859027600416,4.185913481526783,0.24949789396086638,-1.7841592631620102,-2.012453716602352,0.6322457302959145,31.259213269721236,38.19823604401131,3.9086071853484206,-6.207023878632889,2.2483290963773044,-0.00022745994587211764,0.0021769617508471195,2886.921,5167.761493819726,17973.482218047906,233,B0018,84,1.4249026750004896,24,0.7681397317526905,14,1,1.4249026750004896,0.7681397317526905,0.0045926847777300935
3.4745407296058963,2.374740845794832,4.187259539606346,0.25954019804112044,-1.8136320536623207,-2.013506755621097,0.5946002285557522,31.134701292957466,38.09998280757164,3.860822526667847,-6.326153650398687,2.1284616887495162,-0.0002508005136977912,0.0023490152274850723,2942.531,5354.7615708170115,18672.588089099467,237,B0018,85,1.4698115324524124,24,0.7923492994106556,13,1,1.4698115324524124,0.7923492994106556,-0.0034061309396428373
3.471720060423485,2.3589340839760866,4.187670932765983,0.260516253498242,-1.810960446087532,-2.014872086495032,0.5979305613457744,31.246879695988095,38.21452378284136,3.845745944426189,-6.310225330671005,2.138308678365011,-0.0002484867790118917,0.002419732303473682,2912.469,5292.843204853246,18437.276527124966,234,B0018,86,1.4525819651050202,24,0.7830611455790711,12,1,1.4525819651050202,0.7830611455790711,-0.0020092657311554076
3.4713984098288235,2.4413266342198545,4.187836103953847,0.2544263229056697,-1.800802328247715,-2.012630004080512,0.6114932928667776,31.027558674438325,37.93969653616424,3.856206251259731,-6.269926375514465,2.1807597901946716,-0.0002392466265837617,0.0022490868478336375,2895.594,5232.680127966093,18213.65069892774,232,B0018,87,1.442834198908794,24,0.7778062979024363,11,1,1.442834198908794,0.7778062979024363,-0.0007125822376925495
3.4626491088970703,2.311419659807122,4.18719517574786,0.26385932209588037,-1.798647877727257,-2.012054810012164,0.6138855024551874,30.931917385258963,38.06666733482501,3.9414476470124526,-6.247582225902285,2.187829471130176,-0.0002438390676975453,0.0025774477671609143,2884.406,5206.126184679701,18077.947134462163,230,B0018,88,1.428376058807949,24,0.7700121712904541,10,1,1.428376058807949,0.7700121712904541,5.4301876174545074e-05
3.466072725920186,2.495315923820125,4.183339938829854,0.24944379745426662,-1.7804067367547436,-2.011816454093025,0.6370599693980358,30.667082236656018,37.63260475617888,3.9306747945581204,-6.183473330931571,2.2608903105719014,-0.00022761908329991718,0.0021660036189361815,2873.766,5134.474756745347,17827.11092758001,229,B0018,89,1.4154547844370715,24,0.7630465417051595,9,1,1.4154547844370715,0.7630465417051595,0.001889578112683621
3.4730670533412877,2.4398479869382084,4.192209704853633,0.2569986037739889,-1.8167125180994765,-2.0147251295387147,0.5905432240305882,31.226789107710772,38.18223603956323,3.894243733720098,-6.32981476371968,2.112019780883234,-0.0002501898081127978,0.00221889043786913,2893.375,5275.245984719273,18375.235120599893,230,B0018,90,1.454576670077708,24,0.7841364556121901,8,1,1.454576670077708,0.7841364556121901,0.003046972474940857
3.4668548162926327,2.376538319699514,4.186622455926472,0.25940577128111114,-1.7981268087177564,-2.01362953818943,0.6151758698245259,31.387733116648285,38.3907466519188,3.9188316151382803,-6.254260074059995,2.1930610695361077,-0.00024329353991990992,0.002392133591351703,2884.9839999999967,5206.176334258747,18103.262024317664,229,B0018,91,1.4283179548274056,24,0.7699808484662279,7,1,1.4283179548274056,0.7699808484662279,0.00485280205552292
3.46527367520258,2.3722299202290382,4.186945959000922,0.26004857673152804,-1.7964439222994821,-2.0143431411678145,0.6175723216535411,31.505666838292886,38.51622654624205,3.9140953665892413,-6.244565898918145,2.2000416193071604,-0.00024305506676949856,0.0024089283731729833,2870.234,5175.619506845938,17985.720392090778,227,B0018,92,1.4197026883204058,24,0.7653365112635747,6,1,1.4197026883204058,0.7653365112635747,0.004626302117677649
3.4638878223448684,2.361475505115684,4.18744003081614,0.2614012721012322,-1.795371462470329,-2.013805013275104,0.6185854999461717,31.5462258449116,38.56612180540248,3.8983467287559384,-6.237547131662229,2.2033678783061887,-0.00024331156924947632,0.0024339754760557375,2864.11,5160.9285960948,17925.718044601395,226,B0018,93,1.4155606630306516,24,0.7631036189749955,5,1,1.4155606630306516,0.7631036189749955,0.00256307915545948
3.457807923440064,2.317937855025735,4.1845980039811215,0.2637843275246904,-1.7937175263130196,-2.0140103653857677,0.6213055435930451,31.389977882297476,38.5606541602861,3.9985715147003824,-6.220029116662219,2.209202001352032,-0.0002423018654080492,0.0025739082105656302,2846.64,5125.379071177416,17767.972515132264,224,B0018,94,1.405680035419228,24,0.7577771480684934,4,1,1.405680035419228,0.7577771480684934,0.001954949803568695
3.459813554486507,2.3372859753156225,4.186742025132256,0.26401849793435667,-1.8014517734888207,-2.01313706710909,0.6106925334860717,31.385433749863733,38.53842073636507,3.965719058945149,-6.2506850537324254,2.1749444315387554,-0.0002464237069901312,0.0025116849765596874,2839.532,5135.328148594008,17812.83665851564,223,B0018,95,1.4084461071166137,24,0.759268288206635,3,1,1.4084461071166137,0.759268288206635,0.009226112592218883
3.458027727779737,2.35288102649522,4.1871520936423146,0.2624021548644073,-1.7915215753378781,-2.0146560328783325,0.6236313916998142,31.423707199142058,38.548873480234754,3.983738947024171,-6.2115038032045655,2.216464822364031,-0.00024410504156712276,0.0024837078804659804,2832.703,5093.631174513962,17655.93570988865,222,B0018,96,1.3968547782872414,24,0.7530196086484692,2,1,1.3968547782872414,0.7530196086484692,0.006292635308032857
3.4613996718507845,2.4646122144537173,4.187096292904282,0.2543634827295898,-1.7816941240706174,-2.013905602750019,0.6362211262767111,31.435368910968148,38.45838357496903,3.9674658136262257,-6.17985031022605,2.2569986414675816,-0.00023781000180542915,0.002216315972176091,2827.077999999994,5056.490103244958,17534.2062106936,221,B0018,97,1.3935670371440676,24,0.751247245774781,1,1,1.3935670371440676,0.751247245774781,0.00522713023526764
3.4611285476693214,2.4684655225527004,4.187367312766795,0.25451400427608056,-1.779737998541223,-2.0129862192992305,0.6387591462974623,31.542375291159843,38.54382874673793,3.9642465111259857,-6.172096934058595,2.265304826998729,-0.0002353305702052822,0.00221762624029928,2821.531,5041.428502253324,17479.48629596815,219,B0018,98,1.3893644292809475,24,0.7489816944965945,0,1,1.3893644292809475,0.7489816944965945,0.005239246749940829
3.455556822823358,2.409292353940073,4.18534593452204,0.25898346056070937,-1.7856528650965158,-2.0130373888261315,0.6312222058682411,31.52669677306915,38.650883957434026,4.030635450508156,-6.183241074576948,2.2382556004691843,-0.00023908574462772143,0.0023556609509482935,2805.156,5029.017744326924,17409.817609344183,216,B0018,99,1.378565141566671,24,0.7431599902402237,0,1,1.378565141566671,0.7431599902402237,0.005422978770511388
3.459598362944341,2.477625480372779,4.186646524222555,0.2543532391096489,-1.7784070647657095,-2.012440412153309,0.6396665691444494,31.435921914290375,38.45654834997334,3.9799942134001074,-6.163834183972147,2.2672230950426977,-0.0002346794368182149,0.002201481497067488,2814.906,5025.424143126731,17412.779003866024,218,B0018,100,1.384901110085747,24,0.7465755983684312,0,1,1.384901110085747,0.7465755983684312,0.004708999406173353
3.4506569891269216,2.335608852853518,4.184730834033599,0.263423300497629,-1.7778412667349817,-2.014185743260078,0.6413506214395214,31.475238112886494,38.6564130442344,4.050740963804575,-6.148513931028633,2.2716177058301184,-0.00024071374338065186,0.002536979802821432,2801.156,4999.370228480605,17284.68033464323,217,B0018,101,1.3703251814242443,24,0.7387179740348331,0,1,1.3703251814242443,0.7387179740348331,0.005305919372599411
3.455515243082573,2.441999086782534,4.187175976285891,0.2569366308625665,-1.7764462760420034,-2.014463667770562,0.6426186512846561,31.5817445550721,38.655587491253975,4.0183573093301135,-6.149692659648899,2.2754257079230733,-0.00023725804544000542,0.0022903502960895713,2794.187,4983.895290780603,17248.88629293714,216,B0018,102,1.3733464385229082,24,0.7403466800917733,0,1,1.3733464385229082,0.7403466800917733,0.004044119724231887
3.455840338587253,2.465168783147216,4.186108406696249,0.25545113736601277,-1.7752748972563315,-2.013348921415113,0.6439585053065757,31.647958536134297,38.6997087046862,4.016418469674935,-6.145173510621428,2.27916074130809,-0.00023577204905984194,0.0022483564905815745,2785.391,4964.528971604321,17180.540592777936,215,B0018,103,1.3679487285504814,24,0.7374368704864981,0,1,1.3679487285504814,0.7374368704864981,0.004283140146093212
3.448678293668265,2.370892032033162,4.183460397462309,0.26129300049885285,-1.774201326872465,-2.013428528654807,0.6451719450259635,31.662032275252905,38.87481687744787,4.093913010011415,-6.130202744578054,2.2817310419210366,-0.0002385428467423087,0.002471532963988588,2779.5,4950.511674453361,17101.033528648597,214,B0018,104,1.3567141087089647,24,0.7313804864100185,0,1,1.3567141087089647,0.7313804864100185,0.004370206571541279
3.4745031786447553,2.461879783248223,4.187091541628412,0.2556944497754274,-1.8196650877007408,-2.01277944734302,0.586549765279328,30.434500875864142,37.36397452607736,3.8534942001727446,-6.346014564096706,2.098947532169198,-0.0002579886097882026,0.0021125526708665457,2899.234,5297.679773226049,18470.0518306171,223,B0018,105,1.4604310209194575,24,0.7872924322020762,0,1,1.4604310209194575,0.7872924322020762,-0.015105982166742127
3.474031881945217,2.424706636890725,4.18736921126964,0.2575575606682498,-1.8096836854216038,-2.0200047420918392,0.6002875701859975,31.017997058077018,37.88258787662229,3.8415596693543446,-6.312282207503506,2.1464906115391122,-0.0002580723792294057,0.002188197249389913,2894.922,5260.6218874181595,18344.565987739774,222,B0018,106,1.4500998937104097,24,0.7817231049614924,0,1,1.4500998937104097,0.7817231049614924,-0.015954942457233078
3.474404210386772,2.444722297403138,4.187597633155394,0.2554759257484419,-1.7993287687468957,-2.0133646895300226,0.613273336627497,31.39483761465523,38.15898073660424,3.8004854675567885,-6.275992011464777,2.189922973935248,-0.00025069553285858153,0.002155819776489455,2888.25,5217.574554732232,18194.065973935874,221,B0018,107,1.4381406901824496,24,0.7752761106852413,0,1,1.4381406901824496,0.7752761106852413,-0.01295885033190829
3.471767043833224,2.443569395327192,4.187608979498198,0.2569035121433625,-1.7959419603883284,-2.014594160102108,0.6173426525372289,31.24511885640641,38.05243159675446,3.8243542541180138,-6.257144426642593,2.201915618511254,-0.0002484253556129753,0.0021186964222330695,2873.906,5184.952304363782,18059.820136543152,208,B0018,108,1.4283681980964316,24,0.7700079337204485,0,1,1.4283681980964316,0.7700079337204485,-0.012083893909190024
3.4685305272975935,2.4666000274194886,4.186194120124063,0.2538859496650628,-1.7956017209600372,-2.012470648259109,0.618300999238423,31.05306925187263,37.89096376444466,3.8617083945398245,-6.247385715025273,2.201653198213686,-0.00024490121774669297,0.002151105414682217,2847.406,5133.702502688771,17856.65752287003,217,B0018,109,1.4147874517552432,24,0.7626867945054364,0,1,1.4147874517552432,0.7626867945054364,-0.011614668609255707
3.4651213646662598,2.4272514813701016,4.186991375693876,0.25859194493549637,-1.7929541659933774,-2.0131822133527364,0.6216320056247608,30.88589263299332,37.81203585126145,3.8954477323182317,-6.23188692144995,2.212401313731515,-0.0002458686618089614,0.0021880032888007953,2849.281,5132.799867524351,17836.230225951036,205,B0018,110,1.413889163393182,24,0.7622025431993112,0,1,1.413889163393182,0.7622025431993112,0.009308371505255097
3.465287985947589,2.4762628371779,4.185443351643291,0.2528324258666098,-1.784474211719448,-2.0130225462243683,0.632308747910759,31.053992379018933,37.9591954678784,3.931967860502407,-6.2008785946058795,2.2463685035081173,-0.0002444590307945515,0.0021222117584510833,2833.688,5076.657998884876,17636.280697392154,215,B0018,111,1.3989331662177225,24,0.7541400306782735,0,1,1.3989331662177225,0.7541400306782735,0.010233345498537449
3.461799526154992,2.3607989727330003,4.186308413669027,0.2623696395685322,-1.793581043096934,-2.0189079388265974,0.6220040809868876,31.492840068071885,38.52104349883516,3.9472345294231523,-6.229965134467841,2.2142021323052092,-0.00025176102745989317,0.0023846223732883797,2826.453,5090.680285320584,17678.334313218835,214,B0018,112,1.3953322584033976,24,0.7521988452127043,0,1,1.3953322584033976,0.7521988452127043,0.008561686355810404
3.463260140320492,2.377011586588198,4.187179397572641,0.2613577584434526,-1.7920645354970144,-2.012765928007659,0.6233712946026018,31.93832684630049,38.87868799770175,3.9215405106927648,-6.227259053617318,2.2191000835037826,-0.0002499959663441344,0.002356933124795098,2818.312,5071.712675727026,17619.45569197398,213,B0018,113,1.390046129540245,24,0.7493491870022229,0,1,1.390046129540245,0.7493491870022229,0.007664413711237295
3.462839429201602,2.456756319667845,4.1854460754417,0.2550379791020871,-1.7809541104468565,-2.013042493892728,0.6363041167015956,31.74562722135923,38.65118899876309,3.9322760275289097,-6.183572221242161,2.2589610629476518,-0.0002410457109987902,0.0021873363455814105,2812.7189999999973,5030.668598396838,17461.6561589306,212,B0018,114,1.3860271454209647,24,0.747182624023947,0,1,1.3860271454209647,0.747182624023947,0.005752061266855702
3.4569152237960306,2.3277314025979847,4.193052368415502,0.26697340100884936,-1.7989851707207014,-2.012206599766764,0.6136015374226743,31.31018499405759,38.434235278537344,3.991914149737072,-6.237726758864616,2.184036681210419,-0.0002535486227931196,0.002497020923663236,2803.5,5065.446566402967,17558.831321030288,211,B0018,115,1.388215260193751,24,0.7483621978461461,0,1,1.388215260193751,0.7483621978461461,0.005134780639886216
3.4574690175816127,2.4537913827403948,4.186241953638429,0.2568228137679184,-1.7873231599598716,-2.012141821898546,0.6283660366326043,31.127360345471814,38.10387572433,3.9586881060793737,-6.193360407050142,2.2287649366258457,-0.00024489895249518143,0.002210193332254461,2783.25,4995.279469289279,17305.562012685274,209,B0018,116,1.3761826562394497,24,0.7418756347033405,0,1,1.3761826562394497,0.7418756347033405,0.0045501019956545544
3.4502191781217797,2.3475608877759067,4.186011006323472,0.2643003813390103,-1.7861666392556754,-2.01231372073967,0.6300010907202901,30.985550813719595,38.12742842632319,4.0221548276103825,-6.177719939133201,2.233155762050127,-0.0002464454931330483,0.002474525579319801,2776.391,4981.034172155278,17223.464508454723,208,B0018,117,1.3647168898640163,24,0.7356946436346267,0,1,1.3647168898640163,0.7356946436346267,0.006123073707876259
3.4486728051793962,2.3558347560196564,4.18675624032869,0.26393140331671344,-1.7849995504167617,-2.0131811880616888,0.630878906976592,30.899653280757406,38.03962943213698,4.045052346052421,-6.1697096027055025,2.234582313990697,-0.00024575120458764777,0.0024613343553712493,2766.516,4960.623699644399,17141.46497775221,207,B0018,118,1.3589854739373584,24,0.7326049390746541,0,1,1.3589854739373584,0.7326049390746541,0.006212131120577347
3.444632719716698,2.379110236294476,4.1831553230638425,0.26169754461682443,-1.7783310205058362,-2.013273464922821,0.639379848746925,30.706123644966482,37.85657903247749,4.086965241473663,-6.136962752156177,2.259047836128387,-0.0002429329859272855,0.0024044835791697055,2751.516,4916.210191917704,16961.98563473884,201,B0018,119,1.34623087640088,24,0.7257291620112973,0,1,1.34623087640088,0.7257291620112973,0.007959253804016964
3.467272639213176,2.444740635238248,4.191989955143364,0.2590954604625469,-1.809775952165901,-2.013950042532596,0.5998929255667806,30.47122187456595,37.43017193410286,3.9229679264032944,-6.2963644421816305,2.1408156516974435,-0.0002585314881768516,0.002154104870097771,2848.859,5178.121412130285,18010.046144178643,212,B0018,120,1.4268427818454643,24,0.7691856089045949,0,1,1.4268427818454643,0.7691856089045949,-0.007725504330342669
3.464490491162134,2.431867772331712,4.185628679672912,0.25720031438600915,-1.7896694300229212,-2.012375320433943,0.6259143571313353,30.939221783021114,37.8264149292754,3.901367821909319,-6.222228506957081,2.226883104025053,-0.00025181709332042815,0.0021821696736993744,2840.016,5104.614186494304,17742.72694170566,211,B0018,121,1.4064481483279665,24,0.7581912240991064,0,1,1.4064481483279665,0.7581912240991064,-0.006053098417703362
3.459667012281024,2.344037291947413,4.186834478731371,0.2645119375542321,-1.79700972481249,-2.0124205467796688,0.616291401136465,31.111640631561894,38.08307173716899,3.905016590522514,-6.2398462662192165,2.194471527127127,-0.00025941885177368346,0.002397623070801285,2817.375,5085.367814253437,17654.265818146232,209,B0018,122,1.3934907492075153,24,0.7512061203027418,0,1,1.3934907492075153,0.7512061203027418,-0.005754771868699793
3.462241956955771,2.456436863057259,4.186613091061155,0.25593721015030285,-1.7861513769566686,-2.0131578787415245,0.6297547238438339,31.037910219908994,37.88279649093536,3.891840650133118,-6.20207866001862,2.2369752661776574,-0.0002489507593726783,0.0021579678908529155,2809.234,5039.217710012272,17494.111919103223,208,B0018,123,1.3882493512249316,24,0.7483805757157408,0,1,1.3882493512249316,0.7483805757157408,-0.005852775457514658
3.4555661695067355,2.395547668334432,4.183907160253637,0.2596982368038693,-1.784162084841115,-2.0123169807019234,0.6324689086646982,30.967950840538833,37.96027066990377,3.9665391332141313,-6.182948954635094,2.2433585115169636,-0.00024793109146389273,0.002310273799205332,2791.187,5001.9632354452115,17330.191463606043,206,B0018,124,1.3701878338420928,24,0.7386439323920165,0,1,1.3701878338420928,0.7386439323920165,-0.004791391488242569
3.458696199585801,2.453674917297921,4.18533882899107,0.2567368169580032,-1.7845257009241222,-2.0152254170182307,0.6326256103182771,30.93996203578424,37.880513353762176,3.955686030516635,-6.18782181886069,2.2441973418468795,-0.00024560916102794525,0.002177111032170206,2794.016,5008.672627707895,17363.212532488968,206,B0018,125,1.379695166560862,24,0.7437691666500521,0,1,1.379695166560862,0.7437691666500521,0.009429523056920441
3.4525282614097663,2.3062728144586413,4.185280284017658,0.2674956170053475,-1.7920667435100546,-2.01421415925087,0.6235986177439031,31.295019295352862,38.43416278222213,4.011703374555781,-6.207092655817895,2.215490790907835,-0.00025619958580712,0.0025278751726898565,2774.719,4997.354125984497,17304.589698890453,204,B0018,126,1.3686586323935683,24,0.7378195670433692,0,1,1.3686586323935683,0.7378195670433692,0.007557903186879633
3.4552290080443044,2.3471092023857154,4.186281579801858,0.2641142102955423,-1.7827798732717042,-2.0128415184323125,0.635139666997203,31.81846533166901,38.847489737859576,3.980924402691639,-6.179610214017191,2.254560634070016,-0.0002523706539618631,0.0024216141469353275,2777.844,4975.206438151934,17242.009916703395,204,B0018,127,1.3627371779096438,24,0.7346274160714679,0,1,1.3627371779096438,0.7346274160714679,0.006150714259574297
3.4619744219744675,2.4884289104730986,4.185356132672309,0.2539173569253529,-1.7725212915953121,-2.014392678620289,0.6472460682723474,32.00067162597675,38.80283421497622,3.8851848597317638,-6.151659470834225,2.2945647452043634,-0.00024323873361534464,0.0020887775399390765,2781.125,4950.37175187086,17176.440008109228,204,B0018,128,1.3634051133928071,24,0.7349874882306874,0,1,1.3634051133928071,0.7349874882306874,0.0049688475664249054
3.452221905520614,2.3992178234155577,4.181406543107895,0.2592424399841937,-1.769870119236631,-2.012835608795986,0.6498776113343833,31.73992229230571,38.72699121838442,3.998454935719956,-6.125273983696902,2.299227039763762,-0.00024346350278185757,0.00231894137631717,2760.906,4908.694623606296,16984.45611597595,202,B0018,129,1.3518646035305233,24,0.7287662042753458,0,1,1.3518646035305233,0.7287662042753458,0.003664646062313892
3.4476500494421916,2.278633888650029,4.185252405343103,0.2701822921841344,-1.7884847819526568,-2.011864019911752,0.6271065213681672,31.52613649688221,38.67191958148309,4.010734845073291,-6.1841179327116516,2.2248723770470615,-0.0002533112405987555,0.002619498844871039,2753.25,4947.243898481547,17102.60361763653,201,B0018,130,1.3547969729652622,24,0.7303469925709389,0,1,1.3547969729652622,0.7303469925709389,0.004979638719119972
3.447928507599004,2.365584676338373,4.185763363191996,0.26339419427404365,-1.77774044867741,-2.0128686821286053,0.6406746344246685,31.27624493654335,38.371813640118894,4.0288319974474485,-6.143807628764682,2.266902699626164,-0.0002501065158641381,0.0024010703408261416,2742.843,4897.947757637277,16923.13516773421,200,B0018,131,1.341051440640485,24,0.7229370201580871,0,1,1.341051440640485,0.7229370201580871,0.005521438350616669
3.400080836543819,1.9182683747066007,4.196965327364252,0.2770427667121989,-1.0680263652396946,-4.027931217882849,1.7763814850769495,33.13281956573637,41.81748104839704,4.252813417845759,-3.530988793757854,5.895497597149165,-0.00013689322925866657,0.002293178595556677,6515.422000000006,6836.448393928668,22598.268019576502,641,B0025,0,1.847011162956716,24,1.0,27,0,1.847011162956716,1.0,-0.0
3.4067357604110753,1.8939610306669548,4.202556431495687,0.27482526968832,-1.0683949803553137,-4.0283470601196845,1.7765241714085085,32.848310333012144,41.50441060959557,4.227032855667029,-3.537485433139779,5.905104334503982,-0.00014795103014022084,0.002347626706518736,6516.219,6843.210967808225,22655.920259110673,637,B0025,1,1.8485654344528384,24,1.0008415062817673,26,0,1.8485654344528384,1.0008415062817673,-0.0015542714961223059
3.407792325190085,1.82462740970999,4.202713117217314,0.2776126923183023,-1.071886802134967,-4.028306841028089,1.7781365588101776,33.07297579198606,41.67077619357013,4.172239333070495,-3.5512746889237516,5.915958338452164,-0.0001366295842426212,0.0024245336752372194,6489.5,6839.500939354465,22655.210365154624,631,B0025,2,1.847111177186175,24,1.0000541492284751,25,0,1.847111177186175,1.0000541492284751,-5.000711472946673e-05
3.425685226676254,1.9612044915457985,4.203084581094102,0.2643698606546062,-1.069881568315977,-4.028897912512196,1.7773710921137398,33.12836651135456,41.58349706133725,4.123497492788356,-3.5532065364718086,5.923754760386204,-0.00013869495881056355,0.00224316490300026,6471.25,6807.93861408502,22606.632567358305,625,B0025,3,1.8489837601535537,24,1.0010679941932132,24,0,1.8489837601535537,1.0010679941932132,-0.000657532398945874
3.4102415310941074,1.7869386268841287,4.200058863569411,0.27761430696201045,-1.0696478002906964,-4.029600870864891,1.7767162002546446,33.20066590827124,41.82908827830225,4.135096500982316,-3.5475511076940953,5.918172174747524,-0.0001290512956991895,0.0024538467834665646,6466.672,6803.236506898057,22560.31762580398,621,B0025,4,1.837012071856044,24,0.994586339649044,23,0,1.837012071856044,0.994586339649044,0.0024997727751679966
3.3956511580583038,1.9399607811955053,4.178122904439056,0.2731767510788664,-1.0609975004031984,-4.02823190197934,1.7725897109099185,32.8030291471027,41.15307253815554,4.080767718834413,-3.5191461442907106,5.899985040700015,-0.00011554798594992848,0.002232176494454048,6410.672,6695.62346198714,22201.040503041102,611,B0025,5,1.817549211247137,24,0.9840488502178752,22,0,1.817549211247137,0.9840488502178752,0.005892390341915821
3.3987545550856617,1.7632585904014149,4.198227921922519,0.28379817097986154,-1.070055639766417,-4.0284426372332245,1.7769944287255222,32.70663040910488,41.167510218490015,3.942124862143211,-3.5519766917701534,5.924604295248494,-0.00012119638367638116,0.002452312363600183,6474.156,6814.882960334422,22618.982140595905,613,B0025,6,1.839863822522073,24,0.9961303209325484,21,0,1.839863822522073,0.9961303209325484,0.0017403223861530925
3.4107861698937034,1.7411634552856723,4.201052747751877,0.2790689138261572,-1.0673189298080559,-4.028591260100669,1.7754012746009722,32.88774741633189,41.40744159178738,4.0431875407764135,-3.545500102958161,5.9241274143057865,-0.0001251475949135045,0.0025164521315874447,6460.75,6786.347075262608,22540.77770677418,607,B0025,7,1.8430595619731431,24,0.9978605429881392,20,0,1.8430595619731431,0.9978605429881392,0.0008103230426063756
3.4362212866947472,1.990361763373611,4.2014816169511375,0.2571119653949874,-1.0619524466901569,-4.028787836120025,1.7732254636817137,32.85054388832057,41.089112912518665,3.971993027047135,-3.5367636700874128,5.925302518470683,-0.00011871143643911004,0.0022027684437502305,6448.907,6737.139774474142,22435.58552453658,603,B0025,8,1.8401871729536057,24,0.9963053877854282,19,0,1.8401871729536057,0.9963053877854282,0.001759317439989605
3.429899192703782,1.8524105657072527,4.201461223125712,0.2639601646633932,-1.0617949104462785,-4.029715142311533,1.7728854382333332,33.21344988692114,41.56081694228564,3.961104382196395,-3.5344467295755746,5.924122473451224,-0.00010286429846881085,0.0023955334432027974,6447.125,6735.685537857826,22419.116655400263,599,B0025,9,1.8281265632888255,24,0.9897755898574755,18,0,1.8281265632888255,0.9897755898574755,0.0017771017134437183
3.406197718925981,1.7970500760271888,4.190430872833885,0.2743031254537046,-1.0616392954595641,-4.027391825734414,1.7726576585206468,32.54793058844526,41.027186904575295,4.088404871300385,-3.526236962836502,5.911970487221577,-0.00011621629335602263,0.0024602492817348987,6431.219,6725.249633017155,22334.242371021348,595,B0025,10,1.8253563336445804,24,0.988275745297895,17,0,1.8253563336445804,0.988275745297895,-0.0015614244794886823
3.431364532702854,1.9099130781506344,4.197641122625931,0.2606260247324691,-1.0590758191027096,-4.027595208325832,1.7715544694180327,32.95568065114475,41.20659187421087,3.9817315714346453,-3.5278030615394638,5.922171861236017,-9.331826816795212e-05,0.002323225315957523,6442.203,6713.507706617033,22361.41188253072,593,B0025,11,1.8214180552626156,24,0.9861435013456384,16,0,1.8214180552626156,0.9861435013456384,0.0036891534518914693
3.437199999112006,1.934448897147264,4.200877212432817,0.25868037282669615,-1.0596169539874956,-4.028474225036271,1.7718670343332463,33.31259035127085,41.45812420664237,3.9373132828377226,-3.5329209241146833,5.928540547294403,-0.00011558460869462369,0.002291546821753158,6427.079,6703.9703338181325,22351.43238395912,589,B0025,12,1.830315627968932,24,0.9909607828460237,15,0,1.830315627968932,0.9909607828460237,0.0025487868008422067
3.4349851634526334,1.8425883947903756,4.20189282071032,0.2626981593999096,-1.0597552847363263,-4.029721928809883,1.771714843885549,33.27639301328207,41.50830652935,3.9409282147039355,-3.5311856047479906,5.9263657151095535,-0.00011172745677730014,0.0024232687761747743,6417.156,6701.087940624181,22327.24832805336,585,B0025,13,1.8175491643824844,24,0.9840488248446378,14,0,1.8175491643824844,0.9840488248446378,0.0045276017142242605
3.4358715577304486,1.828585254411004,4.200832471783116,0.26252258706779347,-1.059854592361014,-4.028724169575779,1.7716578967487189,33.13052620279671,41.36968179986157,3.9545358823071743,-3.530268881947273,5.924423533066782,-0.00011959511575746302,0.0024437935696038134,6398.907,6676.333238288897,22236.23020659591,581,B0025,14,1.810901200296979,24,0.9804495157452477,13,0,1.810901200296979,0.9804495157452477,0.0034450725983692808
3.437200278486185,1.8355395996102943,4.200683407820828,0.2618235635547514,-1.0604451363745762,-4.030782136338009,1.7719426727856376,33.262538649813465,41.46226760798129,3.939849303954458,-3.5327035543252547,5.925906028211334,-0.00013300771635818713,0.002438951452216726,6384.75,6667.759008737748,22211.615142230825,577,B0025,15,1.8083032603084237,24,0.9790429514316912,12,0,1.8083032603084237,0.9790429514316912,0.0034106146672313376
3.388736246577245,1.949278391612896,4.176908127442872,0.27930782913809243,-1.061164896269225,-4.027991609867125,1.7729038430215145,33.4559068625216,41.32045149274522,3.751599869680929,-3.5315077454567096,5.92071510066763,-0.00013368028910016976,0.002158994940805855,6284.063,6571.600206714827,21866.559816663994,565,B0025,16,1.7928016149381063,24,0.9706501243166119,11,0,1.7928016149381063,0.9706501243166119,0.005723288064901855
3.3997812429989795,1.7363301713780446,4.198430576015103,0.2868693925570401,-1.0644657893096274,-4.027755663691591,1.7740182187670137,33.359161719231366,41.29100352861782,3.7589966198176104,-3.5454765567943065,5.93596465557695,-0.00013526430046686036,0.0024556807393480403,6370.937000000005,6686.083433004559,22268.02723632467,559,B0025,17,1.812563150045885,24,0.9813493206745506,10,0,1.812563150045885,0.9813493206745506,0.0035504955846094254
3.4092528162288933,1.7105280581137303,4.201378297006623,0.2814034742945381,-1.0636693462251967,-4.028543330165215,1.7735125235673492,33.19907517017467,41.08913600776219,3.731783763945216,-3.5431953051625737,5.934489254884926,-0.0001280668949904704,0.0025393434222238105,6359.812,6664.137977729531,22197.938645619855,567,B0025,18,1.807772607491239,24,0.9787556479070416,9,0,1.807772607491239,0.9787556479070416,0.0019553113782490696
3.413290161572333,1.6755342791432477,4.201267329262803,0.28020949885530244,-1.063944284256531,-4.027516600690674,1.7735736182091215,33.10915637159371,41.02067280816404,3.7226311959304277,-3.541587861424881,5.931437274485547,-0.00013654559006737307,0.0026184048592480286,6346.156,6653.541127029258,22147.202129133133,563,B0025,19,1.8048055175003967,24,0.977149220154817,8,0,1.8048055175003967,0.977149220154817,0.0012191365593164694
3.418321145613461,1.6704419000715314,4.201007650907643,0.2774190300830893,-1.0644931821377202,-4.02700237666114,1.7736360342382804,32.8730319628199,40.73588950026045,3.771411918825551,-3.5423704841410353,5.929805094458487,-0.00011870969202747415,0.0026353278014920514,6328.172,6638.104670927302,22089.190378920146,559,B0025,20,1.800538555899242,24,0.9748390220971485,7,0,1.800538555899242,0.9748390220971485,0.001552940881836351
3.422800244593675,1.7016507714607274,4.200640308563649,0.27280921158621285,-1.0611486398597036,-4.027487021545032,1.772001695212777,32.8903015920882,40.76227622359968,3.687202047041496,-3.5323705590993035,5.924899253388258,-0.00013382095397326512,0.0026117058631901667,6326.062,6617.83520021287,22028.86320424267,557,B0025,21,1.7942356098033032,24,0.9714265109968642,6,0,1.7942356098033032,0.9714265109968642,-0.0002867989730393816
3.4103062616510487,1.8891035060983297,4.199028873312285,0.2726714857312039,-1.057828326267502,-4.029754792125187,1.7710578297893387,32.07013291213046,39.71112605386658,3.6560874186970955,-3.5228535106171366,5.920444242568934,-0.00014856336966985955,0.0022942272873696236,6352.843,6626.316442129076,22067.882144730338,555,B0025,22,1.807409052434889,24,0.9785588136573946,5,0,1.807409052434889,0.9785588136573946,0.001030819522199211
3.4104689136383888,1.756482386846181,4.200691577023061,0.2769273409477022,-1.0619681305424282,-4.028900600933191,1.772735614527799,32.18349666127279,39.797043058510575,3.664184254967046,-3.5355994481319564,5.926996250873807,-0.00012806699316211245,0.0025262781433574733,6309.172000000006,6606.927604832401,21996.59858152955,549,B0025,23,1.7902504816962077,24,0.969268901889231,4,0,1.7902504816962077,0.969268901889231,0.0035044251590062637
3.4208452515825636,1.8323981556137667,4.199965507353377,0.2690806882383923,-1.0623591353414312,-4.028134432056257,1.773277151658895,32.133961271398654,39.64019141128942,3.6426513655567065,-3.537979147269512,5.928857851650143,-0.00012471060870874963,0.002434143615539075,6284.297,6585.063150626969,21930.852916826723,545,B0025,24,1.7961223845359495,24,0.9724480395996615,3,0,1.7961223845359495,0.9724480395996615,0.0017366265928894452
3.426965494192803,1.89712686584404,4.200628533399999,0.2644588381686,-1.0638074812423732,-4.028496319452566,1.7739077735437303,32.19734869129393,39.75344188854835,3.705584186143065,-3.5441191529949485,5.9316379289114565,-0.000122498175846117,0.00232012442728514,6265.969,6569.713868127279,21887.419221369833,541,B0025,25,1.7912236690350776,24,0.969795800350046,2,0,1.7912236690350776,0.969795800350046,0.0018629773728328746
3.4343195510923628,1.9934958310371556,4.200021709929957,0.25825410988849684,-1.0603658561835867,-4.030782393095651,1.772564265185778,32.128660226085096,39.57317189988566,3.67148195169613,-3.533219473721589,5.926258630638569,-0.00014320408479137238,0.0022003162606021955,6266.641,6550.896735209976,21828.56674249794,539,B0025,26,1.7854822365303245,24,0.966687301267906,1,0,1.7854822365303245,0.966687301267906,0.001750674654595752
3.379891621690332,1.9679550948765452,4.179880908916163,0.2831766559019388,-1.0606190479243294,-4.027217905704875,1.7725446231125621,32.16680073898097,39.45687787991913,3.538344683258347,-3.5255855906916254,5.9124015633281966,-0.00014333374817253547,0.0021429128581186077,6198.75,6486.906622467252,21562.77902511269,531,B0025,27,1.7677890780323615,24,0.957107955537456,0,0,1.7677890780323615,0.957107955537456,0.007923994880505481
3.404890220315493,1.98069037313681,4.185453870728775,0.2669668516674607,-1.0495360191773455,-4.027935564812271,1.7661882274192156,32.764485625071856,40.711455499237935,4.0744034355411,-3.456131703275247,5.836635086563234,-0.0001233176339176649,0.002208401442515452,6515.422000000006,6714.918417519407,22111.693098081894,641,B0026,0,1.8132504303869896,24,1.0,27,0,1.8132504303869896,1.0,-0.0
3.418631404129339,1.9296821070764223,4.191986600147927,0.26289196776483414,-1.0501897262481417,-4.029362314258353,1.7663235849388794,32.560591865941106,40.56984371986605,4.081817976648714,-3.464410028439467,5.847916816010305,-0.00013240729178783963,0.002339206413133142,6516.219,6722.971548388174,22178.681965458294,637,B0026,1,1.8149760087078304,24,1.0009516491996489,26,0,1.8149760087078304,1.0009516491996489,-0.0017255783208407482
3.4453022579697716,2.169258771295841,4.19141376026019,0.246039741687949,-1.0474152615120336,-4.027846247982629,1.7648685061694616,32.70948277164228,40.42073541309615,3.9286837575573674,-3.4672737052607703,5.859862169379222,-0.00012041130539368851,0.0020206534418055117,6489.5,6677.945548233611,22105.865221057564,631,B0026,2,1.8135354175561995,24,1.0001571692273907,25,0,1.8135354175561995,1.0001571692273907,-0.00014249358460494133
3.4281919482774947,1.898741105703338,4.188502919522219,0.25990886047812817,-1.0511342688931857,-4.028749226179444,1.7667883493569287,32.89402601565415,40.839359753382105,3.9936120968969946,-3.4729094757109458,5.858821553386933,-0.00012955207738684542,0.00238535962178709,6471.25,6684.816015911683,22086.024930737072,625,B0026,3,1.815149273310334,24,1.001047203900533,24,0,1.815149273310334,1.001047203900533,-0.0006329476411148042
3.433945869545595,1.9095478812878095,4.191429313781171,0.2573070459710433,-1.051239794627214,-4.028704122042971,1.7668684646520203,32.88851048708752,40.762597974826,3.970379482930641,-3.476874611130484,5.864733295803848,-0.00011738689250286117,0.0023987778561177548,6466.672,6682.8254831665945,22102.89317467571,621,B0026,4,1.81429130140682,24,1.0005740359976687,23,0,1.81429130140682,1.0005740359976687,-0.00026021775495760346
3.2986715430208906,2.044256084427152,3.986547462246525,0.23187895933177424,-0.8176606997984733,-4.028710959917574,1.6182611067273855,31.60887613480477,39.78739652537364,3.812855735507267,-2.6431028959526954,5.24344302589704,-9.375348688866602e-05,0.0020657109173542352,6410.672,5142.21005463153,16622.14782976535,611,B0026,5,1.3863373424430123,24,0.7645592242584692,22,1,1.3863373424430123,0.7645592242584692,0.08538261758879546
3.395711592779412,1.8584184081271529,4.1842030048921135,0.275888205168666,-1.051071206615797,-4.028058491701451,1.7668300570243751,32.4909596779559,40.12859054534907,3.792431624194329,-3.4787540311678535,5.8696314909679765,-0.0001113116494040633,0.0023711359520934283,6474.156,6691.23097926135,22145.937230762058,613,B0026,6,1.8165277958816064,24,1.0018074533112986,21,0,1.8165277958816064,1.0018074533112986,-0.00031035743475520404
3.4209107644287986,1.9288388497995343,4.189253474215399,0.262287793561101,-1.048981367462035,-4.028495234172356,1.765592965305462,32.63416073863936,40.39287009990307,3.9364075334713657,-3.4771940361716345,5.872795364550211,-0.00011236724708495889,0.0022947733467121793,6460.75,6665.285743703394,22094.26336048568,607,B0026,7,1.8085638576011065,24,0.997415374783679,20,0,1.8085638576011065,0.997415374783679,0.0009943119910186039
3.4290052342029878,1.935441772448038,4.190404777859946,0.2580620036365273,-1.0490946281054965,-4.027850787866815,1.765710418330214,32.646683898798194,40.37811271633581,3.8991250287569996,-3.4791859620685655,5.875757890973652,-0.00011456753928182104,0.0023183580154901816,6448.907,6653.283838015661,22064.30111054649,603,B0026,8,1.804936077644182,24,0.9954146693675219,19,0,1.804936077644182,0.9954146693675219,0.002042639133230395
3.4422746572295977,2.084244057146889,4.188068725985081,0.24805439032853877,-1.0429437842976168,-4.03024351282461,1.7622126808600458,32.95341147758712,40.6345527951007,3.8365461448312774,-3.4632714447488135,5.869672946919495,-9.615511558070792e-05,0.0020902561864595817,6447.125,6612.016997162982,21955.85690517416,599,B0026,9,1.8049315924982108,24,0.9954121958283482,18,0,1.8049315924982108,0.9954121958283482,0.001871941781721853
3.391747147883427,1.896444377630184,4.137907749692748,0.2556778882716662,-1.002108129626011,-4.0277523093513175,1.7391740569142435,32.14122281811957,40.0980220096873,3.9492364267316744,-3.3034020208339094,5.751985731107669,-0.00010318691941880675,0.0023318601923192016,6431.219,6340.274455407783,20900.55235517948,595,B0026,10,1.717679232699393,24,0.9472928857007361,17,0,1.717679232699393,0.9472928857007361,-0.06626837805127614
3.433128893119263,2.039907733440496,4.186123854255208,0.252971418891986,-1.046478428570111,-4.028862296598938,1.7642652063260653,32.73498021932445,40.34748376711444,3.879028297849136,-3.4760130497328396,5.878677057251961,-8.734670878785726e-05,0.00213316565281617,6442.203,6630.185852079952,22023.045047025884,593,B0026,11,1.809804813280106,24,0.9980997566308872,16,0,1.809804813280106,0.9980997566308872,0.001344596520300101
3.4445618404708633,2.1312634408664395,4.1900980869893365,0.2475457610631164,-1.0467914868488972,-4.027646271570473,1.764378049490753,33.077725434853896,40.65512551876581,3.8332818400896995,-3.4823442823508772,5.8870808183877275,-0.00010717842650188631,0.0020075380630290404,6427.079,6619.360947203624,22020.840995172515,589,B0026,12,1.806556213274488,24,0.9963081673660086,15,0,1.806556213274488,0.9963081673660086,0.0004015288653237192
3.435084142217923,1.8782785619868927,4.18806162606315,0.2572617260713015,-1.0469850347811238,-4.029328017656563,1.7643401902344973,33.067457381369145,40.78648924035223,3.882173146899708,-3.475855428742973,5.878412412857201,-0.00010723749681201841,0.002367075690837733,6417.156,6616.158597916562,21964.898733301703,585,B0026,13,1.7938155707698509,24,0.9892817565122591,14,0,1.7938155707698509,0.9892817565122591,0.0022241013748662388
3.4457210478614795,1.9640553148703688,4.1883484559434,0.2502691293073183,-1.0475275600281526,-4.029272047274109,1.764649470332957,32.902717226956746,40.64545029611132,3.878493328773138,-3.4801856416237866,5.8819731590812125,-0.00010876335830764907,0.002263008324320136,6398.907,6594.659454864587,21908.806224700234,581,B0026,14,1.799304949381792,24,0.9923091257713248,13,0,1.799304949381792,0.9923091257713248,0.001125328623283739
3.4449342432242034,1.9028600928182504,4.18723267594963,0.2520616656913995,-1.0476470565655591,-4.028750889542927,1.7648031396157438,33.04143942038261,40.753548433947245,3.8417840121057383,-3.479224582167028,5.881120359766015,-0.00012420367475307804,0.002373477482244248,6384.75,6583.922956187161,21865.377718046922,577,B0026,15,1.7842197448470132,24,0.9839896988008542,12,0,1.7842197448470132,0.9839896988008542,-0.013308102429524026
3.348388974288582,2.066791178782658,4.116319031433004,0.26944182934103833,-0.99787222854682,-4.027668196882973,1.737172684988675,33.28920270851618,40.90407080657346,3.7945691507218364,-3.2908914624607433,5.744929714493701,-0.00013270897758259193,0.001991367400820786,6284.063,6172.29150599102,20355.548529228654,565,B0026,16,1.6818819918515189,24,0.927550857656527,11,0,1.6818819918515189,0.927550857656527,0.025584564285717405
3.4115903895548496,2.1735697218309302,4.182977160580856,0.2617822201498266,-1.05175253436239,-4.027827958238032,1.7676558282741908,33.31828122927918,40.76016987388447,3.7879460746416425,-3.5020537701888,5.902774203568098,-0.00012178358100157257,0.0018430155944328137,6370.937000000005,6601.915756456973,21982.531140196756,559,B0026,17,1.8007519383961936,24,0.9931071341380415,10,0,1.8007519383961936,0.9931071341380415,0.0011608549756588538
3.4077180188358045,1.869998135001252,4.188680037627242,0.2722544946157835,-1.0581306387784024,-4.02962982115965,1.7708507407535288,33.24546150252619,40.86760057065783,3.807344333409932,-3.5166992753216313,5.906790966675718,-0.00012406571539502084,0.0023468975639079435,6359.812,6625.755889834243,22020.724016943754,567,B0026,18,1.795972684272296,24,0.9904713955528989,9,0,1.795972684272296,0.9904713955528989,-0.000431422700489037
3.416993809879986,1.834360851438286,4.189566172290167,0.2682279999044675,-1.0584303641401285,-4.028266984927104,1.770910802595974,33.19381621015531,40.8457724786952,3.780820146855691,-3.516510469763927,5.905621919576706,-0.00012829228333756626,0.002411791536306451,6346.156,6614.974641419929,21977.663402023176,563,B0026,19,1.7931026940553298,24,0.9888886079969882,8,0,1.7931026940553298,0.9888886079969882,0.0012404510652924473
3.4279308915459796,1.8588013920189888,4.191202777072821,0.262402145529525,-1.058835499937123,-4.029480151507068,1.7711721533491755,32.950371591621256,40.61328442378913,3.8472047016077267,-3.518659729236721,5.90719956455007,-0.00011219680949238791,0.0023983871071391466,6328.172,6600.061373018475,21933.182868672706,559,B0026,20,1.8010267542068712,24,0.993258693903903,7,0,1.8010267542068712,0.993258693903903,-0.0033614018719716034
3.4504230620169447,2.1656553710973343,4.18738502716279,0.2434768719967029,-1.048570222149277,-4.028789778263289,1.7658030440830614,32.98142836772341,40.55411444614823,3.7994913877888377,-3.4892626313703277,5.892983930665855,-0.00011982688043674505,0.001929358847414291,6326.062,6535.72227533395,21749.187098317674,557,B0026,21,1.7824572301269948,24,0.9830176793321246,6,0,1.7824572301269948,0.9830176793321246,-0.020115047655095177
3.4243550860962872,2.161441726851442,4.187376898822461,0.25523705702751964,-1.0522245912177104,-4.028805091889541,1.7677747819970289,32.285643510120714,39.89740047610024,3.82843986566964,-3.5001614205121525,5.897802532536533,-0.00013962928421408472,0.0018898840262592598,6352.843,6585.468721393414,21907.28753039059,555,B0026,22,1.7959303030608789,24,0.9904480224927263,5,0,1.7959303030608789,0.9904480224927263,0.0009643270670629533
3.419928142613709,1.8357784756785411,4.187719914558781,0.2657963889449642,-1.0562946339613315,-4.028118554798276,1.7693952811305744,32.40988062398286,40.148009555945954,3.8408407681187797,-3.50736380763616,5.897310099352222,-0.00011947106169731381,0.002421120943830647,6309.172000000006,6566.375985685091,21804.170298800247,549,B0026,23,1.7783142127341005,24,0.9807328226330916,4,0,1.7783142127341005,0.9807328226330916,0.0035316943076391105
3.4304184604928114,1.7730752055194368,4.187714468300498,0.2627047133930131,-1.0562794361681302,-4.032124737768037,1.769242482054923,32.395070835603484,40.16428171644192,3.8469370785733146,-3.504129015440282,5.892926556505876,-0.00011645546934597243,0.0025451303504269926,6284.297,6542.123440167107,21703.749317065587,545,B0026,24,1.771719092984802,24,0.9770956417788778,3,0,1.771719092984802,0.9770956417788778,0.0042767202141055895
3.4416415585585702,1.803496921850417,4.188634886565279,0.25682570359379336,-1.0570022650761444,-4.029296562552747,1.769606616873422,32.48055490141574,40.34822918896084,3.914763776640787,-3.507733921805274,5.895101020608593,-0.00011089167953083773,0.0025104005344259014,6265.969,6524.843202062542,21653.924390536566,541,B0026,25,1.7790749489536772,24,0.9811523654644777,2,0,1.7790749489536772,0.9811523654644777,0.0043903610506387915
3.448941537538792,1.8019162984387032,4.188731148597371,0.2536204394776369,-1.0532958143214939,-4.029143714811075,1.7677584587790964,32.39831599080119,40.155136061235744,3.8623048668673468,-3.4942494055863476,5.886987688903912,-0.00013352605017961087,0.002529966457314031,6266.641,6503.964036146215,21577.268046429916,539,B0026,26,1.7733229782464677,24,0.9779801777672814,1,0,1.7733229782464677,0.9779801777672814,0.0018268503761054156
3.3679598202717265,2.094755756018166,4.16813557610843,0.2836200003142359,-1.061746365944055,-4.028758416480095,1.7728891671283151,32.5316653403438,40.01460073648428,3.774768406208476,-3.5213475511058805,5.897326226224236,-0.00014402156014967608,0.0019274901324069053,6198.75,6490.153854657369,21524.36534522987,531,B0026,27,1.768754111010884,24,0.9754604666678011,0,0,1.768754111010884,0.9754604666678011,0.005435238409998977
3.415635388206693,2.4407952016086623,4.201942981365258,0.26348603590940445,-1.048298128077691,-3.9783143078898098,1.750336118390269,33.531461449042084,42.07194057268294,4.668691361076615,-3.367232944686516,5.637855434752403,-0.0001205934425574154,0.0017973346976670349,6515.422000000006,6709.285236036637,21549.794110338556,641,B0027,0,1.8233077742149364,24,1.0,27,0,1.8233077742149364,1.0,-0.0
3.405140913759623,2.4193060956450503,4.206957767652323,0.27265296654224164,-1.049212058679183,-3.976892542613384,1.7506147807252528,33.768115475386416,42.526459613766654,4.993755336777247,-3.324956424614636,5.5623562831619155,-0.00013499783381344885,0.001891036188449163,6516.219,6718.300339669412,21290.338372385402,637,B0027,1,1.814238465116796,24,0.9950259033464356,26,0,1.814238465116796,0.9950259033464356,0.00906930909814041
3.425659661801085,2.4982363525248754,4.206087528624208,0.26743462548777713,-1.0465273412198817,-3.97684768172696,1.7491462645464366,34.0575363030056,42.65704114936764,4.9544064489025175,-3.3072342115174136,5.540453653305564,-0.00011490621332256975,0.0019021801289188787,6489.5,6674.366981074257,21091.360797114332,631,B0027,2,1.812859679313087,24,0.9942697030914881,25,0,1.812859679313087,0.9942697030914881,0.005224047450924751
3.4201699208239194,2.47983581845354,4.206597549468143,0.2724347536954733,-1.050325186760964,-3.977001193359909,1.7509397918350857,34.34311925332076,43.07456793109374,5.069356816731562,-3.304508674354505,5.521671391067257,-0.00012449162369619854,0.0019343169442708004,6471.25,6681.198290609264,21019.548189365458,625,B0027,3,1.814424244673997,24,0.9951277948426649,24,0,1.814424244673997,0.9951277948426649,0.0029611765136464316
3.4180604683404985,2.4669313816061296,4.206708529635488,0.2740054478250832,-1.0497801003401392,-3.975861081535826,1.7506481427158975,34.3900563067441,43.12836631992577,5.0775896840526915,-3.2987803306042376,5.514762207342934,-0.00010641802800839706,0.0019283112567546159,6466.672,6675.575697460672,20976.940518004318,621,B0027,4,1.812800333853042,24,0.994237154850931,23,0,1.812800333853042,0.994237154850931,0.0026268600904735817
3.3978401981445576,2.492471012096456,4.182675464297748,0.2724065088172257,-1.0476986183510903,-3.976047513456661,1.7500187600999009,34.16207101391941,42.9279467397339,5.109775663006125,-3.27659709573002,5.484558526235893,-8.7062157974349e-05,0.0018779341187419095,6410.672,6611.39984088458,20671.795410013383,611,B0027,5,1.7946038703195293,24,0.9842572360512387,22,0,1.7946038703195293,0.9842572360512387,0.005740780779081423
3.3984422668226393,2.4232193266263646,4.202445131277022,0.27460677376586035,-1.057277544603645,-3.976869439992001,1.755178625559491,33.65117316898919,42.34490965860999,4.699127008988082,-3.349765866879561,5.576433054218171,-9.770296963697585e-05,0.0018440145063101162,6474.156,6732.875955050831,21330.61780510027,613,B0027,6,1.816519171293833,24,0.9962767652191762,21,0,1.816519171293833,0.9962767652191762,-0.0004561412354073813
3.411384397730043,2.4791120561344835,4.207150334625055,0.27287870729755964,-1.0548269593999815,-3.9771945719805046,1.7533407841645772,33.993154419553875,42.50145921854708,4.929113115611335,-3.3265543067009293,5.543001493456012,-0.00010212173906755324,0.0018221133585813436,6460.75,6705.523414885007,21145.902734578718,607,B0027,7,1.819833556519024,24,0.9980945522500126,20,0,1.819833556519024,0.9980945522500126,-0.0013947754411874236
3.40775629545449,2.428102703648056,4.206634870908589,0.2762785419737256,-1.0553776405080413,-3.9769324995805095,1.7537017442589717,34.121102900157744,42.75456095698592,4.938070475754858,-3.31669232972159,5.5252612565151535,-0.00010584924692792618,0.0018836874318875717,6448.907,6695.915768108196,21041.217306187056,603,B0027,8,1.816980986440728,24,0.9965300494717999,19,0,1.816980986440728,0.9965300494717999,-0.000511348353346186
3.4031041806987625,2.4202095510772232,4.206620391551443,0.2775947993527853,-1.0554671306178591,-3.9758459422284784,1.7537425349308915,34.521504581092735,43.20868549225104,4.900585950003771,-3.3149675958303373,5.522173134884135,-8.498558725708248e-05,0.0018768066208039082,6447.125,6695.455993592273,21026.86494003735,599,B0027,9,1.8047602710768988,24,0.9898275522101453,18,0,1.8047602710768988,0.9898275522101453,0.001608012555228644
3.38665218439762,2.3998890148152445,4.194991220811618,0.2806173502475224,-1.0556702942579712,-3.9761066659419098,1.7540044456056294,33.91883669839733,42.59572185384836,5.098838544215813,-3.301154954024355,5.4982805626541795,-9.501168876530005e-05,0.0018802627150591774,6431.219,6686.489522010284,20906.769158276413,595,B0027,10,1.802177888140868,24,0.988411234585359,17,0,1.802177888140868,0.988411234585359,-0.0015148035642677637
3.414036913012559,2.483742346997907,4.2023598960429815,0.271009074012288,-1.0529574586448567,-3.97580379555999,1.7522135340559994,34.20379110985749,42.63365730314649,4.893770872931218,-3.3147676445353036,5.528399901817426,-6.574690379200565e-05,0.001794980277558555,6442.203,6674.43442149226,21010.28554536277,593,B0027,11,1.810054375611175,24,0.9927311237350108,16,0,1.810054375611175,0.9927311237350108,0.0012929591365315573
3.3945090590148355,2.382935984422233,4.206738745019596,0.27818286841921114,-1.0601013419063348,-3.976485689239373,1.7563694317669232,34.48622307207775,42.89197473994752,4.7875168472928715,-3.345701454001635,5.5574975148004,-0.00010586378992400842,0.0018355573946394201,6427.079,6707.961262508583,21168.748518965585,589,B0027,12,1.8191618703574552,24,0.9977261634507831,15,0,1.8191618703574552,0.9977261634507831,0.0001343372323137526
3.4204049256076163,2.4903839742860163,4.205268152663341,0.26913412537292575,-1.0537206430621189,-3.976936142536244,1.7527538691440743,34.40141739485764,42.73670303920533,4.811606158001092,-3.326721850135713,5.5465045048118,-9.58019855907293e-05,0.0017734939964702324,6417.156,6662.4621038731875,21033.30527675057,585,B0027,13,1.806344581230731,24,0.9906964730671929,14,0,1.806344581230731,0.9906964730671929,0.002127281041999396
3.401908039296132,2.39789040439265,4.205946910651655,0.2763995865629319,-1.0609023642037643,-3.978429203873616,1.756531054986626,34.3150259504104,42.71819238433457,4.832642503445456,-3.3440719451008594,5.550774644427665,-0.00011287251646236507,0.0018236786668329587,6398.907,6684.322245391388,21067.487261072263,581,B0027,14,1.8120006378747944,24,0.9937985585867364,13,0,1.8120006378747944,0.9937985585867364,-0.001448073359579105
3.407597938928066,2.41937557251393,4.205053312485709,0.27494735493567696,-1.061328199408463,-3.9781812521692537,1.7567194641965456,34.450526992415796,42.87852551010068,4.801806981504728,-3.3452091361169165,5.550852087190489,-0.0001305360401754933,0.0018177561439984575,6384.75,6674.33491387929,21035.51564013445,577,B0027,15,1.809238569578753,24,0.9922836918510692,12,0,1.809238569578753,0.9922836918510692,-0.0014121362875769705
3.3774091842080276,2.444119634453687,4.181855642136106,0.2769215777460325,-1.061988907424718,-3.976050497666082,1.7572049817389088,34.74150404461673,42.99196482622249,4.6584628946742,-3.35891847903871,5.571087600262667,-0.000127069482364776,0.0017276557855565576,6284.063,6577.011950402605,20799.260754204068,565,B0027,16,1.7820717716005336,24,0.977383959418394,11,0,1.7820717716005336,0.977383959418394,0.005596520802128291
3.3771878224396685,2.395925863485738,4.20282058770571,0.2842600819705951,-1.0662806393885873,-3.975790795970914,1.7594534796399066,34.663008920131865,42.920147884014575,4.696289145022208,-3.37180730492289,5.578301789292319,-0.00012312779993338866,0.0017571786990548508,6370.937000000005,6697.130805797817,21175.40242990369,559,B0027,17,1.8145504562341048,24,0.9951970160470565,10,0,1.8145504562341048,0.9951970160470565,0.0009222828246700842
3.390746744780089,2.408349641748691,4.206436642050531,0.2794474232538435,-1.0653782286766844,-3.978211822678376,1.7591961742401532,34.47643463041281,42.77821015998406,4.657983326693639,-3.371828189137683,5.582476334590202,-0.00011746355905282959,0.0017877464002748658,6359.812,6675.0301674634775,21124.431035651996,567,B0027,18,1.809153485164282,24,0.9922370269842409,9,0,1.809153485164282,0.9922370269842409,-0.0005617807867102087
3.3939882666698242,2.399239705167686,4.20638281753962,0.2789093472884377,-1.0657949875596555,-3.975995723123535,1.7596238698132685,34.45771838499012,42.71393681070588,4.658731754778904,-3.3666107500292646,5.572803308514713,-0.00012558413341163095,0.0017880692420743345,6346.156,6666.182724160934,21055.962536644143,563,B0027,19,1.806555150809371,24,0.9908119607438307,8,0,1.806555150809371,0.9908119607438307,0.0010890974130846943
3.3952705696224297,2.378335964879865,4.205465867894676,0.27931461398890733,-1.0664883306260853,-3.9770352078730906,1.7601519055122512,34.276431502022604,42.66066961608101,4.776938111249385,-3.363216249857913,5.565556409174046,-0.00010130861063869338,0.0018026077531425252,6328.172,6651.947630173024,20975.9185081153,559,B0027,20,1.802401655959492,24,0.9885339608863095,7,0,1.802401655959492,0.9885339608863095,0.001367382723852195
3.4104656511949063,2.437999478526856,4.206584936190674,0.2745275082193091,-1.0632318841030186,-3.9760554400518497,1.7580348166444306,34.35292925698558,42.64239690775237,4.743539132256641,-3.3513624712740877,5.555349813693838,-0.00012510625294258757,0.0017885662226551648,6326.062,6631.374530043231,20901.615606469753,557,B0027,21,1.7964331683322998,24,0.9852605214200834,6,0,1.7964331683322998,0.9852605214200834,-0.002872279346353235
3.4006414041604756,2.484818012933219,4.202786069304105,0.2751233786347394,-1.0590432103446814,-3.9743844585266417,1.755382229147973,33.64812848797218,41.86831727976231,4.7854580783409055,-3.3356618815111103,5.542182331632441,-0.00014317745570760132,0.0017318118972416674,6352.843,6632.803473602565,20891.485189167983,555,B0027,22,1.8088036930508289,24,0.9920451821852443,5,0,1.8088036930508289,0.9920451821852443,0.0011493526366551875
3.403879368199544,2.456168013420922,4.206301818692852,0.2757609435559332,-1.0635509942186294,-3.975516779186955,1.7577666066250512,33.75077258934032,41.97207960495628,4.769648396683905,-3.349628272597974,5.5495402109352705,-0.00010849783857994831,0.0017513122779192242,6309.172000000006,6615.938442873204,20836.570574880123,549,B0027,23,1.7915527748749651,24,0.9825838512899205,4,0,1.7915527748749651,0.9825838512899205,0.003520142057863396
3.4141854712687336,2.4697995830050976,4.205750597989692,0.273367119306613,-1.0638261484808667,-3.9768226550322394,1.7580771451443131,33.72038549007088,41.92250461031742,4.761002961267753,-3.349701365646001,5.549281094792102,-0.00010592477315976531,0.001751072859255736,6284.297,6594.688349067831,20765.081207495852,545,B0027,24,1.7853375192239571,24,0.9791750709737811,3,0,1.7853375192239571,0.9791750709737811,0.004243526317082758
3.4230599701504794,2.491582666091738,4.20589200120434,0.27131172908647727,-1.0651012851496238,-3.9771390967306823,1.7582679507201062,33.812030459081335,42.14300769699952,4.82343818433581,-3.354549913314462,5.550454312860369,-0.00010385976446577292,0.0017424507490600588,6265.969,6577.995420210255,20717.090220304202,541,B0027,25,1.793209210325309,24,0.9834923295368567,2,0,1.793209210325309,0.9834923295368567,0.0018384891268365955
3.4023930606429906,2.394485973926669,4.205560793070628,0.2785758952035429,-1.0684596107286113,-3.9746886011207567,1.760230433574853,33.79680193008211,42.43039551713637,4.819438066614642,-3.3577879133542043,5.5461082871444365,-0.0001437293442635221,0.0018180493452396329,6266.641,6603.040718547499,20749.906401780416,539,B0027,26,1.7873097711102113,24,0.9802567599316989,1,0,1.7873097711102113,0.9802567599316989,0.0018246794444177095
3.3633791712406205,2.4249816079125552,4.186200185347402,0.2864446371413158,-1.0694140697591354,-3.973177131970501,1.760809358749019,33.92036482801563,42.033372446715575,4.723112931173703,-3.354999095363806,5.537107674782214,-0.00013026117432004893,0.0017368285842681277,6198.75,6542.475069070344,20524.24424783411,531,B0027,27,1.7700926253324452,24,0.9708139516350145,0,0,1.7700926253324452,0.9708139516350145,0.0077422135436767455
3.676492835528995,2.6151397684307285,4.181907184700754,0.22932539822023004,-0.9970402880141495,-2.003545780105601,0.9973457313824224,30.261078788805897,31.679728237853865,1.1290370331229969,-3.5522507708435898,3.5647037268792405,-0.00025763382985960145,0.0015901791131137538,6515.422000000006,6498.044015473222,23140.287124729828,641,B0028,0,1.8046847720100736,24,1.0,27,0,1.8046847720100736,1.0,-0.0
3.677932362103996,2.578716047628789,4.186798367560072,0.23102269615491433,-0.9969604106618353,-2.0005429484896995,0.9969915519258229,30.023214006195516,31.42728999177483,1.1490299445175196,-3.5539636436070414,3.5655962973647304,-0.0002694040470875087,0.0016542641823848521,6516.219,6498.454732291773,23155.65815756676,637,B0028,1,1.804783321452588,24,1.0000546075658434,26,0,1.804783321452588,1.0000546075658434,-9.854944251430631e-05
3.681544140844236,2.679890873914289,4.186905629206883,0.226586842003534,-0.9970702802711341,-2.001716318999832,0.9971704123312908,30.21665562692593,31.694210133469813,1.197792715194389,-3.5591047528474093,3.570365131260783,-0.00024342736613014017,0.001478065901101487,6489.5,6472.178708926964,23091.80342227923,631,B0028,2,1.797618668222458,24,0.9960845772640142,25,0,1.797618668222458,0.9960845772640142,0.003533051893807815
3.6819955552100256,2.674600586599544,4.1855363847405656,0.22657929942388616,-0.9973030888189302,-2.0013061408259385,0.9970660095360345,30.363564779968748,31.849947051821637,1.1953638531572859,-3.5610004869949536,3.5710664971790793,-0.00024921860641495015,0.0014790537632313348,6471.25,6455.4162739893745,23039.529387236573,625,B0028,3,1.7929913687761174,24,0.9935205286733084,24,0,1.7929913687761174,0.9935205286733084,0.003897801077985393
3.6822366580622092,2.655983638577288,4.186483098548598,0.22733426672952328,-0.9974129863341045,-2.003132431573937,0.9976876215058516,30.383708693138953,31.89197660091397,1.1838330197469449,-3.5619328660296032,3.574168546886809,-0.0002513609319872079,0.0015037352202694188,6466.672,6452.057500025079,23031.66263771979,621,B0028,4,1.7919180081592216,24,0.992925765181344,23,0,1.7919180081592216,0.992925765181344,0.0031916909627129897
3.6730621916612125,2.5587601304544574,4.167593667891115,0.22329109074567416,-0.9966248234259864,-2.000382265647373,0.9973202787494431,30.151543075778466,31.647839531181656,1.1225470060494809,-3.5516006611368973,3.5649485397809557,-0.0002544184811793662,0.0016713703649827805,6410.672,6391.96552412501,22770.582496682648,611,B0028,5,1.775026135903797,24,0.9835657525534266,22,0,1.775026135903797,0.9835657525534266,0.005931727221255301
3.6821638997402064,2.684075980505414,4.183182085400848,0.22177641228707445,-0.9963089849547179,-2.0009566453567627,0.9970860781677938,29.942877366572425,31.66717160096336,1.2100077402197777,-3.5597269122674056,3.5730183123307224,-0.00024025430162521495,0.0014411987375971215,6474.156,6453.234601682131,23047.905340932597,613,B0028,6,1.7920487852223417,24,0.9929982305033483,21,0,1.7920487852223417,0.9929982305033483,0.002546907246049246
3.6829104616020185,2.692955180725203,4.1836584764239335,0.22196782572054807,-0.9974947737184627,-2.0032399141635837,0.997496927829375,30.159672019699293,31.543075306784417,1.0727400768502253,-3.565292030959952,3.5758583001014648,-0.00023258983902809248,0.0014274797197239611,6460.75,6446.52674942579,23032.460354446575,607,B0028,7,1.790475801581265,24,0.9921266192028747,20,0,1.790475801581265,0.9921266192028747,0.0014285733282386026
3.6830910997567576,2.664091579679959,4.186132992895621,0.22348140072470055,-0.9972667051793968,-2.0048267623571854,0.9971492235439927,30.18503729745987,31.63889282611546,1.1322465059435378,-3.564703365531004,3.575007357745584,-0.0002453097705297817,0.0014656774543311765,6448.907,6433.146638936081,22986.23121583389,603,B0028,8,1.7868365091987264,24,0.9901100385573334,19,0,1.7868365091987264,0.9901100385573334,0.0012309719154782073
3.6823376400116725,2.599501054239839,4.18607245667024,0.22605666843111222,-0.9977254189629399,-2.0036009637765297,0.9973244966988992,30.557366977302667,32.06283964981591,1.1901672802778172,-3.565822813850986,3.575484618914432,-0.00025740897919323104,0.001583321850700531,6447.125,6434.150396662822,22986.883408093396,599,B0028,9,1.7871529619962183,24,0.9902853892902702,18,0,1.7871529619962183,0.9902853892902702,0.0009530092326006656
3.6779403019036363,2.5987712023407274,4.177617061522188,0.22382532650235404,-0.9970949960183577,-2.004912384137109,0.9974807167069976,29.87809290999813,31.17821904490572,1.1100000697758554,-3.5589926689429308,3.5712652874390995,-0.00025356662447938193,0.0015864524048202807,6431.219,6415.202108643261,22890.9287336021,595,B0028,10,1.7816340617009505,24,0.9872272927291069,17,0,1.7816340617009505,0.9872272927291069,-0.0013215851594306828
3.6809827017477756,2.568337342317612,4.183570268917493,0.22662380525388784,-0.9972732896654729,-2.007057616844831,0.9973248422012786,30.329541918405045,31.830430244172504,1.1420650440626565,-3.5629258435197197,3.5743845999027375,-0.00025752799147107225,0.001628917407279441,6442.203,6427.1144219686175,22954.119268223585,593,B0028,11,1.7850235136604733,24,0.9891054334504626,16,0,1.7850235136604733,0.9891054334504626,0.001405054312373677
3.6821031308211283,2.571655326217227,4.186886063009724,0.22714644898543934,-0.9970037592871084,-2.002345592887727,0.9969468937942636,30.67805955282036,32.176676996947776,1.1573327107671774,-3.563318881446784,3.5744423428850234,-0.00026243535757052705,0.0016242907503658623,6427.079,6410.454659236142,22904.064524838373,589,B0028,12,1.7803865429693038,24,0.9865360258934827,15,0,1.7803865429693038,0.9865360258934827,0.0020178517223922387
3.68119828344271,2.5464403411304843,4.186431294608572,0.22831870263398096,-0.9977226887954374,-2.0042056776412545,0.9974514605944089,30.61748146501738,32.101579055970326,1.1245223221692005,-3.564925334585488,3.575486537898503,-0.0002672204993852421,0.0016765450682116002,6417.156,6404.935356184938,22878.943201305738,585,B0028,13,1.7789060856417256,24,0.9857156846624048,14,0,1.7789060856417256,0.9857156846624048,0.0015860847114001597
3.6808780113914024,2.5488905698718844,4.186605296553263,0.22855630947587238,-0.9976984888319611,-2.005381985851277,0.9973920327698991,30.47693232752601,31.92722580084625,1.1205014106052162,-3.56430624252172,3.574776927600299,-0.00026540610496843877,0.0016775809390737805,6398.907,6386.452599162141,22808.42934929145,581,B0028,14,1.7738387518973049,24,0.9829078071743177,13,0,1.7738387518973049,0.9829078071743177,0.0026628420197826854
3.6816453877057884,2.592227961453642,4.186411251128915,0.22709297677692256,-0.997566184368524,-2.008651720668571,0.9973890949731444,30.59851621920085,32.17577171129977,1.171261474207355,-3.5647160528078956,3.5754074598862298,-0.0002776116952318589,0.0015862243570051084,6384.75,6371.71713179122,22761.832432027797,577,B0028,15,1.769682881523146,24,0.9806049837457529,12,0,1.769682881523146,0.9806049837457529,0.0023902360355608997
3.6751321799254955,2.598546956085325,4.1643364768914175,0.2205990295345719,-0.9970360820430222,-2.003317125586951,0.99750771569575,31.100240402928506,32.50607956309833,1.1340854416716433,-3.557464978881873,3.5697940882909243,-0.0002622828980503522,0.001547681926280712,6284.063,6269.040013614247,22362.46493101532,565,B0028,16,1.7408787283206992,24,0.9646442167191854,11,0,1.7408787283206992,0.9646442167191854,0.008828957067954812
3.6846266213857497,2.6924907199800523,4.183279934429277,0.221855166205316,-0.9969371531723805,-2.0076002242955377,0.9974823313196185,30.938169249041685,32.36361154404582,1.1212376917108666,-3.5666802235686417,3.57933790463994,-0.00023811696144813323,0.0013820685605920643,6370.937000000005,6354.620764134914,22728.495593645264,559,B0028,17,1.7648189744011906,24,0.9779098276734057,10,0,1.7648189744011906,0.9779098276734057,0.003113513713622629
3.6832544826548084,2.6173421756941537,4.185224082214954,0.22503995916122413,-0.9969974742534108,-2.0035478824784314,0.9974033084011937,30.779624907003203,32.23987480909281,1.1187220380010712,-3.565071368908244,3.577623520166809,-0.0002639322108469198,0.001507576972642642,6359.812,6343.854789028956,22677.401883381048,567,B0028,18,1.7617857390844025,24,0.976229071364142,9,0,1.7617857390844025,0.976229071364142,0.003424069311464617
3.6830019424524427,2.6240203066915697,4.185772001736481,0.224939209972402,-0.9968197698794886,-2.0037779278104373,0.9974594517579985,30.70960684046627,32.1209393902127,1.1583269122646627,-3.564012873034108,3.577490165255469,-0.00026690068335202865,0.001501559618311343,6346.156,6329.577363188524,22624.332957889637,563,B0028,19,1.75770610357021,24,0.9739684906924003,8,0,1.75770610357021,0.9739684906924003,0.003226529665418987
3.682514927726665,2.63525875804135,4.185968902546653,0.22503062085183004,-0.9963445930927353,-2.0020973714849557,0.997101149131679,30.47705959403915,31.876773372691297,1.0762093032335351,-3.5614021647936758,3.5751878621017408,-0.0002465455312759233,0.0014920562797644413,6328.172,6309.164743206409,22545.644437991505,559,B0028,20,1.7519375960601256,24,0.9707720834308378,7,0,1.7519375960601256,0.9707720834308378,0.003549057092604091
3.6802726203570852,2.540126038881981,4.185740020171981,0.2288351077697829,-0.9967865142227076,-2.008192950178892,0.9973021473407734,30.54925924889458,32.13891568195097,1.17339654273853,-3.5605278228150103,3.574088396310412,-0.0002859705803573521,0.001659108278236171,6326.062,6308.957470054991,22530.44075716021,557,B0028,21,1.7521244035832175,24,0.9708755959810567,6,0,1.7521244035832175,0.9708755959810567,-0.002249135052503659
3.67908706723787,2.578459071114453,4.1838351172655095,0.2265027323143569,-0.996914300528855,-2.0032214377942505,0.9977075888584652,29.858081061792472,31.30995086456362,1.1345529438615418,-3.5599068412451946,3.574223964905055,-0.0002764454398435028,0.0015802726658920552,6352.843,6337.097401454901,22624.09068060946,555,B0028,22,1.759771413398964,24,0.9751129065265594,5,0,1.759771413398964,0.9751129065265594,0.0010095122004453393
3.680942088612725,2.6156681128542663,4.185613308228973,0.22559447406287064,-0.9972513551873874,-2.004916509907621,0.9977628650532772,29.927497513672723,31.44390039724308,1.1361920489716668,-3.5629090119664646,3.576008701611841,-0.0002641960463165144,0.0015217946393011861,6309.172000000006,6295.749144833204,22487.363032211775,549,B0028,23,1.7483011320324189,24,0.9687570700145853,4,0,1.7483011320324189,0.9687570700145853,0.002696921410396724
3.681439648314102,2.6736673087239398,4.186072517005326,0.22390677818289212,-0.9970973800951103,-2.005217576993348,0.9976936191315176,29.887309173794996,31.383820135357173,1.1274532580521248,-3.562617696144118,3.5757461985175443,-0.00024922480915208614,0.0014238117608983975,6284.297,6270.500916618432,22398.760952755747,545,B0028,24,1.7411482627836237,24,0.9647935693746214,3,0,1.7411482627836237,0.9647935693746214,0.0033115681573172573
3.680615489022298,2.6531966228276134,4.186079245979765,0.22493032951062786,-0.9972667201815385,-2.0045790903634986,0.9975309912722178,29.974612767860144,31.360116664622662,1.1602252787734293,-3.5622874425209003,3.574300813151747,-0.00025937542670577824,0.00145623439335472,6265.969,6252.650656842077,22328.96006819388,541,B0028,25,1.7363833316311177,24,0.9621532572124044,2,0,1.7363833316311177,0.9621532572124044,0.003110852885801574
3.6776600467841285,2.5306280538039845,4.185739001637966,0.2300171239739823,-0.997266880260863,-2.010698718226501,0.9977283140873734,29.928807475767645,31.44534438395542,1.1546786895557453,-3.558790140501098,3.572390583032988,-0.0002965328296205164,0.0016704150146940946,6266.641,6253.173689565527,22309.754597501087,539,B0028,26,1.736559066269527,24,0.9622506341289356,1,0,1.736559066269527,0.9622506341289356,0.003113067462738117
3.67453404625628,2.651385292787423,4.167590440976821,0.2196472797258553,-0.9969394063653589,-2.0051316277429905,0.9978234784928319,30.029795182593666,31.550251048213177,1.1725010584348865,-3.555550235849298,3.569250157089481,-0.00025758253239201986,0.0014449843881959524,6198.75,6184.202995357331,22051.529421685016,531,B0028,27,1.7172335652295243,24,0.9515421152010135,0,0,1.7172335652295243,0.9515421152010135,0.008507569633887924
3.3651860477851834,1.999936473158621,4.122758586822445,0.26433790398086704,-3.9753962170197243,-4.025628898561539,0.43500167530757294,51.631545591665024,58.72626885895911,3.8545027358748456,-13.342029396710545,1.7756170327094793,-0.0013760264581908323,0.003484586076682326,1572.359,6267.751672013184,21055.569465865316,169,B0029,0,1.697507332205763,43,1.0,39,0,1.697507332205763,1.0,-0.0
3.3905928994464873,1.852059092593436,4.20134576801382,0.2962663671773508,-3.9342485526057955,-4.025958335657771,0.5870268296219977,52.84944288631656,59.76796387174703,3.7028585421487317,-13.32929959553805,2.2905444102984167,-0.0006976202799194375,0.006080001536583346,1723.281,6812.980459274646,23076.292285564734,184,B0029,1,1.844701206961174,43,1.0867117755327427,38,0,1.844701206961174,1.0867117755327427,-0.1471938747554109
3.3944582472061784,1.8857258246963948,4.20075138362936,0.289096966049954,-3.9332952670181975,-4.026389228000425,0.591565618707197,52.905865867265994,59.844347317645614,3.7189113623190053,-13.339070177922409,2.289872121761835,-0.0006763609571238209,0.006037212934029315,1705.906,6744.140090346582,22866.822744459525,181,B0029,2,1.8254376674722927,43,1.0753636422296307,37,0,1.8254376674722927,1.0753636422296307,-0.06396516763326487
3.394696317253661,1.8534777499421091,4.20121939681188,0.29281766825136385,-3.932113456162452,-4.026146941716451,0.5947770086252228,52.90438507577814,59.9199472840752,3.7342175052389797,-13.336075094989198,2.3077752037509534,-0.0006758946906891162,0.006271650723189049,1697.688,6709.912874264998,22752.63257556262,179,B0029,3,1.815750429913437,43,1.0696568995398845,36,0,1.815750429913437,1.0696568995398845,-0.039414365902558014
3.398579443319999,1.913443763136564,4.20151734595852,0.2850155825601988,-3.931581069158435,-4.025666629939814,0.5980898509488167,52.87534956891003,59.89475354681757,3.736010369572422,-13.347410883235309,2.30249771718731,-0.0006660937218406888,0.005993470124542408,1686.094,6663.7612750195485,22618.571442735407,177,B0029,4,1.8132993337127028,43,1.0682129610341524,35,0,1.8132993337127028,1.0682129610341524,-0.02894800037673495
3.3970260675114696,1.9392366668780088,4.190431936024234,0.28137637559623646,-3.976472905870513,-4.025842153897144,0.4278142962979307,52.762650424805656,59.58813236464061,3.6777225422058266,-13.47278896319015,1.8113636906486204,-0.0013707920085947363,0.0035510846773235583,1678.563,6694.111010493011,22702.378384985353,175,B0029,5,1.8151647619660576,43,1.0693118830935529,34,0,1.8151647619660576,1.0693118830935529,-0.023531485952058916
3.4017447799349796,1.926680416628282,4.20151685379873,0.28398648427208,-3.953172457226365,-4.02540869735572,0.5237804800919047,52.78843384352056,59.81336613073259,3.68530875073423,-13.424118718926792,2.0843246082105447,-0.0005070362743082715,0.0083411438003017,1677.469,6668.826723147542,22642.47501994615,174,B0029,6,1.8143317955190057,43,1.0688211833296999,33,0,1.8143317955190057,1.0688211833296999,0.006073882288433641
3.400790257856999,1.89070792341858,4.201511694320507,0.2875319166873368,-3.952037378872224,-4.0262930686050655,0.5268037133833411,52.7841972696045,59.75433532594285,3.7046609613317285,-13.416405398122071,2.1010753322710185,-0.0005080098276867702,0.008629906982964529,1666.093,6622.006953410291,22477.932147931824,172,B0029,7,1.801343601809866,43,1.0611698504236662,32,0,1.801343601809866,1.0611698504236662,0.004818813132485333
3.4030834056443755,1.93249158993614,4.201805179645606,0.2824106792462271,-3.951642628329456,-4.0260391640732776,0.5296665410090562,52.75173838351513,59.7737242563152,3.7078943465979455,-13.423083439059857,2.0975552165903784,-0.0004883760854509427,0.00851755911902548,1654.328,6575.612989651841,22332.86507069435,170,B0029,8,1.7881558802945825,43,1.053400975871503,31,0,1.7881558802945825,1.053400975871503,0.005518909923770909
3.4052467951556413,1.9713665258317916,4.201438773335668,0.2778721469749268,-3.9514812160488924,-4.026327827070244,0.5329719703809649,52.7506031720156,59.80010734859943,3.696179727210446,-13.429802698143549,2.096217156690254,-0.0004823263357676628,0.008336198652082186,1643.812,6534.429213739101,22205.34042448974,168,B0029,9,1.7760714604539518,43,1.0462820553158387,30,0,1.7760714604539518,1.0462820553158387,0.007445574651750197
3.3969592538295337,1.852379628685352,4.19368630303113,0.29354881994530246,-3.974136073511709,-4.026273510345562,0.436931965790559,52.76187024768883,59.92418745751934,3.7111252380534343,-13.464522510067782,1.8705794977354775,-0.0014392375476689253,0.0036979540422093474,1652.266,6587.556669997157,22343.449481687487,168,B0029,10,1.7852807447597443,43,1.051707236186089,29,0,1.7852807447597443,1.051707236186089,0.005976803441262657
3.3978270130572263,1.8385968486453488,4.20025041732416,0.29647476267797174,-3.94933484428352,-4.027610977919839,0.5348915903483972,52.810328108304326,60.120904895462246,3.7366002665394764,-13.396081217205909,2.1463978357979125,-0.0004941010575928405,0.009137529718166582,1648.672,6550.0929247134145,22214.134532158638,167,B0029,11,1.7698116401111978,43,1.042594400939336,28,0,1.7698116401111978,1.042594400939336,0.00890403108156157
3.3976547229925322,1.8332269197665616,4.200366031445772,0.29602979203491575,-3.948773942479504,-4.026372824644528,0.5379894925734277,52.803620504971605,60.15908336784943,3.7445986685198744,-13.393180826059098,2.1539434807992315,-0.0004908907956065858,0.009219463916412457,1636.969,6503.681243881392,22055.19392972849,165,B0029,12,1.7565231680521758,43,1.0347661743350038,27,0,1.7565231680521758,1.0347661743350038,0.008964086751538059
3.400358560849027,1.8809955356138472,4.199929373943819,0.2883466863185636,-3.9481894541359304,-4.026624128013423,0.5411018176094535,52.774286568476356,60.0330623550184,3.7537552438029103,-13.400382302018583,2.145178263766071,-0.00048271565298326326,0.008953661126233367,1625.187,6456.547043839046,21909.934282514514,163,B0029,13,1.7543413277348154,43,1.0334808542212313,26,0,1.7543413277348154,1.0334808542212313,0.006762910511953412
3.3951054015762527,1.800038174333754,4.199792574461424,0.30200934276580826,-3.946655613412357,-4.027030400371651,0.5431745492725769,52.80429201579515,60.155675284547456,3.74431089274379,-13.376479836488187,2.18280159293548,-0.0004830614341405175,0.00958749197462268,1622.016,6441.924206322498,21830.847150820395,162,B0029,14,1.7392875506998715,43,1.0246126880876671,25,0,1.7392875506998715,1.0246126880876671,0.00735678195081606
3.3952154633066995,1.9415928705254093,4.186389353535962,0.2821356531960963,-3.97371791832226,-4.026417322328161,0.4427141653101357,52.721179096315566,59.70826330240836,3.693558602615774,-13.453739468038282,1.850916308449654,-0.0013996151605838944,0.0035917576279539047,1638.422,6532.421472167191,22140.54822123547,163,B0029,15,1.7797845109331345,43,1.0484694099202856,24,0,1.7797845109331345,1.0484694099202856,0.0010992467653219596
3.400939370892573,1.972461938837724,4.200779737725044,0.27954625519772475,-3.924297634283963,-4.026696437352965,0.6223655114433599,52.76566676387698,59.826072535975634,3.7273567310415188,-13.327208536825383,2.3630046020458457,-0.0006135897633582292,0.005984705453027765,1646.438,6500.775186928339,22075.059784557063,163,B0029,16,1.7657088508465202,43,1.0401774515766806,23,0,1.7657088508465202,1.0401774515766806,0.0008205578529355328
3.3990966930758852,1.9166086737918733,4.20106410059631,0.2853102143324596,-3.922569043688066,-4.026796677718367,0.6260571805902035,52.80160858510679,59.97193555147316,3.753691185475415,-13.314913282413343,2.386527041076898,-0.0006319371977761554,0.006230578327869427,1634.765,6452.08716381372,21899.397090329854,161,B0029,17,1.7523941408724169,43,1.0323337682408318,22,0,1.7523941408724169,1.0323337682408318,0.0008258054359517875
3.4005060708668395,1.941628602033569,4.20039236023258,0.2816848749736101,-3.9219324486852223,-4.026614754186135,0.6300534686614302,52.76338281760698,59.90509096707212,3.7494091620746897,-13.31712997151634,2.3910066001043107,-0.0006194881858419391,0.006189612108143453,1622.016,6401.913019795129,21735.187376061578,159,B0029,18,1.7380191225603103,43,1.023865458243356,21,0,1.7380191225603103,1.023865458243356,0.003264441034901022
3.397536794846482,1.8754484122099284,4.200576454073823,0.28928580797514464,-3.920549166756126,-4.027889167613304,0.6320446244382172,52.793663259837146,60.003884509148,3.7671085605977517,-13.30200689939381,2.4124044706442884,-0.0006407532411945094,0.006467391367624434,1616.25,6376.709684859926,21632.540583065955,158,B0029,19,1.7312214443143976,43,1.0198609522733701,20,0,1.7312214443143976,1.0198609522733701,0.0016132212770947785
3.391570729569499,1.8380927294124036,4.194709553890768,0.29852157304274685,-3.9453058787745463,-4.028085314718813,0.5495931510744325,52.75741582344694,60.25771781052726,3.7769461845892676,-13.356086627427397,2.1890849490313498,-0.0004762350652460001,0.009213301819697746,1622.218,6442.567877255207,21806.24549267115,158,B0029,20,1.7379128985265808,43,1.0238028817632936,19,0,1.7379128985265808,1.0238028817632936,0.008374322481310736
3.4006008999743154,1.999771637867575,4.200658594506185,0.2758915999512075,-3.895864092268878,-4.029581554780258,0.7064837946744661,52.866554147425745,59.90492726798961,3.793738723064401,-13.230728094819911,2.6134911139453725,-0.0005710531863096821,0.005906662590278403,1619.656,6348.887114069688,21559.121540557193,157,B0029,21,1.7224270683625882,43,1.0146801935308545,18,0,1.7224270683625882,1.0146801935308545,0.008656356496786399
3.3937647508109445,1.8317514112942035,4.200792247486221,0.2973206438945581,-3.9179079273158917,-4.027766402722573,0.6382662283238036,52.88238533970063,60.33243416075105,3.804556856010171,-13.278882323442286,2.446946191865936,-0.0006549353970702108,0.006733767315649425,1605.484,6331.115573926026,21454.297832040305,155,B0029,22,1.7184213765608034,43,1.0123204441938194,17,0,1.7184213765608034,1.0123204441938194,0.0067945528623226895
3.3990916405291434,1.9739559216587697,4.200103293228043,0.2778808244031721,-3.89292863950299,-4.026628807325158,0.7131522270714035,52.89174684629843,59.98669670538192,3.8106395824019472,-13.214868533264704,2.636665433612766,-0.0005700742113183551,0.006096413770844093,1600.75,6271.831224267559,21287.969387427147,154,B0029,23,1.7010220930648232,43,1.0020705423725582,16,0,1.7010220930648232,1.0020705423725582,0.007399405899097422
3.396460061958035,1.9069490533352145,4.200392899920808,0.28446313188718375,-3.891007378210508,-4.028075633238784,0.7152075892074797,52.86276331800625,59.99528714045464,3.806150201970753,-13.199773780358623,2.6557951753760856,-0.0005774189971387706,0.006370320932740311,1595.0,6245.68689693731,21183.8417924187,153,B0029,24,1.693698739563104,43,0.9977563615953812,15,0,1.693698739563104,0.9977563615953812,0.00750454095025872
3.3953349055125526,1.9996278665665836,4.193452277045169,0.2767607521976619,-3.8931180785218142,-4.028992071533853,0.7131331771501479,52.85514927949408,59.98821696841703,3.8207228598555076,-13.200085102051126,2.6305176290981107,-0.000557918529508463,0.0059273703589369986,1612.422,6317.674716571813,21418.289927729573,154,B0029,25,1.713072721286705,43,1.009169556316859,14,0,1.713072721286705,1.009169556316859,0.004968035447975172
3.397203474478597,1.9297361391600047,4.200426069460966,0.2835074640249447,-3.8906661202538677,-4.027443008545737,0.7175635954744704,52.84555100149494,60.01985635641876,3.8094668977099504,-13.200754115734817,2.6614189875690664,-0.0005834171317142333,0.006217830714186412,1598.969,6261.347720553036,21241.73419736816,152,B0029,26,1.6976972688567131,43,1.0001118915054719,13,0,1.6976972688567131,1.0001118915054719,0.004945959901175012
3.389787970407681,1.811689567857529,4.200350636061038,0.3004575140364543,-3.8880091290817527,-4.02657515612885,0.7203636449776143,52.82153486606997,60.26410091872941,3.8457103665955117,-13.166158514197516,2.699613808988607,-0.0005907430080758241,0.006983210981739804,1592.187,6231.043096574319,21097.571737616963,151,B0029,27,1.6899314034061208,43,0.9955370273483308,12,0,1.6899314034061208,0.9955370273483308,0.0056979946309365205
3.3967598380460484,1.9610731754377528,4.200274898374017,0.2794392084658424,-3.8880141667450476,-4.026308111025025,0.7245471205362526,52.81580315824478,59.92046248220958,3.819311916744934,-13.187835239930743,2.6738340223217083,-0.000571332282533393,0.006139492305465398,1577.484,6174.2047801257,20939.082560909672,149,B0029,28,1.685023551367069,43,0.9926458162495991,11,0,1.685023551367069,0.9926458162495991,0.003199708339550833
3.3957223246260377,1.9482718394124845,4.200350219079989,0.28104092342404263,-3.886820317431477,-4.027821145847748,0.726625869986305,52.80521928839473,59.887692512983016,3.8240506758131256,-13.180474343487646,2.6829886809407686,-0.0005637483490374607,0.006288135758373533,1571.547,6149.241409957722,20851.213704412534,148,B0029,29,1.678389965463405,43,0.988737976926723,10,0,1.678389965463405,0.988737976926723,0.0030617548199398216
3.3892258428534876,1.867494399191276,4.195839706712194,0.29179141650815266,-3.88571106427998,-4.027453382422719,0.7269385185966211,52.80312343851032,60.158935395611046,3.8657448648163566,-13.153569184916162,2.7015412264073078,-0.0005668338954956965,0.006715750677089062,1578.484,6175.101377948706,20901.398103549942,148,B0029,30,1.6737947494868326,43,0.9860309394433555,9,0,1.6737947494868326,0.9860309394433555,0.00785559435997447
3.3940321153796114,1.926783206032701,4.20011947590298,0.2826912184141584,-3.85843433412322,-4.027257877744434,0.7958767430123745,52.85759471288148,60.04748235788095,3.885244755283756,-13.079487266132336,2.902011139379069,-0.0005329317648928946,0.006341067157489268,1574.469,6115.710344084921,20728.464153521607,147,B0029,31,1.6687898927884717,43,0.9830825829895088,8,0,1.6687898927884717,0.9830825829895088,0.00578147521364829
3.390692269396659,1.869562035017659,4.20020354565233,0.28942209531853313,-3.8565643666104146,-4.028220020010547,0.7986683491989731,52.85638451770691,60.167863371476415,3.898861805143907,-13.061988808250256,2.921197814705742,-0.0005375983378214497,0.006646622094861212,1568.281,6089.037349215987,20620.187165308966,146,B0029,32,1.6492566306631429,43,0.971575556330633,7,0,1.6492566306631429,0.971575556330633,0.008134954548595585
3.3912179554575785,1.8881277069953315,4.200021865512612,0.2867570673399726,-3.85547414018331,-4.026463660977024,0.8013096318057173,52.882092513244274,60.09738415148209,3.9087296934813693,-13.059312203246293,2.9248165694057273,-0.0005491617683115845,0.006470030566514611,1561.422,6060.212616321647,20523.972135395346,145,B0029,33,1.6409676757039668,43,0.966692540627599,6,0,1.6409676757039668,0.966692540627599,0.008811175132620442
3.3923453388185667,1.9264548202409049,4.200544725415334,0.2827955737782075,-3.8555734475773074,-4.02785957922289,0.8037526792254696,52.87120880021078,60.02940147619038,3.903501193289013,-13.06243029457135,2.925152408291053,-0.0005419883658169548,0.00632935177002631,1554.234,6033.45105810586,20438.40438716991,144,B0029,34,1.6456360229757092,43,0.969442659689339,5,0,1.6456360229757092,0.969442659689339,0.006550788497539139
3.3840832974347714,1.8497742851139864,4.193996290293578,0.29455675969248135,-3.854823111014098,-4.0268345490967095,0.8013346870265292,52.8949932373189,60.33090148423857,3.944236657619159,-13.030627929211953,2.9339208013421163,-0.0005330149944605731,0.006767397548982682,1573.734,6108.15672316894,20645.760277757247,145,B0029,35,1.654547743574037,43,0.9746925460546295,4,0,1.654547743574037,0.9746925460546295,0.0038494011825591203
3.3935243600466607,1.988399313722457,4.199807562252484,0.27689438630747815,-3.8279463752523526,-4.028134400513877,0.8650529417568069,52.90577737967025,59.88870262903497,3.9099323187692545,-12.971624534658003,3.1089294908427596,-0.0004990052065909551,0.006065801752895673,1566.578,6037.04207042201,20456.504345590103,144,B0029,36,1.6461201520877546,43,0.9697278597016513,3,0,1.6461201520877546,0.9697278597016513,0.004533948140143407
3.388551594762018,1.8822716064606957,4.199665175987453,0.2886780624081147,-3.851886221713202,-4.0269371723961935,0.8094014822788177,52.85049305569667,60.13011665786984,3.9227183216007435,-13.036240848843816,2.950945377803222,-0.0005424448591591432,0.006563738867985725,1550.047,6012.491929356469,20347.233328264825,142,B0029,37,1.6275119188151763,43,0.9587657666847107,2,0,1.6275119188151763,0.9587657666847107,0.004348942369593311
3.3876827466759964,1.8693019781355495,4.200099273216301,0.2902200606247618,-3.8509488961783584,-4.02674927094555,0.8121766860776538,52.93318563948955,60.20528139553767,3.944480227633304,-13.029724966205276,2.961753968588795,-0.0005562566746171453,0.006569768471548441,1543.64,5986.504102344429,20252.405556670703,141,B0029,38,1.6200530533464497,43,0.9543717559330549,1,0,1.6200530533464497,0.9543717559330549,0.0041829244715034354
3.3850191492367943,1.8433554303146655,4.2000806322388815,0.29400894530740296,-3.849366331322892,-4.027330387109479,0.8147621021582478,52.91920185424772,60.24494659507955,3.9520917134890525,-13.01444762248577,2.9745450922399024,-0.0005535063917848536,0.006744600541842435,1536.781,5957.525156283543,20139.611777494152,140,B0029,39,1.612079811711934,43,0.9496747266576908,0,0,1.612079811711934,0.9496747266576908,0.0067112422527550565
3.3464479682177357,2.1274170450668684,4.121228264511843,0.2563418232112226,-3.881093691840246,-4.02642257980551,0.7442757029527051,52.450611378612734,61.11438949471705,4.619913840776093,-12.979255012850418,2.6663743637709802,-0.0006163486932728379,0.005246514430180743,1572.359,6131.939198350982,20506.60945876521,169,B0030,0,1.6560706096175404,43,1.0,39,0,1.6560706096175404,1.0,-0.0
3.3780751936361146,2.1401060472348874,4.191571549203586,0.26078113055727703,-3.7838858314888455,-4.027659504109606,0.9534617010571046,54.113241117794225,61.9990871891876,4.489105001296107,-12.784130551969843,3.3652993574928995,-0.0004948006668910508,0.005236503414435692,1723.281,6546.496787559345,22118.580807872277,184,B0030,1,1.7815548749509116,43,1.0757722917154788,38,0,1.7815548749509116,1.0757722917154788,-0.1254842653333712
3.3818672028482375,2.1657237815883463,4.191314909952094,0.25814045976585637,-3.78000742647211,-4.0263997172904,0.9606558870072772,54.157828260748424,61.89071493502735,4.487141909903265,-12.779002179922596,3.3881316298045725,-0.0004785835419262993,0.005247419891561832,1705.906,6476.713770412347,21895.87648295326,181,B0030,2,1.761969227822918,43,1.0639457143858342,37,0,1.761969227822918,1.0639457143858342,-0.0529493091026888
3.3803545588103723,2.095376108282347,4.191510310362352,0.26486970944640814,-3.7771963627067855,-4.027127991303563,0.9658154426010659,54.212018750385205,62.214205409958005,4.552672321308373,-12.761821885346782,3.411210085748608,-0.0004794434363479557,0.005601610589409283,1697.688,6440.716717976428,21761.44863522406,179,B0030,3,1.751755031874225,43,1.0577779846469122,36,0,1.751755031874225,1.0577779846469122,-0.03189480741889487
3.383237725223628,2.12524665517798,4.191406236830394,0.2614419453230774,-3.774391482257296,-4.027089196239373,0.9709710927043589,54.19837692352459,62.31179793095802,4.552288982635739,-12.758712081697855,3.426022571522357,-0.0004641716024688391,0.0055681249586525235,1686.094,6392.516619195187,21608.870440629573,177,B0030,4,1.7381688070362076,43,1.0495740923979247,35,0,1.7381688070362076,1.0495740923979247,-0.0205245493546668
3.374148303155992,2.0759632130565406,4.1809364775885,0.26972402232410325,-3.8401506129683893,-4.026801519572001,0.8400557719302467,54.14161744851121,62.29994268441351,4.523450763344148,-12.951731499230204,3.0082417541091617,-0.0005237244773848265,0.005641021059524402,1678.563,6476.940453579153,21845.248320760013,175,B0030,5,1.750674529346134,43,1.0571255350944497,34,0,1.750674529346134,1.0571255350944497,-0.018920783945718743
3.38062959842195,2.0440070679316857,4.191416983179895,0.2710300101096779,-3.8162308411426897,-4.026685043731495,0.8906017585668305,54.21167948917778,62.48134926186261,4.553247911899323,-12.89270655071336,3.1765755292706426,-0.0004948366940071917,0.00588287632238645,1677.469,6433.746962513018,21735.95457265489,174,B0030,6,1.7491047649061158,43,1.0561776501245084,33,0,1.7491047649061158,1.0561776501245084,0.006490022008959162
3.387081847293872,2.173948548947525,4.19167898729129,0.25760237686784565,-3.790540920260821,-4.027008162529609,0.9410471899802145,54.18634900836399,62.158212651524295,4.544688796515333,-12.823205652369415,3.326983579129171,-0.00046085979396445005,0.005441966841866149,1666.093,6347.854039535385,21475.637812756682,172,B0030,7,1.7252544028765475,43,1.041775871667081,32,0,1.7252544028765475,1.041775871667081,0.007342964989274092
3.3879461849049983,2.1712631392036204,4.191660740391253,0.2577836227383274,-3.7878863152954003,-4.026835815972069,0.9462824866802928,54.15360140656882,62.11029841216025,4.5533401200359105,-12.814554001174914,3.344060184773995,-0.00045146689921436657,0.005507459906522976,1654.328,6299.3857896710415,21310.80082976546,170,B0030,8,1.7112621367644252,43,1.033326795866289,31,0,1.7112621367644252,1.033326795866289,0.008098579021959961
3.3883925705991067,2.1722790601698723,4.190518218566902,0.25786627275917706,-3.78521295034333,-4.027530832099604,0.9518591462676282,54.168189231806274,62.21537292970592,4.5546454882247165,-12.804713614903422,3.3619737141258854,-0.0004455060471281008,0.0055887241539166604,1643.812,6255.225949941046,21161.342520390695,168,B0030,9,1.6990418392711273,43,1.0259477038020202,30,0,1.6990418392711273,1.0259477038020202,0.007825393553016058
3.3829900242224884,2.1399140868464497,4.18494757447594,0.2616856341081728,-3.8087556215689466,-4.026804684381526,0.9056491402359739,54.22057063412252,62.42078136779365,4.587029086450203,-12.868364680265115,3.2133800951616243,-0.00046753845346665527,0.0055903638975192795,1652.266,6327.301187036477,21377.130661813077,168,B0030,10,1.7185770039532977,43,1.0377437978626967,29,0,1.7185770039532977,1.0377437978626967,0.006419505078567278
3.3872270612733906,2.112329336316492,4.19138696373963,0.2635633147742534,-3.7838496795424073,-4.028658336876764,0.9544845987992014,54.24400266886001,62.42541404009337,4.590767200633537,-12.796436601350079,3.3762775293685063,-0.00044673555750173355,0.005831222995259232,1648.672,6271.7286690873225,21210.565691343305,167,B0030,11,1.70324722921867,43,1.0284870822096317,28,0,1.70324722921867,1.0284870822096317,0.009171507137489154
3.387969833955272,2.1141726056716275,4.1916098999207785,0.2629077531362625,-3.7810084173912366,-4.027635336965244,0.9599268880049819,54.24150010859244,62.43136471336018,4.606627416494593,-12.78715438114055,3.393031973112475,-0.00043947381050321035,0.0058769873781138945,1636.969,6223.015928729295,21046.71892513892,165,B0030,12,1.689458044662304,43,1.0201606349698302,27,0,1.689458044662304,1.0201606349698302,0.007159271642848708
3.3908449439184096,2.1697054636702,4.191138031319589,0.25790945184795866,-3.7778398595622393,-4.028103263729137,0.9655096700137185,54.183697227073836,62.27459158639179,4.593721702443698,-12.783696872495657,3.4069296084464886,-0.0004391630718141101,0.005634945486092203,1625.187,6173.548989373969,20890.70498005065,163,B0030,13,1.6756136292719177,43,1.01180083719914,26,0,1.6756136292719177,1.01180083719914,0.007129701498501495
3.3859058007878593,2.0502203248956845,4.191251588829171,0.2696032323992304,-3.7765035959555266,-4.0291043008663845,0.9678591011744595,54.22886640157327,62.57843700986901,4.6136518516052725,-12.761340576670232,3.424074233262546,-0.0004376922014267889,0.006227123868526739,1622.016,6160.207227228742,20817.703327864598,162,B0030,14,1.6718407140871654,43,1.0095226039143748,25,0,1.6718407140871654,1.0095226039143748,0.005440225036792379
3.375492904033759,2.056845844411806,4.17866916142942,0.2732361112800131,-3.8520176715688708,-4.027517719449719,0.8153044881535618,54.15865206479903,62.47198799326229,4.567003032417494,-12.991021635539381,2.934324032403481,-0.0005269853743987188,0.005741182258571507,1638.422,6346.614306566136,21404.199828240202,163,B0030,15,1.7233056681204446,43,1.0405991496452145,24,0,1.7233056681204446,1.0405991496452145,-0.0009457328334293802
3.381550645715128,2.002654873353824,4.19028213835832,0.27521831915053147,-3.8026336945838524,-4.028208252016326,0.9189046429437464,54.242750421230845,62.67828739920007,4.595580729561933,-12.842904738041602,3.2715468525958897,-0.0004682619556536624,0.006210153758851894,1646.438,6296.53292065941,21266.23395881051,163,B0030,16,1.709207290507283,43,1.032085999583082,23,0,1.709207290507283,1.032085999583082,-0.0011920122577226077
3.3864480900407194,2.098247338071892,4.18930659174196,0.26381162234267413,-3.7747932414905923,-4.028530108942317,0.9711485537118218,54.26601179807604,62.48426799373123,4.5982882952007955,-12.760417167423663,3.428653621345729,-0.0004420161203664607,0.005845416039310938,1634.765,6206.002846103773,20980.09237442488,161,B0030,17,1.684001734344571,43,1.0168659020725457,22,0,1.684001734344571,1.0168659020725457,0.0010912620635465942
3.387180494037813,2.095250035916422,4.189336480826855,0.2638683781172983,-3.7717048923113476,-4.028059956110559,0.976736294779003,54.24164371768822,62.520660259063135,4.6125042558359555,-12.749897820520914,3.44659466649345,-0.0004433847563082255,0.005867175351673556,1622.016,6153.745072778112,20801.52609806231,159,B0030,18,1.66898698813004,43,1.0077994129220629,21,0,1.66898698813004,1.0077994129220629,0.0013253282283755218
3.3813445010797873,1.965222517702767,4.187961671001895,0.27713116690106226,-3.7701783748857105,-4.029736567587315,0.9796011570167718,54.32282816477177,62.83792318174592,4.661304298605021,-12.723058638545842,3.46647164643869,-0.000446879917589202,0.006499328801022698,1616.25,6128.883434644329,20682.810918450657,158,B0030,19,1.6620689362837142,43,1.0036220235002897,20,0,1.6620689362837142,1.0036220235002897,0.001954355560690235
3.385606758982866,2.1649300939348857,4.183473493335224,0.2583018887296693,-3.770286001350055,-4.02892193533513,0.9796359776007147,54.27566161448939,62.47596510401283,4.65071826753991,-12.738816268416358,3.447663908967355,-0.0004331241911866605,0.005581773125844949,1622.218,6152.7395461154065,20788.820630506845,158,B0030,20,1.6687049625248174,43,1.00762911486618,19,0,1.6687049625248174,1.00762911486618,0.010920141119125449
3.3887947335699495,2.1107101939003567,4.189021310957518,0.26212290602901644,-3.74290317214084,-4.028238890396407,1.0269305178068908,54.34652062246305,62.54340291733675,4.647659772057163,-12.653409778749522,3.6075153921337573,-0.00041643416794175174,0.005876005352474022,1619.656,6096.3390177955025,20610.367050052802,157,B0030,21,1.652762183550463,43,0.9980022433537169,18,0,1.652762183550463,0.9980022433537169,0.01128902139136403
3.390949417762555,2.154272422860638,4.188208290959306,0.25818804244157884,-3.7394250053816305,-4.029657303351485,1.033272438114385,54.369563893787316,62.54253781933885,4.656825767791728,-12.64676017655455,3.624840931155112,-0.00041419027279872316,0.005718204371851888,1605.484,6039.449465635631,20425.185044125217,155,B0030,22,1.648481366235244,43,0.9954173189607844,17,0,1.648481366235244,0.9954173189607844,0.007104073621865404
3.3873404080498895,2.056878607135279,4.188944596283129,0.26693925342965097,-3.737622424800312,-4.028147301835234,1.0361491892534644,54.38101073340462,62.63316972633199,4.690578060051821,-12.626990882672962,3.640162957692661,-0.0004159706062549964,0.006161544257220277,1600.75,6018.6557623602475,20332.939298022575,154,B0030,23,1.6307406443132095,43,0.9847047793993635,16,0,1.6307406443132095,0.9847047793993635,0.007649268763366112
3.3880651957973615,2.0619330487714467,4.189721988537926,0.26652685929519104,-3.7356557463501385,-4.027460243343909,1.039230319734636,54.366222070376075,62.63885708285674,4.6809860042277265,-12.621251405910588,3.649756917763207,-0.00041228072675455156,0.006151359311910909,1595.0,5991.897665638273,20244.558676221026,153,B0030,24,1.62323023017929,43,0.9801696985336666,15,0,1.62323023017929,0.9801696985336666,0.007767741220884838
3.3873336724752856,2.182829076635093,4.182121595717829,0.2560563163011633,-3.737388532394875,-4.028374864371009,1.0362628686485178,54.36082826974155,62.50972828784737,4.664425861469001,-12.628621437132292,3.6289690804146817,-0.00041300938771033805,0.005518128494757695,1612.422,6061.657070170897,20482.60254783318,154,B0030,25,1.654190654039439,43,0.9988648095273333,14,0,1.654190654039439,0.9988648095273333,0.0029028616970756538
3.391596603751742,2.152270345667462,4.18953881832451,0.2589302723355891,-3.733773399938973,-4.0280399278365575,1.0424465812748502,54.329082038301124,62.41430430344205,4.642098323126425,-12.627885515519623,3.6550459211441786,-0.00040943683299351396,0.005731296760779052,1598.969,6005.4282793803395,20311.648061965752,152,B0030,26,1.638514396616985,43,0.9893988741188942,13,0,1.638514396616985,0.9893988741188942,0.002849557386695567
3.3844695827460796,1.98536642488698,4.18877344296717,0.2747937897988348,-3.7318248243234815,-4.028759921717576,1.0458867689660982,54.350797312061744,62.71706660837061,4.702661665786438,-12.595172013357967,3.6770549221308153,-0.0004242471263707791,0.00647267063171269,1592.187,5977.223899142593,20174.525542750383,151,B0030,27,1.618847673357618,43,0.9775233398601774,12,0,1.618847673357618,0.9775233398601774,0.005926738575525193
3.3883015570002266,2.085108474542319,4.187364248433742,0.2642219374659569,-3.72789586160175,-4.028912968695677,1.052058658023619,54.30570319180818,62.554566036297686,4.699315766113706,-12.592627184135347,3.687604074036158,-0.00041605647022218046,0.0060361818861240785,1577.484,5915.752583034829,19983.611677341214,149,B0030,28,1.6134212267751404,43,0.9742466398505498,11,0,1.6134212267751404,0.9742466398505498,0.0034638835076138187
3.389973588057286,2.1156809695843,4.188843927084549,0.2620384937992771,-3.7258803546166885,-4.028240237923387,1.0554663826709085,54.311769035681074,62.48691429447336,4.675275087530564,-12.590359951005237,3.697366148872548,-0.00040920016468957234,0.005935950435913381,1571.547,5891.555460791059,19910.048566670113,148,B0030,29,1.6066443601761986,43,0.970154503585595,10,0,1.6066443601761986,0.970154503585595,0.0033171740006182836
3.386403894086122,2.08588060415804,4.184536605382707,0.26456730103642145,-3.7258300678775145,-4.0292228155278815,1.0552120213275789,54.31694947968931,62.59235284434121,4.728917851045079,-12.57784760531963,3.6962530623231884,-0.0004108724095455438,0.006023853251752078,1578.484,5918.259274682791,19979.624549210086,148,B0030,30,1.6138387876938998,43,0.9744987794129177,9,0,1.6138387876938998,0.9744987794129177,0.008070373269107867
3.382990062267617,1.9452863886536,4.188530465383751,0.2788425340281009,-3.7235246959842048,-4.028629666143592,1.0585978746279334,54.37602664745592,62.84622214879507,4.763610976524002,-12.558044138137925,3.7209977152600744,-0.0004042094557273015,0.006768474980916684,1574.469,5898.564883635609,19893.798608531353,147,B0030,31,1.596329501327274,43,0.9639259896629268,8,0,1.596329501327274,0.9639259896629268,0.008436979057942207
3.3809665909442286,1.916660490161616,4.188200529397757,0.2828054904243156,-3.7209177432015643,-4.028807042725253,1.062071549660156,54.40922760509474,63.0242156686281,4.791152727595976,-12.540652873984735,3.735716908110546,-0.00040456583375739793,0.006938196783351344,1568.281,5871.712279911744,19789.84764624472,146,B0030,32,1.589078586740699,43,0.9595476047411331,7,0,1.589078586740699,0.9595476047411331,0.005953817323383825
3.3813241868366974,1.927250989755404,4.187743893425592,0.28060437011607264,-3.7188832576508455,-4.027678632162258,1.0651266464323055,54.43118438830086,63.00027240816272,4.800574554125706,-12.533436050943331,3.742505280862033,-0.0004005043780506223,0.006886166500397832,1561.422,5841.92697544615,19688.66132424095,145,B0030,33,1.5805481432309574,43,0.9543965903700058,6,0,1.5805481432309574,0.9543965903700058,0.006574616708836611
3.3870672693934285,2.051939170845275,4.1898269490660445,0.26800982095805037,-3.7178481811964144,-4.028626046511251,1.068694983560774,54.42543761419732,62.80130766887856,4.7840025564600035,-12.54777972840614,3.742051715287854,-0.00040400998840845435,0.006255934424352498,1554.234,5814.3991538745195,19624.377856796476,144,B0030,34,1.584613105427081,43,0.9568511730263952,5,0,1.584613105427081,0.9568511730263952,0.004406250949823542
3.382718302752806,2.0447593292567268,4.183231697201542,0.26874580275371035,-3.719718780129346,-4.030594809378983,1.0652782084325563,54.40878572720797,62.737405296482684,4.791795141818069,-12.542579270304618,3.729051449027863,-0.0004126781865431448,0.006156318947098512,1573.734,5891.2999041187295,19865.61834325667,145,B0030,35,1.5936651221220737,43,0.9623171336215677,4,0,1.5936651221220737,0.9623171336215677,0.004034733114365219
3.3896129797375174,2.1123670299751245,4.187178870202528,0.2617943981795915,-3.6895994891111914,-4.029376137378532,1.111974072306061,54.42284720424547,62.57852749153667,4.751442532952462,-12.458962184849783,3.8780403167641766,-0.0003893585270488587,0.005925718156032142,1566.578,5816.420070382904,19641.979613980115,144,B0030,36,1.5849874126960888,43,0.9570771943486952,3,0,1.5849874126960888,0.9570771943486952,0.002268417726237049
3.38569510149779,2.029028311417829,4.188109008087897,0.2697794324624057,-3.7133420593367292,-4.02789957320431,1.0758264495651062,54.38754363122996,62.84908045214772,4.786973882318285,-12.528144326048889,3.7654869773681714,-0.0004060928031657273,0.006313023593218193,1550.047,5793.831857507661,19548.6729101968,142,B0030,37,1.5787064969416462,43,0.9532845325394906,2,0,1.5787064969416462,0.9532845325394906,0.0020744179598105373
3.387023398111767,2.0574175231777425,4.188695408653485,0.2673071622195867,-3.711313300597217,-4.027280488641001,1.079190035708861,54.45246463683033,62.7284644620379,4.7921433365246715,-12.52492724770009,3.7746660644387906,-0.00040212076444006887,0.006198595177534784,1543.64,5766.058929279592,19459.461396254996,141,B0030,38,1.570705516096967,43,0.9484532283679088,1,0,1.570705516096967,0.9484532283679088,0.0019685254267980843
3.3870565445350174,2.068863283525511,4.18874384592953,0.26658777712071724,-3.709186360280257,-4.027633935183195,1.0823350102432165,54.41109814733754,62.69299470731855,4.795547278460239,-12.516850098816436,3.7835026360802746,-0.0004009163904039555,0.006152791384827254,1536.781,5737.601967110639,19362.537275281113,140,B0030,39,1.562780404428482,43,0.9436677369628562,0,0,1.562780404428482,0.9436677369628562,0.004366540199719759
3.3729664490249562,2.4944372580491163,4.116561748956975,0.21749863413149423,-3.8333672232532003,-3.976879354793832,0.7356761461815012,52.655011353024406,60.84632469517393,4.743171702128677,-12.91496488642226,2.6016497764380375,-0.0005570068615599092,0.00393785744947412,1572.359,6056.630274703608,20405.519646972767,169,B0031,0,1.6666751942525773,43,1.0,39,0,1.6666751942525773,1.0,-0.0
3.410655663961355,2.470379105199965,4.206499027366964,0.23755748185828823,-3.8451016770532584,-3.977675278876834,0.7058813577292086,53.97231092767106,61.81769411336386,4.474882374701079,-13.102247312540346,2.55833664342748,-0.0005516199025108303,0.0038448934294242395,1723.281,6655.786205406791,22678.019883386693,184,B0031,1,1.8328583629543171,43,1.0997093910528049,38,0,1.8328583629543171,1.0997093910528049,-0.16618316870173988
3.411724207737072,2.432998201540817,4.206542652746716,0.2414848439345273,-3.8650342644443447,-3.977818121218368,0.651360474580357,53.99108510894419,61.82805706187581,4.4896127002799675,-13.17068490877972,2.3908410003445786,-0.0005673257423111564,0.004018448578930636,1705.906,6625.844772809722,22576.317515334726,181,B0031,2,1.8139835002945135,43,1.0883845314011509,37,0,1.8139835002945135,1.0883845314011509,-0.07365415302096812
3.414079984476593,2.455290559392926,4.206636701109276,0.23960043671171902,-3.863745544431601,-3.977299190367607,0.6548486442885432,53.996608338848425,61.95644236061217,4.496166419635265,-13.1741298406521,2.4005684750328657,-0.0005580418611073132,0.00399999705928356,1697.688,6592.045573190642,22474.693394793547,179,B0031,3,1.8044387333514835,43,1.0826577005369582,36,0,1.8044387333514835,1.0826577005369582,-0.04592117969963542
3.412679097550016,2.379788594335936,4.206755471453542,0.24672701922318055,-3.8849374979545646,-3.978022092833197,0.5906635848134668,53.954262670522155,62.099570509363424,4.475950999186677,-13.237455236890678,2.209188102858931,-0.0005958997714380178,0.004233536657711256,1686.094,6584.730762976572,22433.34709535801,177,B0031,4,1.802147684291295,43,1.0812830781341716,35,0,1.802147684291295,1.0812830781341716,-0.03386812250967941
3.3963237722822415,2.3704531055353044,4.172458299789621,0.24232674193593404,-3.8380587255136756,-3.9767159781784978,0.7231340120416078,53.973288387308486,62.03750729435005,4.559107725472326,-13.026092149474545,2.609872806543687,-0.0005687162979235316,0.0041409965780385615,1678.563,6475.064039178376,21974.646925300982,175,B0031,5,1.7715647509798835,43,1.062933412034337,34,0,1.7715647509798835,1.062933412034337,-0.020977911345461252
3.4200798093339357,2.479852487101495,4.2067410088524975,0.2377767699417258,-3.906047424985772,-3.977184383768344,0.5171832561580818,53.88993125496473,61.84294867967338,4.43511796876671,-13.331138471154524,1.970915540290511,-0.0004968021810189063,0.005252210215524639,1677.469,6589.331919579057,22486.818537477666,174,B0031,6,1.8139928165779544,43,1.0883901211426152,33,0,1.8139928165779544,1.0883901211426152,0.003773109275272546
3.4200087266691894,2.4765516954388933,4.2068100656143335,0.2384974974496156,-3.905358988025778,-3.977097467401381,0.5204998603595957,53.87262295937195,61.8379476525885,4.44132391682748,-13.327983211011029,1.9825282544632514,-0.0004970852436311699,0.005312399918352844,1666.093,6543.85931904274,22331.003807481105,172,B0031,7,1.8013261041198854,43,1.0807901325535072,32,0,1.8013261041198854,1.0807901325535072,0.0025314792349256264
3.417702003194436,2.359674470455269,4.206952621072369,0.24774265680927673,-3.9279761474648427,-3.976862231789001,0.4284825671946921,53.81893583109196,61.84646585876763,4.4207705140407345,-13.387824697593222,1.7281510749280744,-0.0011260238618930587,0.0025605166169262706,1654.328,6517.3966226179555,22230.858597235998,170,B0031,8,1.7883722583933568,43,1.0730178648847983,31,0,1.7883722583933568,1.0730178648847983,0.0032132949916253485
3.420480701190782,2.4195090802038206,4.206832562039922,0.2423295482773346,-3.9274541286439484,-3.97911043245712,0.43099178692037116,53.82033376097016,61.76013798618494,4.430478919432541,-13.396623653434935,1.7239305022843046,-0.0010982632944461159,0.0024844859141024355,1643.812,6475.630760636381,22105.52330974749,168,B0031,9,1.776540165737316,43,1.0659186456146952,30,0,1.776540165737316,1.0659186456146952,0.00512150371079576
3.4123332615490005,2.3489668209281325,4.193946956737359,0.24694692964167142,-3.927239655425038,-3.978347529374349,0.43094454557558537,53.821133604090825,61.91960614794014,4.4574815253024935,-13.364121988106247,1.7315385976476194,-0.0011275227777905218,0.002570379306728716,1652.266,6508.374797011911,22165.514396150742,168,B0031,10,1.7856209131823229,43,1.0713670662045744,29,0,1.7856209131823229,1.0713670662045744,-0.0028112324404878652
3.420910074120947,2.399709439291441,4.206655556995042,0.24390145594864507,-3.9268971976071376,-3.9771521389968303,0.43219655346650476,53.81794815350033,61.86471031425517,4.425873361782119,-13.396184918477497,1.7306618291122748,-0.0011066750745094987,0.0025127555314186137,1648.672,6494.066539221572,22170.658317404068,167,B0031,11,1.781363403668594,43,1.0688125735665304,28,0,1.781363403668594,1.0688125735665304,0.0065258825818721
3.4216539858581876,2.4168059304515817,4.207198543313955,0.24266752290769733,-3.926457770086078,-3.977691809263504,0.4348771886283631,53.80194299620242,61.77393480386064,4.431219066282664,-13.397190577159638,1.7358615257773033,-0.0011040977703474122,0.002499036052632901,1636.969,6448.0722117869755,22018.023798740585,165,B0031,12,1.768489838397124,43,1.0610884739244022,27,0,1.768489838397124,1.0610884739244022,0.006567253144552287
3.423749066677016,2.471072287476068,4.206978754188053,0.23851363263886727,-3.925817080441477,-3.977537552103438,0.4373421723480279,53.75880729814269,61.64539051089847,4.430395321658081,-13.402887464606108,1.7344422614777364,-0.0010767744501806885,0.002396620140864063,1625.187,6400.839278036157,21868.49435755745,163,B0031,13,1.766505238291406,43,1.0598977199535256,26,0,1.766505238291406,1.0598977199535256,0.0043734040203901705
3.4209893105313918,2.404447263605832,4.20675228195214,0.244119038533075,-3.9255513820662964,-3.978111649265431,0.4386130848293259,53.78850848662172,61.88870329111738,4.445355764313558,-13.39074358840894,1.74855348925068,-0.0011220164169951708,0.002532027132640978,1622.016,6388.2844970841015,21809.553190464598,162,B0031,14,1.751740527921767,43,1.0510389390581514,25,0,1.751740527921767,1.0510389390581514,0.004959927563109812
3.40095456627701,2.405938768821008,4.168980783747018,0.23926820043278618,-3.852591436358121,-3.977751186219502,0.6851527425207342,53.8368863785077,61.98674236534618,4.531421372374137,-13.086207980972075,2.4857473643423598,-0.0005630947140835005,0.004070148989481185,1638.422,6349.2970590317245,21565.552591710297,163,B0031,15,1.7352349314055016,43,1.041135631819174,24,0,1.7352349314055016,1.041135631819174,0.010077196355364259
3.421591713831319,2.386904670931757,4.207227268504839,0.24540500508907914,-3.925749357747081,-3.97681234987642,0.43731416676494134,53.773379186088945,61.73655452780071,4.412789089352231,-13.394051937483486,1.7483142480928227,-0.0011160376167823802,0.0025325361137035467,1646.438,6485.00156940972,22143.765830560165,163,B0031,16,1.7782778274549178,43,1.066961237310782,23,0,1.7782778274549178,1.066961237310782,0.0006171152427352222
3.420573981542695,2.365034266156857,4.207303258469689,0.2473722961611701,-3.9249912249362797,-3.976912066880602,0.4400359820496345,53.77386924606414,61.82230520583519,4.425069489468182,-13.38689664179503,1.7593771889145569,-0.0011379221347061522,0.002593169184923965,1634.765,6438.032431955217,21976.518419357282,161,B0031,17,1.7649894859707391,43,1.0589882732143565,22,0,1.7649894859707391,1.0589882732143565,0.0007000704852769601
3.422624599533156,2.4186775515647607,4.207353806036226,0.24307326325060008,-3.9244475102493666,-3.978688647773789,0.4429395647786454,53.754659591825344,61.70265737807168,4.42821664494481,-13.39269775710404,1.7590629406003666,-0.0011149114293437133,0.002515685836211796,1622.016,6387.6053033768,21815.487860124278,159,B0031,18,1.762591283533551,43,1.057549359114322,21,0,1.762591283533551,1.057549359114322,0.0007827909515709663
3.4201177255120836,2.360775838409723,4.206667054740019,0.247709113214043,-3.9241185399534726,-3.97903376287443,0.4442069947859374,53.766677549195336,61.83339482415222,4.450134662986822,-13.381381412282035,1.7714015444439917,-0.001154227338110179,0.0026368668912781293,1616.25,6364.669313215335,21721.278794910148,158,B0031,19,1.744314576121582,43,1.0465833907750828,20,0,1.744314576121582,1.0465833907750828,0.0014851903600370253
3.4199667649637617,2.4505597087782616,4.198651200144167,0.2394662324335697,-3.924417903030087,-3.9780140451348855,0.44428458461017256,53.731744909320135,61.71886225058171,4.455551923177987,-13.3822336302377,1.7547042937894284,-0.0010868921825367224,0.002418309967189687,1622.218,6388.688971570555,21802.145028246414,158,B0031,20,1.7628373753518478,43,1.057697013449819,19,0,1.7628373753518478,1.057697013449819,-0.005520488789269251
3.4203305433739613,2.3428829070219703,4.207348617133544,0.24933707692159612,-3.9240126202473213,-3.9779736389102816,0.44569798490068663,53.77927288646249,61.9456150656118,4.442714618653604,-13.381561908335353,1.779153673282552,-0.001160670874617752,0.0026544828544314662,1619.656,6378.369199761673,21768.80733749491,157,B0031,21,1.747857930947971,43,1.0487093927931173,18,0,1.747857930947971,1.0487093927931173,0.006083979301389375
3.422863512888695,2.411955819284382,4.2072481474909695,0.24348640243400274,-3.9232971090768873,-3.9784996176795904,0.44854157538195083,53.77940592279519,61.68681561807962,4.459226062383543,-13.388670352747187,1.7753668094270796,-0.0011307232340079672,0.0025587464382196496,1605.484,6321.905766474551,21590.55984200075,155,B0031,22,1.7441167338864991,43,1.046464686041392,17,0,1.7441167338864991,1.046464686041392,0.004174550416848
3.4198002859215846,2.3413222526109294,4.207149488755062,0.24952110311648557,-3.92291737914847,-3.978808047093823,0.4498440540726831,53.7498055148608,61.72142337926525,4.445923216095667,-13.37500612801881,1.7908872887318876,-0.0011800856292603912,0.0027151164246416223,1600.75,6302.911460512492,21507.437680346873,154,B0031,23,1.7268422932817389,43,1.0361000747096039,16,0,1.7268422932817389,1.0361000747096039,0.007149798050362444
3.4194705619732524,2.328244465576847,4.2072173595407625,0.2502135177343609,-3.9226738819129343,-3.9775428897202,0.45138582573243896,53.75572683773813,61.922368397426354,4.465784973664955,-13.372533659492628,1.7962034007959198,-0.0011885170297084296,0.0027475968736814997,1595.0,6280.067771571885,21426.01804370607,153,B0031,24,1.7203093493042263,43,1.0321803283786806,15,0,1.7203093493042263,1.0321803283786806,0.004801045363471123
3.4145994489347067,2.318164845471509,4.196145238330935,0.24996216491727444,-3.9229572377699213,-3.9805743604314334,0.4497117288117621,53.754287656200816,61.87504931919781,4.4613794652582905,-13.35503671055301,1.7898515356712612,-0.0011753924767068237,0.00270474858348445,1612.422,6349.21514492285,21632.79078450697,154,B0031,25,1.7394245516699778,43,1.0436493911160807,14,0,1.7394245516699778,1.0436493911160807,0.004682564736374006
3.4248774653161553,2.4548236850102603,4.2069462617112805,0.24006075503282023,-3.922700094183036,-3.979162923764102,0.4528817383656795,53.711431807207,61.49120341342234,4.428087647366238,-13.393871764247619,1.7811908148660864,-0.001103088795058913,0.0024591844702473798,1598.969,6296.150868107181,21513.96196551209,152,B0031,26,1.7367384416372014,43,1.042037733342545,13,0,1.7367384416372014,1.042037733342545,0.002223897862153912
3.420974185160828,2.3584309858697914,4.207372373768093,0.24793526941555444,-3.9220779649294735,-3.978306860506898,0.45420958748918727,53.69342764953342,61.70751319442212,4.4528429304938895,-13.375915337843391,1.799468179302673,-0.0011745085103779212,0.002700382671854349,1592.187,6268.6766261713765,21396.573104771178,151,B0031,27,1.716963468448543,43,1.030172810136841,12,0,1.716963468448543,1.030172810136841,0.005430653087591208
3.4245085053170605,2.4660401403368404,4.206841499612997,0.23942500939927958,-3.9213702793706045,-3.977319747335911,0.4574671448339746,53.61958378565316,61.49432037699378,4.4245673040267555,-13.386983782690391,1.7922655665240252,-0.001111857285852222,0.002471418459132344,1577.484,6210.283109856462,21216.548158877667,149,B0031,28,1.7127773558366357,43,1.0276611554207076,11,0,1.7127773558366357,1.0276611554207076,0.002812987489020635
3.423217374797564,2.442554361335084,4.207073830058116,0.24145035865262604,-3.9210732675731483,-3.978351078081253,0.4587734339468889,53.633628437869824,61.505904797603456,4.434836981667208,-13.380631341438962,1.7998395550928126,-0.0011330089157398006,0.0025322732190827964,1571.547,6186.259980892921,21127.927786820466,148,B0031,29,1.7061083466554066,43,1.0236597703852628,10,0,1.7061083466554066,1.0236597703852628,0.0028402005297639477
3.4217612690112014,2.455972935605985,4.202288246181564,0.2397986354800891,-3.9208447863377685,-3.977915936469046,0.4589196598908102,53.64298219337473,61.58650298757853,4.459580607632521,-13.374248201875252,1.796233526808671,-0.001115535116825115,0.0024812653996754415,1578.484,6213.869609330955,21212.330285677308,148,B0031,30,1.713732696207521,43,1.0282343567104248,9,0,1.713732696207521,1.0282343567104248,0.005138371092491356
3.420095731247544,2.3451886335989784,4.2068098855652165,0.24926698390025234,-3.9207501433470915,-3.979004823352766,0.46039866668811585,53.640194623026446,61.66803036509911,4.441974480918901,-13.36684830557995,1.8197195973807956,-0.0011966764557010227,0.0027610966809159926,1574.469,6198.100304162006,21148.794802240227,147,B0031,31,1.7093475797926974,43,1.0256033003234661,8,0,1.7093475797926974,1.0256033003234661,0.005478172368900802
3.418207639268387,2.3048157078228537,4.207132897125494,0.25252984643799004,-3.9202672088226542,-3.978994022429637,0.461656904023879,53.65373339276206,61.83745125268187,4.466929037648206,-13.357425534128746,1.8291321639151796,-0.0012293947897101826,0.0028780007504837493,1568.281,6173.271786249026,21052.508313906856,146,B0031,32,1.690100045411559,43,1.014054838783082,7,0,1.690100045411559,1.014054838783082,0.0053726846073968385
3.4190055604969225,2.327904771892418,4.207018144824621,0.2500873473084281,-3.919741625648533,-3.977360849056161,0.46338239288956484,53.65355338521763,61.7791359328034,4.4687000652633175,-13.358424552555535,1.8286268498941054,-0.001219185496966597,0.0028526665861039195,1561.422,6145.780044331237,20962.221558316836,145,B0031,33,1.6946883343387664,43,1.0168077980537484,6,0,1.6946883343387664,1.0168077980537484,0.0036178042995738567
3.4200180230564365,2.3672431402232186,4.206967994384534,0.24708603604867346,-3.9196997597664827,-3.98157731389867,0.4648516404500312,53.647830742878845,61.63755727730526,4.471578549619915,-13.362039239420334,1.8267377278582744,-0.0011998138678125567,0.0027779234183392338,1554.234,6117.873232538181,20873.206873322684,144,B0031,34,1.687010991299212,43,1.012201415798808,5,0,1.687010991299212,1.012201415798808,0.0038194710712389224
3.41552953622903,2.32931910043758,4.198742074510769,0.24925617916495926,-3.919678832661814,-3.978371819312698,0.4634531213582291,53.654715008055895,61.76541153453152,4.495496567436377,-13.344878439622628,1.8263836968462537,-0.001203945901660613,0.0028003605085508646,1573.734,6194.4422577955875,21108.3497752252,145,B0031,35,1.6957069027070075,43,1.0174189359477745,4,0,1.6957069027070075,1.0174189359477745,0.0036051587001026952
3.4189014427486333,2.313616978242905,4.206906802432806,0.25135915544880433,-3.9194105864839486,-3.979278165023497,0.46518559396202686,53.66098543950281,61.71412204720752,4.47760964141225,-13.35660076269784,1.8367225040011372,-0.0012268717773087627,0.002887767010608022,1566.578,6165.987300040908,21031.79723810001,144,B0031,36,1.687696889615565,43,1.0126129526829701,3,0,1.687696889615565,1.0126129526829701,0.004330138035426456
3.423353784322714,2.464103908062826,4.20664698001037,0.2400092723677224,-3.9186527397651205,-3.979799695817293,0.46827760409978825,53.59867010741405,61.46370523914892,4.470293554955565,-13.371188694662177,1.8239727634889178,-0.0011355036577815106,0.0025291242865418916,1550.047,6100.195053781808,20832.263110449607,142,B0031,37,1.6819617127259294,43,1.0091718641556955,2,0,1.6819617127259294,1.0091718641556955,0.0016276665371258935
3.4227287920309317,2.450218643464606,4.206935457661614,0.24118514977564678,-3.9185184747583235,-3.978467204430153,0.469981492660764,53.628910349751585,61.45868723262231,4.462652690502545,-13.367826324788307,1.830333572817157,-0.0011508480083222096,0.002581018011631337,1543.64,6075.319609210988,20741.989455197123,141,B0031,38,1.6750033888978846,43,1.0049968912203329,1,0,1.6750033888978846,1.0049968912203329,0.003936989088176368
3.422760457985402,2.4650879684691613,4.207096999865798,0.24032728010684978,-3.918145386509849,-3.9775318525247543,0.4716606612624063,53.61379694880726,61.44540062417477,4.456850040131781,-13.366320553483908,1.8330663942754053,-0.0011436083972972075,0.00253916979162683,1536.781,6047.703052645613,20647.59159346595,140,B0031,39,1.6672987794846676,43,1.0003741492249005,0,0,1.6672987794846676,1.0003741492249005,0.00394244236290886
3.31356881404843,2.62709691854036,4.087016142066692,0.20452766863624255,-3.895034492956119,-3.994111633376854,0.6062495623875361,52.14812251926887,59.47600707924567,4.149810269578739,-12.874216909962579,2.1364297210932497,-0.0005010634294282629,0.0038727149646481194,1572.359,6156.964160941814,20348.94620466456,169,B0032,0,1.704864107351214,43,1.0,39,0,1.704864107351214,1.0,-0.0
3.360932103985418,2.6672646952717707,4.187844886919987,0.22169521731322211,-3.9466385151298375,-3.993584927278223,0.4138555899936466,53.49862731805315,60.121290886265,3.9556294142601036,-13.228506325215784,1.6084975607874854,-0.0008691004031011331,0.0020233472446466007,1723.281,6818.530394321988,22863.63909830345,184,B0032,1,1.8940319526948568,43,1.1109577265002932,38,0,1.8940319526948568,1.1109577265002932,-0.18916784534364273
3.362818742242725,2.653980741191812,4.187701456265651,0.2244601061857667,-3.9459503925460986,-3.994420868734206,0.4170285831915816,53.56355547229223,60.28987126771494,3.998326922288966,-13.23307629875798,1.6232099027327342,-0.0008866308672590348,0.002026918755031131,1705.906,6749.192210601242,22643.757710805796,181,B0032,2,1.8747686491853093,43,1.0996587007149032,37,0,1.8747686491853093,1.0996587007149032,-0.0849522709170476
3.3620666570592657,2.614778884516638,4.187956631748198,0.22782841501899884,-3.945374357087773,-3.992737735565066,0.41932851863504417,53.636497641934646,60.57061862772471,4.058052066484387,-13.227773310608587,1.6368573532722277,-0.0009178012018596255,0.002091524794017725,1697.688,6715.814719523686,22526.95243318314,179,B0032,3,1.8654947184112376,43,1.0942190115724764,36,0,1.8654947184112376,1.0942190115724764,-0.05354353702000784
3.362352506750974,2.611753951946988,4.187837270519941,0.228301558997688,-3.9451013111259323,-3.99486611628056,0.42177585735885026,53.66821955000141,60.44487262242978,4.070546872621436,-13.22761165585701,1.645015855108482,-0.0009257566405992355,0.002097166075305041,1686.094,6669.864046897158,22374.133522477205,177,B0032,4,1.8527398169018068,43,1.0867375346298667,35,0,1.8527398169018068,1.0867375346298667,-0.036968927387648176
3.3539141264171213,2.6899647104301128,4.176580463554566,0.22378066726755516,-3.9441329415172497,-3.994312241610504,0.4241674436388373,53.78514931831166,60.80514996345169,4.141305888228838,-13.19070985350108,1.6382312697997976,-0.000872999511656308,0.001990006068846798,1678.563,6639.028147271409,22213.277642353565,175,B0032,5,1.844174397003866,43,1.081713427511295,34,0,1.844174397003866,1.081713427511295,-0.02786205793053038
3.359881578137895,2.6352220172441965,4.187717629562103,0.22853511348026836,-3.944073053011351,-3.994189778619774,0.42521020330651255,53.80370465565283,60.79131486140098,4.1235421161859485,-13.213628813481053,1.653141968099273,-0.0009159508790940209,0.0020604508119269507,1677.469,6634.905026339844,22240.453510461964,174,B0032,6,1.8430238477512757,43,1.081038564777292,33,0,1.8430238477512757,1.081038564777292,0.01020162098871622
3.358862190732693,2.616116680441599,4.18755828453692,0.22972940149655902,-3.943421894744355,-3.992661318532081,0.42769998890023836,53.860865202701575,60.82453443905106,4.172830103671872,-13.206926526921512,1.6619701544502754,-0.0009341650969242794,0.0020870673549413634,1666.093,6589.026597409154,22079.99931913602,172,B0032,7,1.8302818174911863,43,1.073564637556262,32,0,1.8302818174911863,1.073564637556262,0.008897366338824587
3.3601097902247443,2.637757551280405,4.1878149871796655,0.228214349516288,-3.9431707154426756,-3.9925014219671766,0.4298702526473072,53.86937461780675,60.93844327722512,4.179658209186296,-13.210622615070015,1.6647450167227038,-0.0009258658514509988,0.002057203178401055,1654.328,6542.581844189453,21931.059056872615,170,B0032,8,1.8173838456081812,43,1.065999241682544,31,0,1.8173838456081812,1.065999241682544,0.009622174560611273
3.3601434422461938,2.6425811435343314,4.187881479812432,0.22814223515820836,-3.9427909793014866,-3.994253875500499,0.43262966690585064,53.919241142689074,61.056928797496845,4.202638094863233,-13.209005431602892,1.6723232572947506,-0.0009310335253423975,0.0020738294025195135,1643.812,6500.904169209945,21791.372022026862,168,B0032,9,1.805799298110468,43,1.0592042440943128,30,0,1.805799298110468,1.0592042440943128,0.009388103758267752
3.355149818972587,2.6868552360676885,4.180429711622443,0.225200327440381,-3.942681377393959,-3.993279981032099,0.4325705469344236,54.04736439027928,61.26264235870029,4.276230082557914,-13.189098946472686,1.6643801349097878,-0.0008910211459249325,0.0019892818885298594,1652.266,6533.938657817707,21868.57311183007,168,B0032,10,1.8149829605049184,43,1.0645909856855347,29,0,1.8149829605049184,1.0645909856855347,0.005838287299789524
3.3593418283288132,2.6740516269543457,4.187435297570574,0.22621676661376752,-3.9184845032163937,-3.9928213513263473,0.5298323872670793,54.07432799473692,61.30909593373104,4.283279898349425,-13.126196833091097,1.9574085492326192,-0.00037534650352151255,0.005236312092978351,1648.672,6498.988022866515,21768.600164601477,167,B0032,11,1.7995150369321795,43,1.0555181666226883,28,0,1.7995150369321795,1.0555181666226883,0.008701762163819238
3.3586297517355432,2.6712280977184064,4.187467933100937,0.22626930109723967,-3.9177419538846427,-3.993630744300512,0.533363258415452,54.13198237630402,61.35860964032413,4.30877843722013,-13.120407181033542,1.9672575876145169,-0.0003809571331180826,0.005240912994611934,1636.969,6452.7679624322645,21608.820983563863,165,B0032,12,1.7866516942518147,43,1.0479730827506664,27,0,1.7866516942518147,1.0479730827506664,0.008726024647874331
3.3590704748251823,2.6834486699239664,4.187491241001438,0.225891004772022,-3.916992039332035,-3.993304107752517,0.5363545753412592,54.1706485784692,61.48218876912336,4.343798786964841,-13.118991021367814,1.9755809940584068,-0.0003748957483295484,0.005249883794939172,1625.187,6405.622437505062,21452.166921875574,163,B0032,13,1.7735550719416031,43,1.040291167075546,26,0,1.7735550719416031,1.040291167075546,0.008765754733315622
3.3579238322389635,2.670098200587867,4.1874322769983605,0.22694144471512193,-3.9165301686540293,-3.994079719933211,0.5379819477479437,54.230275057026425,61.55806089309812,4.368203139516428,-13.112912531826769,1.9815756871517352,-0.0003786691411941381,0.005269895984024985,1622.016,6392.880778235731,21402.997629488913,162,B0032,14,1.769995333364443,43,1.038203177445281,25,0,1.769995333364443,1.038203177445281,0.007160792949205019
3.346388148340216,2.6512994484308834,4.174276691190384,0.2284622597202136,-3.941133829882486,-3.993967806204527,0.43939862403698127,54.344649105313806,61.75555924618304,4.419028878739511,-13.147984390404075,1.686277227560501,-0.0009134128065299321,0.0020002119087500995,1638.422,6478.297250404023,21623.766745755427,163,B0032,15,1.799526080374287,43,1.0555246442311146,24,0,1.799526080374287,1.0555246442311146,0.0030913760261262802
3.3534652549262995,2.625703438629486,4.186860433427951,0.23108116515835692,-3.9168961856121998,-3.994597299462833,0.5363401354622882,54.34024033975075,61.788148736083365,4.399576875277684,-13.09704601458589,1.9820313719064817,-0.00037621958017178134,0.005413754801979489,1646.438,6489.785796190182,21698.58436739185,163,B0032,16,1.7968530684449833,43,1.053956770335607,23,0,1.7968530684449833,1.053956770335607,0.0005323936974392484
3.3539379658636705,2.6363985091733704,4.187242083144707,0.22973665731317067,-3.9161279657117896,-3.99403993642454,0.5394439599218488,54.383818324015124,62.026796878552666,4.437399140874225,-13.095792617583035,1.988818321221636,-0.00037489669660166166,0.005375850096648847,1634.765,6442.963356603812,21544.226165286498,161,B0032,17,1.7838265504081745,43,1.046315974813759,22,0,1.7838265504081745,1.046315974813759,0.0005650287687280376
3.352033498067153,2.6091385279000474,4.187348698823322,0.23267116646210106,-3.9150746408037618,-3.996695123471853,0.5428785299577575,54.44223460892958,62.05922080379437,4.473173426445594,-13.084513946249682,2.0026675476537035,-0.0003859554920434045,0.005499134682014953,1622.016,6391.9560947502605,21360.091812138362,159,B0032,18,1.7696444491040102,43,1.0379973638212392,21,0,1.7696444491040102,1.0379973638212392,0.0007821245675185828
3.356088193037498,2.6928273258727597,4.187458308694366,0.22555180494751256,-3.8893700702054987,-3.996085886074777,0.626553438030082,54.47793957059441,61.81678431928173,4.48945628227521,-13.012421819573975,2.250040092645451,-0.0004678830902552248,0.0038195983665979417,1616.25,6326.058219073755,21163.32189002406,158,B0032,19,1.7512940457049684,43,1.0272338059987027,20,0,1.7512940457049684,1.0272338059987027,0.003740257531894908
3.3485978246821815,2.6580053475407666,4.18032452902128,0.22890081291649922,-3.914545791564824,-3.9941183811183705,0.5446731369929253,54.52288431969187,62.13034562682843,4.529287532828512,-13.068142536079673,1.9996132424008017,-0.00036053171015741923,0.005387267614518656,1622.218,6392.453394750388,21338.308114338233,158,B0032,20,1.7697554297961993,43,1.0380624603246558,19,0,1.7697554297961993,1.0380624603246558,0.00595413011561754
3.350888760453381,2.622656733898926,4.187278944270903,0.2314981293105455,-3.888729603382459,-3.99420296582248,0.6284546357773587,54.63737439274004,62.20855323363066,4.553502479377023,-12.991062696845058,2.2618369828955434,-0.00047882091605811936,0.00397100294847432,1619.656,6338.813778660715,21174.093790299048,157,B0032,21,1.7547726933914918,43,1.029274231198297,18,0,1.7547726933914918,1.029274231198297,0.008416075010698298
3.351949039148667,2.6579673401898325,4.186871482774904,0.22905522079179735,-3.887437874711392,-3.994207676123932,0.6323585344261966,54.626766126568995,62.27936068413306,4.558791966111051,-12.98950803337232,2.270296639951909,-0.00048340209297620726,0.0038679911217089843,1605.484,6281.951294986794,20988.564422042815,155,B0032,22,1.7389166355812984,43,1.0199737492761172,17,0,1.7389166355812984,1.0199737492761172,0.008981982965375224
3.349297591300232,2.62449780009349,4.187368946542894,0.23164163609116734,-3.8867994146602536,-3.993823239825288,0.634185003524004,54.64310926864166,62.40536913200032,4.571540971860239,-12.977523045069937,2.2781443509181383,-0.0004837830288582421,0.003985653094687921,1600.75,6263.116367560075,20909.70097677107,154,B0032,23,1.7337200518764075,43,1.0169256566554303,16,0,1.7337200518764075,1.0169256566554303,0.007184879445520531
3.351231111091802,2.6693549937573904,4.187171328295389,0.22838174102756262,-3.8600791350059627,-3.994754622163221,0.7092989864835463,54.70581681215588,62.21600779378832,4.622676531864626,-12.892297791078905,2.5089694269224965,-0.0004476876774096897,0.00389283279400685,1595.0,6196.1423310709015,20692.708141380393,153,B0032,24,1.7150972597500092,43,1.0060023273143417,15,0,1.7150972597500092,1.0060023273143417,0.0072393571909918466
3.3435018088780115,2.6245992054256915,4.179483481777926,0.23188011263330344,-3.8867131837578937,-3.993552154297252,0.6343682245846062,54.73634803491553,62.6157960112704,4.633316986079548,-12.954064710600685,2.275322964602063,-0.00046810003194424775,0.0039909021642266776,1612.422,6308.559292743319,21023.891555625647,154,B0032,25,1.7462926148815636,43,1.0243001816694444,14,0,1.7462926148815636,1.0243001816694444,0.0046925629829271285
3.3521161040604457,2.682984874071112,4.187057003834118,0.2281955055249643,-3.859329219112499,-3.995086500261385,0.7114746219330226,54.729006905014316,62.26360588854172,4.629504222852057,-12.891864282262143,2.5154244417487335,-0.0004450837579550631,0.0038598859490798763,1598.969,6210.968502523198,20746.388321867867,152,B0032,26,1.719149261914565,43,1.0083790576045062,13,0,1.719149261914565,1.0083790576045062,0.007124686295385363
3.3500497479561155,2.6671246169170018,4.186996418231206,0.22906533166296844,-3.858428126429743,-3.9949368262887295,0.7139705872476033,54.73589338579687,62.42580063958537,4.6383415823846095,-12.881351546388027,2.5232283342523116,-0.0004507348388453358,0.0038886976562430633,1592.187,6183.745995100948,20643.389796064504,151,B0032,27,1.711582246191498,43,1.0039405714574645,12,0,1.711582246191498,1.0039405714574645,0.005466877877960075
3.346822633241171,2.6334454972272856,4.187162136817356,0.2331580798393388,-3.8566873181204584,-3.9949029619473433,0.718480479454483,54.73540508711326,62.5594040849182,4.669406247322092,-12.863144749630806,2.5405410092014007,-0.0004582272730490903,0.004007649894294005,1577.484,6124.509176547626,20425.367254691984,149,B0032,28,1.69510511952259,43,0.994275797240059,11,0,1.69510511952259,0.994275797240059,0.0077229864707635265
3.3445668126766406,2.6133538721871226,4.187124475593186,0.23431776193396303,-3.8827695760741974,-3.99441842582716,0.6467176108875095,54.74865999209295,62.582629376324434,4.688466064453157,-12.943727171771497,2.316626290631073,-0.0004929216088975894,0.003999868296892058,1571.547,6144.152959236528,20481.34221269674,148,B0032,29,1.7005124371100973,43,0.9974474972976715,10,0,1.7005124371100973,0.9974474972976715,0.00291696452798238
3.3426166901503263,2.647938106735209,4.181856074494181,0.23099358422181585,-3.882600911283088,-3.9933943376990633,0.6468797246835731,54.78747299373422,62.57090441669303,4.707338660566392,-12.934486237627999,2.310581728783108,-0.0004807214710113601,0.0038935566968103168,1578.484,6171.690281014089,20558.652250712534,148,B0032,30,1.7080989351250158,43,1.0018974109196466,9,0,1.7080989351250158,1.0018974109196466,0.007638735951309572
3.34732439121854,2.6715941703662405,4.18690867607217,0.2296724446740591,-3.854937565206465,-3.994505933062156,0.7231480544354428,54.781382520592445,62.42898686923908,4.684345274435013,-12.857296675071403,2.5497849034423385,-0.000445469367961909,0.0039001583537653832,1574.469,6111.484587311057,20381.578044356305,147,B0032,31,1.691435430587127,43,0.9921233154559452,8,0,1.691435430587127,0.9921233154559452,0.005542766265487576
3.3453547357724522,2.646261496806368,4.186886051758731,0.23197903726383592,-3.854046236326502,-3.9949900066471686,0.7254389116373965,54.78435229628446,62.43152363917722,4.703905916052175,-12.847254587109186,2.558613154192118,-0.0004534611299625591,0.003936548957340603,1568.281,6086.451918179298,20286.633808910403,146,B0032,32,1.6844494328889932,43,0.98802562950666,7,0,1.6844494328889932,0.98802562950666,0.005426562660500967
3.346646262078225,2.6718636231921065,4.186961283097403,0.23096871860777882,-3.825515955469031,-3.9944555852207273,0.7944512375056753,54.845012944023324,62.5729328576623,4.744943963006639,-12.75214664130054,2.775262566669639,-0.00043568948462319017,0.0038866288116482382,1561.422,6013.125739680918,20043.05246122618,145,B0032,33,1.664037581688075,43,0.9760529150170393,6,0,1.664037581688075,0.9760529150170393,0.006213507566902976
3.3430379418002483,2.6372752376377897,4.186797536056034,0.23353661215133908,-3.852185223644289,-3.994950149647624,0.7300350859643504,54.84412055277582,62.57967644827836,4.742840893719729,-12.831761163150086,2.5729747850803135,-0.0004638519600112487,0.003936428709093465,1554.234,6029.79606224967,20083.51699023212,144,B0032,34,1.6686372014231974,43,0.9787508542341823,5,0,1.6686372014231974,0.9787508542341823,0.006375047137379975
3.3373798184076695,2.6027515790201994,4.180871809929545,0.2357792705220493,-3.8529024760904163,-3.9939090960595336,0.7278052282550443,54.916794359881244,62.96996562520999,4.797613602886495,-12.813130010824406,2.5656937666392685,-0.0004585719257977257,0.004019976505161039,1573.734,6106.457714138969,20306.011937822048,145,B0032,35,1.6899344075625968,43,0.9912428798728052,4,0,1.6899344075625968,0.9912428798728052,0.003632905512483786
3.343534769020288,2.634449644633184,4.186876840985748,0.2340608400352541,-3.824369401335111,-3.9956769444125584,0.7974438290573664,54.90429470994109,62.75574288944966,4.779661433479579,-12.73731835297723,2.7864891358942767,-0.00043390101935690344,0.003977389838402308,1566.578,6032.542114335458,20091.22359521003,144,B0032,36,1.669431712846442,43,0.9792168804821505,3,0,1.669431712846442,0.9792168804821505,0.0044007435481370205
3.3406975425250534,2.612265282912701,4.186631058593124,0.23616499362219381,-3.850082677405248,-3.995326411032614,0.7351225864072244,54.85304065526831,62.70443033939053,4.777250475247536,-12.815777046788519,2.5908297288830178,-0.00046642954786584105,0.004007381660960777,1550.047,6011.099649839825,20008.182099965015,142,B0032,37,1.6634226761839213,43,0.9756922378806608,2,0,1.6634226761839213,0.9756922378806608,0.004205351341014385
3.3456376475453258,2.6874948249577777,4.1868719484291095,0.23126533318033354,-3.820950546148158,-3.993341726049872,0.8053590073670002,54.870101858468004,62.46020747529598,4.776480548489035,-12.730081336491589,2.80809150774886,-0.0004345396821934149,0.0038670823232562356,1543.64,5939.913287033856,19788.479100450248,141,B0032,38,1.643615219594737,43,0.9640740352897469,1,0,1.643615219594737,0.9640740352897469,0.004084472418667584
3.33983349960651,2.6076358711453813,4.186758471539941,0.23817340568158474,-3.8197049752589796,-3.992853792791997,0.8080110047762605,54.91521152058179,62.78975435716677,4.807424602637066,-12.706852710661556,2.8212278492833045,-0.00044993575438242805,0.004039669722273547,1536.781,5911.763713558129,19665.444691881254,140,B0032,39,1.6358000873538243,43,0.9594900146588856,0,0,1.6358000873538243,0.9594900146588856,0.0065674228138746125
3.1178767585161347,2.170439265213917,3.854275360971105,0.35320697402700135,-1.9933511025949644,-4.030785980473215,2.011290570089314,38.9583698209689,51.86748080848415,6.998542504742179,-5.567746631643106,5.641990892292114,-0.0002034169387450395,0.006413338684587784,1819.406,3592.3813958775795,10030.359788798309,190,B0034,0,0.7459302957645664,24,1.0,196,0,0.7459302957645664,1.0,-0.0
3.3022762078952894,2.184438966859873,4.185182030297302,0.29095270560176184,-1.9787478556297067,-4.033471908641544,2.0115930732408054,39.10734156415766,53.72590623785784,7.602112655392037,-6.052062044488423,6.181217846700925,-0.00018868733055279796,0.0045857146939850615,3260.531,6356.459087909973,19433.437502534325,338,B0034,1,1.6623217152845853,24,2.2285215183286433,195,0,1.6623217152845853,2.2285215183286433,-0.9163914195200189
3.3294991412960915,2.1716683590197,4.191235610410253,0.30330720073205014,-1.9609699675983692,-4.031968315632961,2.0110447092751382,39.20920805238827,54.1404555915866,7.727062313056407,-6.023201403591079,6.207592678415396,-0.0001766344465401951,0.0046521064494306165,3265.75,6297.996561675613,19336.3791187658,337,B0034,2,1.645087369694532,24,2.205417019573316,194,0,1.645087369694532,2.205417019573316,-0.44957853696498284
3.3493830070987887,2.182463026326082,4.190305001839791,0.3175337824610183,-1.9366251479989427,-4.0317411764982,2.0104750916817524,38.936075977838854,54.22868210799842,7.809521307996784,-5.945896799489581,6.203515286957165,-0.00016778407935591066,0.004750036023134737,3264.109,6211.8624418830905,19064.5163009079,335,B0034,3,1.620729289277574,24,2.1727623860837464,193,0,1.620729289277574,2.1727623860837464,-0.2915996645043359
3.3541317530780055,2.0979416663773915,4.190367874669205,0.3295352415645201,-1.9296993194196932,-4.029531376848962,2.01044252399897,38.60445981652459,54.17641516112459,7.948939111356491,-5.914623951872282,6.1972984008264556,-0.00016226856590049535,0.005064033793263097,3253.531,6167.174813730697,18893.721813441247,332,B0034,4,1.5967402025126003,24,2.1406024283756535,192,0,1.5967402025126003,2.1406024283756535,-0.21270247668700848
3.369692035482086,2.177479814637099,4.18989933406868,0.3574495380209283,-1.8861346839189572,-4.029542744670671,2.007929018593106,37.79484872719341,54.09745559724325,7.8846940565855705,-5.7444024112988865,6.156255256830594,-0.0001558998202693996,0.005151010198491997,3242.578,6007.490648766835,18287.15760342918,329,B0034,5,1.4856500618812698,24,1.9916741152851323,191,0,1.4856500618812698,1.9916741152851323,-0.1479439532233407
3.3729072074215107,2.164719422934807,4.18599771136978,0.35920528819610253,-1.878796746756769,-4.030634355507908,2.007522519843906,37.65277428767197,54.03810589370243,7.9343140501226435,-5.723433661523455,6.157308276045435,-0.00015368343876708403,0.005195279590528498,3234.625,5976.642657442617,18197.24303110365,326,B0034,6,1.4866702197497013,24,1.9930417469180395,190,0,1.4866702197497013,1.9930417469180395,0.035130299106976806
3.376976361461993,2.1685179095920546,4.191866541196004,0.3619329594069503,-1.8723916722187988,-4.030934330051056,2.007042638157947,37.91666092404816,54.56296443841966,7.925520667807914,-5.707615108820511,6.161513701140605,-0.00015540148984869866,0.005224289233793679,3235.36,5951.219706659987,18137.733510860446,325,B0034,7,1.4701330958405268,24,1.9708719490118904,189,0,1.4701330958405268,1.9708719490118904,0.034990854770801064
3.3791099564139215,2.159913301643853,4.18853091556387,0.3650113893190343,-1.8590598981345452,-4.029299173045088,2.006055863446889,37.78228277348195,54.47381276284677,7.899128910446043,-5.663100338826126,6.155842119757488,-0.00014938349683958396,0.005267733423014869,3236.125,5907.417666843012,17991.580579669404,323,B0034,8,1.4565041801019636,24,1.9526009177694956,188,0,1.4565041801019636,1.9526009177694956,0.03284502183512208
3.3845619896694177,2.188985459937614,4.188375692870302,0.36464064498485405,-1.8455810936527006,-4.029734922442523,2.004911395635747,37.58309361555109,54.157190141377896,7.838969355600107,-5.6269050942137655,6.156934508703779,-0.000149092198592814,0.005224135288584713,3230.25,5858.073785934053,17856.916488897266,321,B0034,9,1.4418961035576472,24,1.9330172158776944,187,0,1.4418961035576472,1.9330172158776944,0.030968819790990622
3.383128626739751,2.161327607707136,4.187976084521654,0.3685763210383205,-1.8444812955511094,-4.0302542475084016,2.0048169456823777,37.550522561172464,54.45256615419595,7.88039478206853,-5.617123069845446,6.152072340828698,-0.0001496863398861554,0.005295953636709565,3226.078,5844.5485195706315,17794.657685907303,319,B0034,10,1.4370949588970292,24,1.9265807637214014,186,0,1.4370949588970292,1.9265807637214014,0.009711020596848119
3.386094893398142,2.140456418044363,4.185168395505227,0.36359331253012755,-1.8435378224723704,-4.029309919201132,2.0045744713446263,37.681954258546924,54.20147817586685,7.809600568880003,-5.625709981188553,6.161270496169462,-0.00015048038863135242,0.005334776345436348,3224.5,5838.141749128453,17813.247551802382,317,B0034,11,1.4458703624967404,24,1.9383451385558041,185,0,1.4458703624967404,1.9383451385558041,0.008159971450592173
3.3916477322319585,2.170940246075281,4.187927929507927,0.36285374009968335,-1.8296929439731453,-4.029842368131789,2.003374148132025,37.440274736517715,53.81393710497776,7.740462822152952,-5.589851838420676,6.164175798582545,-0.00015154040566252097,0.00523090044423425,3222.188,5792.469898290112,17693.972483891885,315,B0034,12,1.432104054561837,24,1.9198899182583191,184,0,1.432104054561837,1.9198899182583191,0.007605808255737934
3.3914152987340267,2.153155635587653,4.187886599518975,0.36491451894268895,-1.8286913393639905,-4.029434761163406,2.0033044319453825,37.402773880575964,53.84994246144553,7.7441347995236125,-5.584130611849821,6.162142216876039,-0.0001514774455330413,0.005300786143227899,3216.546000000002,5777.096481963244,17637.66833717721,313,B0034,13,1.426720633302465,24,1.9126728615307138,183,0,1.426720633302465,1.9126728615307138,0.005956709359899737
3.3964131813944722,2.182519668385055,4.186569652343309,0.36260744789276605,-1.8146752424570791,-4.029975280063268,2.0018864430072565,37.26498054251946,53.61278420241196,7.685423474460921,-5.547247692829566,6.162616798539876,-0.00015275545471853423,0.0052143333936202465,3211.859,5725.712980933345,17500.35299139509,311,B0034,14,1.4230846885129826,24,1.9077984854527783,182,0,1.4230846885129826,1.9077984854527783,0.0037622830089329095
3.403051791482094,2.188496149834977,4.186557905906351,0.3528649832203476,-1.8075203268976408,-4.030231906926906,2.0012245696704682,37.570569601089254,53.35590902048553,7.541141201904977,-5.546638854676036,6.179535151426492,-0.00014885676852942825,0.00520098048612095,3215.859,5709.484043526687,17518.071916217552,310,B0034,15,1.4409479522418909,24,1.9317461167935843,181,0,1.4409479522418909,1.9317461167935843,-0.0007705986689723332
3.4002648970649156,2.100542699118501,4.184379902708746,0.3463068470031465,-1.8262934110095792,-4.030240820244685,2.0031040599162235,38.400250729227935,53.83102716771526,7.4949666659596135,-5.618776244732624,6.200207486105554,-0.00014712907653414588,0.005329535358187265,3225.125,5795.861577172715,17830.210877004392,309,B0034,16,1.486901544051865,24,1.9933518620902977,180,0,1.486901544051865,1.9933518620902977,-0.008206236311024906
3.402154252869035,2.112961645498256,4.187835929449723,0.3360252302640339,-1.8395285698527164,-4.029885277518154,2.004389438584675,39.102942991019354,53.994059646351175,7.330332828238959,-5.68388905662216,6.227604617774206,-0.00015196307281965162,0.005135577746897344,3234.343,5848.527086346994,18070.38460236194,309,B0034,17,1.5245313226850703,24,2.043798638212503,179,0,1.5245313226850703,2.043798638212503,-0.018485453624646642
3.407206655670774,2.1659225933828385,4.187676357576053,0.3469073981898767,-1.8047483945772262,-4.030097149456043,2.0010460825464045,37.80351021576893,53.39429065914855,7.484013812624644,-5.554121725812716,6.194802528164539,-0.00014792859848318678,0.005179482425395386,3218.25,5711.773748881615,17576.57172103698,306,B0034,18,1.4629049605190707,24,1.961181854156516,178,0,1.4629049605190707,1.961181854156516,-0.007236865443321161
3.404574250610661,2.148786443036186,4.186173516948595,0.3568617765224086,-1.7959916493195849,-4.02996569432633,2.000003228830965,37.356060000664904,53.38470633939791,7.590898754680649,-5.505971259768071,6.17177737704871,-0.00014863723004170318,0.005299983981773994,3203.5,5656.057725321192,17337.67238338253,303,B0034,19,1.423079450854989,24,1.9077914638074271,177,0,1.423079450854989,1.9077914638074271,1.0475315987079626e-06
3.4067467727915552,2.176304604588501,4.183451670510337,0.35898889543328505,-1.781271140675487,-4.0298811337146,1.998309150700353,37.06076524279572,53.12872869294344,7.5616960506528486,-5.455281600279737,6.160482509363437,-0.00014421559357305562,0.005241115780189209,3194.39,5594.077348688852,17130.148482148405,301,B0034,20,1.4051040863603437,24,1.8836935493015938,176,0,1.4051040863603437,1.8836935493015938,0.00716877317630944
3.327594909243545,2.11932965334224,4.171109136894672,0.2935643870589456,-1.9422323790824172,-4.030453302813839,2.0104559276437977,39.94613025797719,55.80847324293826,7.717136538175057,-5.986285428651941,6.228754161121708,-0.00017401972516977953,0.004759626514228427,3225.219,6206.057887552218,19128.4592693873,301,B0034,21,1.6329463925070862,24,2.18914073041281,175,0,1.6329463925070862,2.18914073041281,-0.02920896969104425
3.387012528508769,2.1509974200024624,4.183529138373987,0.3327796219053632,-1.8688152377047642,-4.030924782950583,2.0067339309356127,38.718351533776065,55.579127556921776,8.092975890829871,-5.758167896988131,6.215835445881916,-0.00015086915172030785,0.004944669844142411,3252.985,6018.67884442907,18545.559391811596,302,B0034,22,1.5687138208259117,24,2.1030300414571657,174,0,1.5687138208259117,2.1030300414571657,-0.008836499628168282
3.3938481398345894,2.1142806141482584,4.188330656095053,0.34669691521559365,-1.8406021933680257,-4.030804599251528,2.0044479961626904,38.131331549186825,55.5590605953301,8.23322115579238,-5.652052543045029,6.191762018698234,-0.00014626073673947428,0.005216936350378841,3245.25,5911.824888801584,18154.42750270751,300,B0034,23,1.5149520966053402,24,2.0309566526622156,173,0,1.5149520966053402,2.0309566526622156,-0.010409427217253908
3.4020764335853744,2.1801548663736754,4.186643866753638,0.3473378221860366,-1.8125906145533157,-4.029122762673436,2.0015247602300326,37.90482918212311,55.43438713431678,8.251906106980385,-5.566038719522827,6.1807596720625195,-0.0001439155826149533,0.005081225056587544,3235.031,5809.507572528341,17841.697341530587,298,B0034,24,1.4855182940634626,24,1.9914974663159788,172,0,1.4855182940634626,1.9914974663159788,-0.012487768641694697
3.400466282848084,2.109657199964041,4.187573632919629,0.3518721722403741,-1.8110391962814834,-4.031180461653834,2.0015684126398323,38.06681078125698,55.91432751133226,8.333888815270871,-5.553876863689296,6.175403493704941,-0.00014543320141260322,0.005229352224048027,3228.141,5793.470328935445,17766.713995643146,296,B0034,25,1.480771929049074,24,1.9851344521827028,171,0,1.480771929049074,1.9851344521827028,-0.015133568537746056
3.4030809584663944,2.1306422513355594,4.187294591248425,0.34886300540698256,-1.8097841749979178,-4.029200659426091,2.001394538950537,38.24251669378549,55.78439633575717,8.254847558196586,-5.557232218337504,6.181067701214316,-0.00014910857310906843,0.005137389489531631,3217.875,5764.017811794429,17698.909498396002,294,B0034,26,1.484026357317059,24,1.9894973642221572,170,0,1.484026357317059,1.9894973642221572,0.029784007038005454
3.4070525055582563,2.1787867991793117,4.183701675158018,0.3421946484992948,-1.8021093934434649,-4.029558842148895,2.000647662227828,38.56098530062726,55.819046085150106,8.195504619608508,-5.545939094967354,6.189323942383489,-0.0001440914781014243,0.004956791342321561,3220.219,5750.449487968877,17696.827430615074,293,B0034,27,1.4922153055506522,24,2.0004755323969725,169,0,1.4922153055506522,2.0004755323969725,0.015299703055051905
3.4060276994838254,2.1208148015326507,4.187348905123759,0.34795479201642177,-1.800815649461131,-4.030202721256365,2.000478573340258,38.38922286871294,55.81813101636483,8.238077467822974,-5.533681667678475,6.182310603335979,-0.00014628940445781023,0.005171260594038125,3210.234,5728.190510731269,17601.716687640506,291,B0034,28,1.473312924099279,24,1.975134851694363,168,0,1.473312924099279,1.975134851694363,0.00832783450121224
3.408174888188947,2.1326343880232206,4.186484904879302,0.3531313755712272,-1.7788779160462762,-4.029145604132163,1.998085182593442,37.90831705954933,55.50852980614408,8.298595027569002,-5.453602173092348,6.162086726179305,-0.0001453350756272222,0.005183023393750939,3210.546,5658.642464407937,17348.868924276856,290,B0034,29,1.441593178980006,24,1.932611112815034,167,0,1.441593178980006,1.932611112815034,0.008785023016691308
3.405126191511401,2.080806437045425,4.1865382627627215,0.36007243912160247,-1.7776506180150589,-4.029781810783222,1.99771832517489,37.78900459955153,55.810474269938815,8.374793323679967,-5.435406523003426,6.147366873616,-0.00014429130848673857,0.005332196691459721,3200.969,5638.288059743043,17239.76405025929,288,B0034,30,1.4225873198015788,24,1.9071317090606301,166,0,1.4225873198015788,1.9071317090606301,0.011636921849499026
3.409764436063523,2.153621018125857,4.187164525329423,0.353594751322159,-1.7757913058945813,-4.02948709506646,1.9975745158725693,37.868460669545925,55.5580463265768,8.262626599531414,-5.443647805530703,6.159235802421804,-0.0001468738381292116,0.005117790517389827,3188.625,5608.834244175015,17193.653850392806,286,B0034,31,1.4266489379486664,24,1.9125767461775696,165,0,1.4266489379486664,1.9125767461775696,0.011475483873678494
3.410480218060336,2.16386574936286,4.185560165483177,0.34781476720125565,-1.781934305037178,-4.029440202415485,1.9984102669938726,38.32719437027863,55.7456104997617,8.231089662143289,-5.473765314869117,6.172288338621371,-0.00014534315915959548,0.005020893284250839,3191.735,5640.090175636102,17326.49397129445,285,B0034,32,1.4596775560238575,24,1.956855170398612,164,0,1.4596775560238575,1.956855170398612,0.006507549905358933
3.4102489283524573,2.110862355108561,4.187111715287616,0.3523265551399723,-1.7740392922449235,-4.029706632370836,1.9975017439453104,38.222749634083,55.88273287086187,8.300406408699127,-5.442063043419344,6.163430378252348,-0.00014470859562478204,0.005182024658753503,3190.313,5614.476419201899,17223.31783116117,284,B0034,33,1.4396159938545154,24,1.9299604829415495,163,0,1.4396159938545154,1.9299604829415495,0.006739386048952722
3.414435733868323,2.188936134619456,4.187953553733828,0.35331208595270225,-1.758159329896538,-4.028819839160079,1.9954715182735656,37.708662488006475,55.52091947034592,8.305572318748009,-5.390086316661193,6.152236870439419,-0.00014264655391704335,0.005004771938406109,3182.156,5545.28193367282,17000.46396678608,282,B0034,34,1.4195512657848512,24,1.9030615512537057,162,0,1.4195512657848512,1.9030615512537057,0.004408382639030961
3.408669177651725,2.076995222056859,4.186573417418747,0.360153710626744,-1.764462484778239,-4.030420227631053,1.996207277089558,37.8703638417689,56.03798112972515,8.413450855841653,-5.395296692749135,6.142366919722001,-0.0001456202521327081,0.00529882625171639,3180.156,5562.243043303454,17009.055100299196,281,B0034,35,1.4118101714470452,24,1.8926837795211988,161,0,1.4118101714470452,1.8926837795211988,0.002155429670906717
3.4118322352896917,2.138330613016186,4.187350410759027,0.35633484434950413,-1.7624729823299456,-4.0299718848239205,1.996041080671761,37.83489284744581,55.7872631992585,8.366392989171988,-5.397121570876345,6.148582590331535,-0.00014547801521029227,0.005112734110409879,3171.953,5537.959526700366,16958.64025173265,279,B0034,36,1.4044196701845313,24,1.8827760156128583,160,0,1.4044196701845313,1.8827760156128583,0.0044458535528270286
3.412313772481234,2.163289759388807,4.18502843595743,0.340767434627651,-1.7852228610575493,-4.029529486082554,1.9987735875845611,39.269306296372,56.29505678813318,8.123698661520317,-5.500590802172717,6.190050054121241,-0.00014538952460443116,0.004833724211677522,3192.172,5652.0525228240895,17415.222026658696,280,B0034,37,1.4735059098606866,24,1.9753935699184428,159,0,1.4735059098606866,1.9753935699184428,-0.002765670767365824
3.4055246588869954,2.011759892668098,4.186257969039418,0.34357011853689406,-1.806117173524204,-4.029713711390202,2.001150482618046,40.1506450904851,57.203641711448896,8.14451458720373,-5.563799582597252,6.199835827460507,-0.00014940096729189526,0.005167822390726588,3194.735,5722.298924948564,17628.684863927727,279,B0034,38,1.492658600645149,24,2.001069817274546,158,0,1.492658600645149,2.001069817274546,-0.01060852135812671
3.412772999015033,2.162343975515107,4.186398813067427,0.34019463536696976,-1.7898966673086716,-4.029290691786796,1.9995229731487594,39.44313364004617,56.48442346523092,8.161411124892638,-5.519191770279746,6.197402111986664,-0.0001456414161784552,0.004825253864875665,3178.75,5638.833299800129,17388.381324944545,277,B0034,39,1.4820260149945934,24,1.9868156896289364,157,0,1.4820260149945934,1.9868156896289364,-0.012494949841948433
3.4159307513752806,2.1921995805381784,4.185933256660042,0.3488973487126685,-1.7588595515353411,-4.029022667107852,1.9955861373274029,38.29706396735563,55.71155596776208,8.263468358434185,-5.40099825011228,6.160629102557498,-0.0001430902347780911,0.004888205439698255,3165.359,5520.578675578992,16953.507271148577,275,B0034,40,1.423575357658995,24,1.908456280355061,156,0,1.423575357658995,1.908456280355061,-0.0023530372423899324
3.414462463305671,2.16034888083278,4.187334986366342,0.35399403780458966,-1.7569483309674612,-4.028805365009421,1.9953296738735065,38.00009263186772,55.725184853786985,8.296361447961356,-5.384770369415326,6.1499385422973365,-0.0001459008874031302,0.00499643325279333,3155.25,5497.74835313667,16850.024489689502,273,B0034,41,1.403825219724535,24,1.881979090667764,155,0,1.403825219724535,1.881979090667764,0.00011889009199927969
3.3922002422487143,2.165521364045302,4.176473851854755,0.33503397412564767,-1.8535542744661238,-4.029740881630216,2.0052852738388633,39.66453202372922,56.68734909187956,8.202734143901257,-5.707081059360791,6.204975674106067,-0.00014277640558508822,0.004730268515924974,3173.766,5836.953637837035,17973.89586809174,274,B0034,42,1.5363173478836123,24,2.059599075955096,154,0,1.5363173478836123,2.059599075955096,-0.012562287604585132
3.3972119520639095,2.0714906018792005,4.186547012412841,0.3353688239056382,-1.8469058434531274,-4.029196217915029,2.0047071447717983,40.503647950320534,57.523569542125074,8.206499576941592,-5.70078101881556,6.2210040217259905,-0.0001495931425182029,0.004879373846103292,3199.485,5867.742873642508,18113.098627732623,275,B0034,43,1.5440367168176732,24,2.0699477224410905,153,0,1.5440367168176732,2.0699477224410905,-0.010275623234504839
3.4077342186972084,2.160000438530016,4.186836439169428,0.33730038665707307,-1.809719941535708,-4.029145491224896,2.0014080228601228,39.602225792574906,56.64647124225468,8.192666176826084,-5.583058905810548,6.205465377456756,-0.00014632355273867383,0.0047291609642593066,3196.015,5738.092257262606,17702.146263189647,274,B0034,44,1.507892155360249,24,2.0214920401036722,152,0,1.507892155360249,2.0214920401036722,-0.005173228073131098
3.305027554247319,2.07023691471502,4.267804722238553,0.2827187609255563,-1.951674467634044,-4.031177810117895,2.0108123010762777,43.00893271743553,61.22071154968515,9.023576108939867,-6.033788051308539,6.255247881754109,-0.0001926113923561952,0.00419420729502163,3595.281,6959.0115522180195,21515.333732191546,308,B0034,45,1.8203060058691087,24,2.4403164963333803,151,0,1.8203060058691087,2.4403164963333803,-0.07934612964202277
3.3502911943233946,2.051324967440629,4.183147061073988,0.32670882126987183,-1.920877053556143,-4.031361471284143,2.00956668993047,40.64495633031262,58.28488787096781,8.561323871212434,-5.8889741783483505,6.195863470383795,-0.00016174386361474788,0.004866601614023971,3198.0,6096.385108315799,18690.768245796262,273,B0034,46,1.5936575758226643,24,2.136469834878058,150,0,1.5936575758226643,2.136469834878058,-0.03796647121962589
3.378826251452736,2.126099692893142,4.186094144264648,0.3457794998393791,-1.8756315967870998,-4.030853452091916,2.0068692856307426,39.63966215341089,57.592019665372526,8.57869541757173,-5.74156304049765,6.177071417973951,-0.00014734088182585318,0.004878733529847181,3183.516,5926.416619824051,18142.0143073546,271,B0034,47,1.533070464968097,24,2.0552462792742916,149,0,1.533070464968097,2.0552462792742916,0.0006493765831030451
3.3905180732853615,2.1895562891910765,4.1869069503681295,0.3503172559744112,-1.837523884399117,-4.030490983913811,2.0039418763382795,39.16680148065847,57.28443182001311,8.606889527758137,-5.620583726806984,6.162441303621265,-0.00014952469961962374,0.004754392075804158,3183.797,5806.92867751316,17762.28379747016,270,B0034,48,1.4862143093107285,24,1.9924305498108013,148,0,1.4862143093107285,1.9924305498108013,0.011564481501388935
3.387526907959532,2.074340759266504,4.185562043793452,0.35126275343655844,-1.8376918380374707,-4.031249179709422,2.004054634770957,39.82254974386062,57.87208806126728,8.551825035369593,-5.619566310924811,6.1630812757432665,-0.000143786463978982,0.004992359339154067,3191.516,5820.940526731268,17799.81056645912,270,B0034,49,1.5029318848267783,24,2.01484226255524,147,0,1.5029318848267783,2.01484226255524,0.000992054106694118
3.3911818711119515,2.1265733975652816,4.186540363518264,0.34118105093941664,-1.8447319494358396,-4.030674776051926,2.0046460772741512,40.67552783597674,58.01475740778219,8.351011969798794,-5.665837054183193,6.188364991480811,-0.00014414585454916394,0.004771259322258018,3189.985,5837.1706279903965,17928.395883076424,269,B0034,50,1.5202185406928062,24,2.038016888876469,146,0,1.5202185406928062,2.038016888876469,0.060017493035260515
3.390835631837091,2.062739747604538,4.182887718757515,0.34599349064177687,-1.8363552560101446,-4.032090463706321,2.0040909768704545,40.582538417129676,58.312052179468594,8.481833653947785,-5.630877371768243,6.178803963601867,-0.00014436671354709857,0.004943580167522026,3189.734,5807.480341235609,17807.364364157904,268,B0034,51,1.5118194735004464,24,2.02675703357893,145,0,1.5118194735004464,2.02675703357893,0.016367620464443577
3.396934021472626,2.1030377322448675,4.183577669537621,0.3531419215504998,-1.804847667473282,-4.031760335593384,2.000785869298,39.684346755235566,57.74556007237976,8.540198359531335,-5.518470547412754,6.151136084282538,-0.00014002784298698057,0.004978186059974935,3176.016,5686.927873745636,17388.01576162689,266,B0034,52,1.464601301820905,24,1.9634559825991684,144,0,1.464601301820905,1.9634559825991684,0.013693832629438418
3.3994906529891593,2.1244761059896846,4.186336344550888,0.3543496535665387,-1.7965264889900276,-4.030702202371792,1.9998630020343435,39.47995207463314,57.59063118746153,8.550514862863523,-5.491397136620838,6.146191287654469,-0.00014934822161788091,0.004867197239519633,3171.36,5651.394427469767,17274.72841561902,265,B0034,53,1.4546140961511749,24,1.9500670564133866,143,0,1.4546140961511749,1.9500670564133866,0.006320042631910727
3.3981483429417363,2.0601307559265187,4.184762302875813,0.35937883519712444,-1.7880255809187031,-4.030830787176179,1.9989189531276823,39.48992781243277,57.76023731619168,8.517620898077702,-5.4544067539957295,6.133267344845984,-0.00014813712435014645,0.005046913373099444,3170.843,5624.998582794892,17159.504806090095,264,B0034,54,1.4333400490204142,24,1.9215469021153835,142,0,1.4333400490204142,1.9215469021153835,0.013918367161272815
3.3988819411159534,2.066307670696809,4.185022396532557,0.3549830733289258,-1.7944904482925368,-4.030375180809054,1.9998159902671737,39.852310270589804,57.84385498440773,8.508639736510123,-5.484230456054864,6.145994831212967,-0.00014578768860080128,0.004998862135656093,3164.672,5633.775958339714,17218.060968322898,263,B0034,55,1.449326234639616,24,1.942978107832556,141,0,1.449326234639616,1.942978107832556,0.014178461210638016
3.3979295593430394,2.063118102136468,4.183906394520297,0.34753903976165357,-1.8100461507144519,-4.031301873680901,2.0013705146251395,40.873690307547484,58.50818415025991,8.41893708287762,-5.549346054078602,6.168435533181097,-0.00013971242130155122,0.004911016754949152,3177.453,5704.918654025912,17490.640247163185,263,B0034,56,1.495199821798908,24,2.004476598267607,140,0,1.495199821798908,2.004476598267607,0.00332393034030769
3.3987236708202504,2.015578277968309,4.18478065365082,0.3516426437173529,-1.8015738065563547,-4.030996805872695,2.000573419743802,40.55984735939729,58.39804679399696,8.494385688215793,-5.5174652718289385,6.161387178343585,-0.000143662619148036,0.005041187704113027,3172.375,5670.098065153697,17365.82958060142,262,B0034,57,1.4720590241846008,24,1.973453863642533,139,0,1.4720590241846008,1.973453863642533,-0.001491544472739159
3.4080267118315732,2.1825208655708157,4.184572904357356,0.3568306939197114,-1.7534517505866212,-4.0309191249132565,1.99472620920295,38.988662122088876,57.19671566450291,8.565665518299488,-5.351401180423544,6.119579078629983,-0.00013962478104506784,0.004791358104878585,3158.406,5496.794920776511,16775.604160229974,260,B0034,58,1.4097383014648728,24,1.889906214386847,138,0,1.4097383014648728,1.889906214386847,0.008975158937260419
3.407631378055527,2.177635067318021,4.186221928288161,0.3610445765107747,-1.7513221260920175,-4.030301776910108,1.9944150487050494,38.71511147644418,57.09358220904711,8.60912799165208,-5.336722280554726,6.110568242044717,-0.00013935640645286454,0.00487972705691207,3141.578,5461.694323121987,16642.71977818508,258,B0034,59,1.3861944181384176,24,1.8583430998972779,137,0,1.3861944181384176,1.8583430998972779,0.009429126176399327
3.407885887358127,2.167549772117144,4.185645972879193,0.3643903723092391,-1.7425277851045473,-4.032926354694966,1.9929913546833524,38.511498511820214,57.056434523826645,8.652832874499348,-5.301875069818059,6.097684821502092,-0.00013559030164721575,0.004918107545019144,3138.187,5426.194668237229,16510.070494799857,257,B0034,60,1.3624125407550536,24,1.8264609287099713,136,0,1.3624125407550536,1.8264609287099713,0.017382738776912498
3.4003875411941866,2.0235981843621835,4.184966155089575,0.3568711164331796,-1.7826705089192836,-4.030419099923807,1.9983805136468453,40.112479285456395,57.99096942950453,8.473426955838223,-5.444236964250881,6.137376772793279,-0.00014230924972718898,0.005040117850724929,3157.969,5585.507772170135,17057.437324900828,258,B0034,61,1.4471377445077278,24,1.940044200811599,135,0,1.4471377445077278,1.940044200811599,0.009612415458236035
3.4076622967245975,2.184010507272112,4.181330176160959,0.343583027342952,-1.7740815054978625,-4.031508370151624,1.9974314249137823,40.84012758949483,58.16328313862759,8.284230144017359,-5.444649684217034,6.1587926856140776,-0.0001383731334777237,0.004559291215488328,3159.281,5567.95798668195,17088.169819987444,257,B0034,62,1.4554483390450048,24,1.9511854489744167,134,0,1.4554483390450048,1.9511854489744167,0.003322137027919192
3.4032529056881784,2.0392577121107047,4.186951481965634,0.354380472614341,-1.7809841749397886,-4.030927087953748,1.9982960448087166,40.348969230016365,58.29542391419101,8.519693444328672,-5.448488824066602,6.147143084021744,-0.00014526006426185696,0.00496894567081111,3150.375,5570.681375099698,17041.755064023186,256,B0034,63,1.4423952167302958,24,1.9336863309082577,133,0,1.4423952167302958,1.9336863309082577,-0.006531383053084605
3.406174357529073,2.0999808615526177,4.1857251578423,0.3641455000131914,-1.747182095051256,-4.030689142794633,1.9938846529253151,38.95729074496056,57.375182540416354,8.643603195927227,-5.317168325708538,6.102433278060622,-0.0001422105602750153,0.004964633418608014,3134.078,5435.764267062396,16542.853977144292,254,B0034,64,1.377541945989605,24,1.8467435279293047,132,0,1.377541945989605,1.8467435279293047,0.0017304944297625191
3.4049736944362246,2.063136946201327,4.18361645238679,0.3690328986359115,-1.73814436809975,-4.030890080533704,1.9926327807361948,38.73711200799833,57.42041259082052,8.708057671525932,-5.277257380138012,6.086060964737778,-0.00014150251537195816,0.0050700669152020355,3129.797,5402.235259135548,16402.40929749498,253,B0034,65,1.3539935892900532,24,1.8151744164007066,131,0,1.3539935892900532,1.8151744164007066,0.001683790293000076
3.3580774287935817,2.120762756881349,4.17325067272426,0.33344063996609996,-1.8824146171130414,-4.031115880527916,2.007411318854253,40.231060876384255,57.71520595046742,8.559146618097207,-5.746935562728923,6.158719544861567,-0.00014965558592615756,0.004524041899172048,3161.89,5913.811014883865,18055.207634678718,255,B0034,66,1.5509038861664448,24,2.079153903484767,130,0,1.5509038861664448,2.079153903484767,-0.020753228331743402
3.38250056099739,2.19170788700899,4.184028931910909,0.33243708740382455,-1.8524024614367005,-4.031336520715659,2.0053693597317674,40.929553501935686,58.17136403259683,8.416383043082375,-5.689374693665997,6.187692601745608,-0.0001477775937812853,0.004360788969224894,3196.859,5884.124758147183,18073.287766706824,257,B0034,67,1.5562932697752867,24,2.086378953384795,129,0,1.5562932697752867,2.086378953384795,-0.02016898614605638
3.390086865994553,2.1203887966971293,4.185455613390746,0.34616655299360993,-1.826530681368946,-4.031483697642067,2.003161158879302,39.993709319022244,57.753084428922655,8.584242759472467,-5.590815367188111,6.162786254547112,-0.00014414475321707556,0.004647644016971619,3171.906,5757.036136588778,17622.51591437632,254,B0034,68,1.5067526605064707,24,2.0199644243730224,128,0,1.5067526605064707,2.0199644243730224,-0.012871488755234983
3.392978809154906,2.0630039985317543,4.183582231077479,0.3592247068218171,-1.7929643530908497,-4.030940436431335,1.9997292128293027,39.1022619385273,57.5103657978898,8.7070537882094,-5.459342993053729,6.123232853756014,-0.00014213802977275375,0.004909031920034109,3160.842999999993,5633.0125251470345,17152.990907680363,252,B0034,69,1.444138733302766,24,1.9360237028884144,127,0,1.444138733302766,1.9360237028884144,-0.013319357462632197
3.400527096110287,2.1811524820912926,4.1831604654402685,0.3584099861227993,-1.7679531131415924,-4.0314913055403885,1.9967467206644616,38.637036104045876,56.86348453612092,8.66416356592872,-5.382839178602054,6.111035798498173,-0.0001390500004592111,0.004706122944414344,3147.141,5526.283241403444,16826.554670953978,251,B0034,70,1.4144103811292437,24,1.8961696409977504,126,0,1.4144103811292437,1.8961696409977504,-0.012083358367838092
3.4009920061492966,2.155432405052415,4.184589576893444,0.3629029783444623,-1.758494914822024,-4.03046907957885,1.9959380851454667,38.457946337552535,56.97607576818629,8.713714667022392,-5.344829465675119,6.100080433562717,-0.00013805489669152198,0.00478769365085534,3141.203,5489.781823047032,16687.98334751015,250,B0034,71,1.3897574212362729,24,1.8631196897718094,125,0,1.3897574212362729,1.8631196897718094,0.032229292986034386
3.395963139634734,2.0671609840346776,4.1839152437949645,0.3552265806757272,-1.791362432884086,-4.030848804967881,1.9994872052785722,39.988534225003114,57.956995411354825,8.567680818187327,-5.465420840808874,6.13299661043177,-0.00014054811658729738,0.004829112849652787,3151.047,5606.241710715467,17105.388353091872,250,B0034,72,1.449968311475299,24,1.9438388810701208,124,0,1.449968311475299,1.9438388810701208,0.021264991659997533
3.399629787670528,2.1233368877812127,4.184717109573573,0.34687580677357,-1.7913224989214864,-4.032550539055774,1.9996292673890916,40.84025138634754,58.3663921180059,8.419650197978344,-5.485759743326723,6.1540492307438335,-0.00014158118006546866,0.004592322560712152,3159.172,5620.505488523853,17213.316822146164,250,B0034,73,1.4678653068012166,24,1.967831733254216,123,0,1.4678653068012166,1.967831733254216,0.007777470741050818
3.3983167205445777,2.032509026773449,4.184251380689682,0.36040304735308965,-1.7734088198098006,-4.03311369700898,1.9973608157787406,39.64173378499159,57.883249801186295,8.66818228764811,-5.400925683838874,6.1170618815933455,-0.00014388814959016608,0.004922280862081986,3141.047,5533.345660417659,16852.28056012109,248,B0034,74,1.4290644310445066,24,1.915814975150914,122,0,1.4290644310445066,1.915814975150914,0.0030148604516518685
3.398539512076107,2.010095847748964,4.182749347441237,0.370310088385711,-1.7476951824023108,-4.031189054300734,1.9941203924095803,38.82196729294636,57.62604602919208,8.800072951860663,-5.296788252441952,6.080274463291353,-0.00013918602395136307,0.005087298124231369,3135.0310000000027,5446.470435204374,16507.874902977972,247,B0034,75,1.376744834668327,24,1.8456749142454203,121,0,1.376744834668327,1.8456749142454203,0.007533109292183315
3.4065465230061798,2.1845053475658918,4.182152014334447,0.36591713247490393,-1.7290779932589337,-4.031129358826585,1.9916462762378475,38.27601981086532,56.803768142247485,8.727590794315649,-5.246606994876521,6.0755618473938435,-0.00014375486906487568,0.004679014715317243,3117.984,5357.9074776025855,16257.90386392372,245,B0034,76,1.3515813262521057,24,1.8119405176682855,120,0,1.3515813262521057,1.8119405176682855,0.007635218996833437
3.4067781130872956,2.1991319506434475,4.183323525954108,0.3655810893267727,-1.72909022193074,-4.031338830626604,1.9914714948558094,38.30615482092432,56.88027382398077,8.74804855864819,-5.246451379557943,6.074002327162657,-0.00013971945540062667,0.00463506920832143,3125.328,5367.047982538791,16285.315517845707,245,B0034,77,1.353993472828928,24,1.8151742602720096,119,0,1.353993472828928,1.8151742602720096,0.019194967729274204
3.4044214192090116,2.1256164107912863,4.18535045289718,0.36740222980980614,-1.7360856942372698,-4.03103413513416,1.992572262726097,38.50347850214561,57.11228470728586,8.765713487886243,-5.266849611856557,6.078454418900085,-0.00013840626605978137,0.004819804674518497,3120.172,5381.782599979732,16328.364453225746,244,B0034,78,1.3577165116893766,24,1.820165395343997,118,0,1.3577165116893766,1.820165395343997,0.022029759022368013
3.4020136665550305,2.059592858883293,4.182766239696235,0.3739978649190637,-1.7266849618679287,-4.030805323363095,1.9912035064162141,38.25735173096823,57.23777746505438,8.852656262705919,-5.221712824144922,6.057535069325813,-0.0001374553790268295,0.004977958391950125,3116.641,5349.590966548712,16178.940653834608,243,B0034,79,1.334169315351027,24,1.7885978394047197,117,0,1.334169315351027,1.7885978394047197,0.018979023138695927
3.408929572366065,2.196715966153447,4.181823483700895,0.3659791397629172,-1.7171675465127403,-4.03117795823907,1.9895313222946234,38.29433048905591,56.79550408983589,8.71975304702693,-5.208928706066944,6.066244744410264,-0.00013984323137721758,0.00463074589612883,3110.844,5310.980518676316,16111.383811279125,242,B0034,80,1.3372147888783987,24,1.79268062508143,116,0,1.3372147888783987,1.79268062508143,0.007906009157985672
3.407512024075691,2.179169443366329,4.1857303262234575,0.36843896337633836,-1.7243425380133646,-4.031972732432733,1.9907550456334984,38.19006452807094,56.74357378980126,8.752149937196785,-5.227539894635587,6.0674214379948035,-0.0001391622183007318,0.00468438530407713,3101.406,5318.177833893779,16122.904723299387,241,B0034,81,1.339045224276927,24,1.7951345211209415,115,0,1.339045224276927,1.7951345211209415,0.002507220395035725
3.4012246723873063,2.0729178734316847,4.180937577273335,0.3734976697868644,-1.7314023398283604,-4.031005726868246,1.991687156056864,38.32673773585545,57.1850535860252,8.840904227557914,-5.235855034204101,6.058034138032074,-0.00013321700937767288,0.004947520456405976,3099.563,5337.275580361016,16141.308417395729,240,B0034,82,1.3439244604756322,24,1.8016756634051598,114,0,1.3439244604756322,1.8016756634051598,0.002013802470659165
3.4019343263921806,2.058553622170445,4.185670680684665,0.37402978145330523,-1.7315370302816349,-4.031139103540076,1.9919060821687604,38.326112920062165,57.13163600499266,8.83833746460605,-5.237880371832571,6.061213432445467,-0.00014062574103948844,0.004927614721253442,3104.64,5342.757427469331,16162.695164171491,240,B0034,83,1.3454786192090245,24,1.803759180782342,113,0,1.3454786192090245,1.803759180782342,0.002447578496070424
3.4080993396118826,2.1859283824053053,4.184780807786567,0.36747923172313546,-1.7217927604432464,-4.030804616834862,1.99055363314659,38.2504483640825,56.68621589748299,8.724130410493817,-5.220973942696125,6.067701077852419,-0.00013570539281846256,0.004637902513297412,3099.875,5303.414915981679,16082.845238100044,239,B0034,84,1.3482263029682544,24,1.8074427471622458,112,0,1.3482263029682544,1.8074427471622458,-0.0028113975234454803
3.4012585484878985,2.047929270109934,4.184776951807234,0.3758659116232623,-1.728989688622418,-4.031692434428726,1.9914710997678269,38.25522153140731,57.14457415944487,8.85805323518953,-5.224623164592788,6.05377261665866,-0.00013985151299315026,0.004941586688539155,3093.25,5316.367994234041,16065.874350207529,238,B0034,85,1.3373192299576058,24,1.7928206396106696,111,0,1.3373192299576058,1.7928206396106696,-2.0888215841408098e-05
3.400118948427692,2.0282334120244614,4.184920385211051,0.375142059792088,-1.7363791085179334,-4.031825763441962,1.9924152495104053,38.4827926779255,57.28985408720813,8.85891958696819,-5.24999103262658,6.0601273959181485,-0.00013723274912351256,0.004990444258019498,3086.688,5327.955184167136,16110.256117888282,237,B0034,86,1.3402523341553034,24,1.7967527820834341,110,0,1.3402523341553034,1.7967527820834341,-0.00024142197567527112
3.4044380735101045,2.128944717359417,4.181326694340018,0.37237093806325683,-1.7191649059489624,-4.0305186641831545,1.990124346146437,38.208311929566015,56.90074118043176,8.821524407621878,-5.198438637218487,6.0510928952988925,-0.00013539818503769535,0.004741919884855995,3094.281,5289.775338894694,15995.38141724525,237,B0034,87,1.329096568237912,24,1.781797274872191,109,0,1.329096568237912,1.781797274872191,0.0029655784475440595
3.4027761465827293,2.080780257241255,4.184466822637345,0.37372718815332134,-1.7265467227383982,-4.031628581091327,1.9912251201424331,38.37963443029051,57.126183132620525,8.800692299240007,-5.221054908373939,6.056171484385491,-0.0001357904860932707,0.004843189538386194,3088.328,5302.564852566483,16035.622201795662,236,B0034,88,1.3323485655766352,24,1.7861569279888272,108,0,1.3323485655766352,1.7861569279888272,0.0026260107264778564
3.407661438923026,2.18178697368346,4.185698992912854,0.3644346419805944,-1.726628901233422,-4.0312424408295175,1.9911565610540376,38.847888287026734,57.09006956503022,8.650969020704977,-5.2420898290590765,6.076002860673457,-0.00013802079922869406,0.004529612895138691,3095.687,5315.165693076212,16137.788013232515,236,B0034,89,1.3501541310555516,24,1.8100272086035407,107,0,1.3501541310555516,1.8100272086035407,-0.00038556561745943795
3.406219322901771,2.1600430451609207,4.188177492671976,0.36014378952785037,-1.7439767424511525,-4.031736173757563,1.9936664436084206,39.55793696996327,57.56129571557157,8.580203802652616,-5.308403319730456,6.09905993817363,-0.00014501006932353606,0.0044707714173093365,3102.062,5376.803629444928,16366.483550350358,236,B0034,90,1.381523441054128,24,1.8520811514138718,106,0,1.381523441054128,1.8520811514138718,-0.008840842219304434
3.403483836522725,2.0578741386350488,4.181899265811891,0.361199131963742,-1.7438949547598264,-4.03159610294282,1.9934959532208538,39.995989656775905,58.12885115554352,8.664910618834783,-5.306549156405496,6.098580777651754,-0.00013873013051714388,0.004695523470551709,3107.141,5384.566224437153,16385.913748639545,236,B0034,91,1.3835971952817807,24,1.8548612425824804,105,0,1.3835971952817807,1.8548612425824804,-0.008668972225295456
3.401643655881062,2.0545776989805837,4.180083219210065,0.37339479229168565,-1.7239330841004026,-4.031093567396651,1.9908708027640276,38.637111363644244,57.35750604508094,8.83892227462159,-5.211045575042685,6.052495929494821,-0.00013601235502526274,0.004830733961324349,3090.719,5298.218463634835,16016.132560179449,234,B0034,92,1.33011618620809,24,1.783164182713269,104,0,1.33011618620809,1.783164182713269,-0.00020392359403560435
3.401100143150002,2.0610721424538947,4.1821779958572005,0.3779390277632597,-1.7215733668196036,-4.031192505233378,1.990241671259804,38.17458507378806,57.07647448385972,8.883861097455457,-5.193520788627821,6.039156116671278,-0.0001365342525063387,0.004874443892826814,3069.812,5255.784235374034,15855.646918408063,232,B0034,93,1.3176982121703231,24,1.7665165494045312,103,0,1.3176982121703231,1.7665165494045312,0.002930070681262409
3.406245698013471,2.1769630360366774,4.1841115419161925,0.3751691670313866,-1.7115169207570662,-4.030588508612238,1.989043303249358,37.84309122903104,56.56265009891403,8.844335873025695,-5.167817464586277,6.0383815314493265,-0.00013580987728931178,0.004632984368481842,3064.437,5215.258430974462,15747.717882242434,231,B0034,94,1.3063657719651272,24,1.751324191258546,102,0,1.3063657719651272,1.751324191258546,0.00875767181808489
3.404609654515602,2.123117073996824,4.182953933920961,0.36939178882713386,-1.7218255733894667,-4.031702600821983,1.9903507365818527,38.7849806497393,57.16856231635899,8.731988472196162,-5.21309114880061,6.0580023764346915,-0.00014113090396609143,0.004602180691953038,3083.25,5278.061878485231,15981.041581991947,232,B0034,95,1.3381567383793782,24,1.7939434099640494,101,0,1.3381567383793782,1.7939434099640494,0.008673340534949947
3.3978374456616303,1.992728560786441,4.185231964742196,0.3720353515848408,-1.7464028089407726,-4.031682841427148,1.993646146606466,39.47058624854092,57.902838661735686,8.715203996325878,-5.287500919961971,6.071837159859167,-0.00014081890361466144,0.004891078193670086,3076.484,5343.100785782818,16178.111101983246,231,B0034,96,1.3563258092165067,24,1.8183010087105993,100,0,1.3563258092165067,1.8183010087105993,0.005454277213054803
3.3958647763622594,1.9677573642714887,4.183603781291225,0.3720821888402611,-1.7536342273893653,-4.03092026898644,1.9944941724392895,39.61654428235802,58.11517890209301,8.781818552127643,-5.311180964147655,6.077845027349672,-0.00014176648922243273,0.004909143485184668,3081.297,5376.171593083504,16283.349880384316,230,B0034,97,1.3648997529550058,24,1.8297953048763167,99,0,1.3648997529550058,1.8297953048763167,-0.00695671334938317
3.4029256137765205,2.12435243753564,4.1847480185320505,0.3730986629314619,-1.726531730710585,-4.031386898885472,1.991183993826504,38.42381623938057,56.98035659049231,8.81582166626747,-5.219598330908676,6.052783029346159,-0.00014234686526257555,0.004604457088776665,3065.953,5264.316916716756,15916.225371740953,229,B0034,98,1.3337639975535058,24,1.7880544671890817,98,0,1.3337639975535058,1.7880544671890817,-0.003213157076636541
3.4052852363977686,2.1817137827751827,4.18481289618272,0.373793899785756,-1.7162971244779048,-4.031919192937977,1.989741773886477,38.11461669687029,56.67208442551173,8.807527641150468,-5.184294159587205,6.042198584086533,-0.0001367637942765098,0.004556662966115238,3055.828,5219.184441169989,15766.7173605918,228,B0034,99,1.3060123668658763,24,1.7508504136130238,97,0,1.3060123668658763,1.7508504136130238,7.068101985017173e-05
3.4007629589889867,2.087539695609617,4.182816385597531,0.37682602890181,-1.7241037426046357,-4.031463869357844,1.99069713658219,38.33391837467718,57.04472631715234,8.858542992943445,-5.201774934991828,6.0400118551513815,-0.00013660575804760503,0.00473886024154417,3051.468,5236.202831644439,15799.548298684764,227,B0034,100,1.3101868361375808,24,1.7564467398319847,96,0,1.3101868361375808,1.7564467398319847,0.005593980448359482
3.4011297944340977,2.068960188840925,4.182086976575588,0.36877365393172956,-1.734239204579505,-4.031164018221237,1.992509071026439,39.42514383600653,57.64730160708694,8.665556403571282,-5.25331274828084,6.0687185804018275,-0.00013839863089123002,0.004651189128193996,3069.0,5296.808400019017,16045.386881647006,228,B0034,101,1.3567668941696105,24,1.8188923306553015,95,0,1.3567668941696105,1.8188923306553015,-8.821699062075972e-05
3.3993314164333626,2.059628573127648,4.181559459677035,0.3633305303838453,-1.7519633999941742,-4.031125638208525,1.9946989906536217,40.315066740163225,58.29336025761747,8.618832098966745,-5.322068861242131,6.09186955054781,-0.00013587709647238432,0.004598394551011732,3079.235,5369.3264422211005,16313.582694006125,228,B0034,102,1.3916857433587717,24,1.865704813520567,94,0,1.3916857433587717,1.865704813520567,-0.005357198080753189
3.3981521617785853,1.9953872570984856,4.182529313505233,0.3714736791341355,-1.741661014368029,-4.03058191664693,1.9929597515778728,39.53448316157278,57.95445943311949,8.75910367492188,-5.272918641858749,6.068940178523499,-0.00013972387544606988,0.0048004624455244655,3070.344,5321.140974817862,16110.717092131492,227,B0034,103,1.3629935079344777,24,1.8272397778634686,93,0,1.3629935079344777,1.8272397778634686,-0.0058459020761943755
3.4035091903916523,2.1529421051579973,4.184076900714323,0.3736614739227387,-1.7213520368201807,-4.030694821958155,1.9903707964164643,38.37203224972586,56.91514213395795,8.819851436392712,-5.200071084330493,6.044916036552535,-0.00013787529684666913,0.004552100544145347,3051.4839999999967,5225.511624390455,15786.8086340375,225,B0034,104,1.3211711973900628,24,1.7711724606062338,92,0,1.3211711973900628,1.7711724606062338,-0.003031766104837308
3.3990218794534157,2.0405401202035574,4.184435637134828,0.38039868580780545,-1.7213249052728743,-4.031009817979993,1.9904737441304503,38.3101923015924,57.19634917626827,8.920825705736924,-5.184639147378479,6.030725460179442,-0.00013583776386369672,0.004819688827805166,3054.812,5231.335637374225,15757.775010564197,225,B0034,105,1.3074869015593356,24,1.7528271863782967,91,0,1.3074869015593356,1.7528271863782967,0.0005399869156490489
3.4057934055092884,2.197033181830859,4.182198079486951,0.3728672541476979,-1.7112135934528914,-4.031095809579006,1.988808393414797,38.27774779605142,56.74944920850043,8.789909179873913,-5.16847940124141,6.037633523312487,-0.00013807947685205398,0.004428630747155331,3046.532,5189.317667347118,15674.551846235083,224,B0034,106,1.3105881895483489,24,1.7569847973596746,90,0,1.3105881895483489,1.7569847973596746,0.009235740924252323
3.3956244120578263,1.9756647286286777,4.18257252176705,0.3683906673169,-1.7569109821992535,-4.03243604396475,1.9948433499738962,40.334191485925615,58.60834889757344,8.720053123109182,-5.328919685918011,6.0863929204039975,-0.00013580181510020853,0.004778534730859509,3071.782,5372.291031287146,16295.345220039651,225,B0034,107,1.376312668196664,24,1.8450955484868274,89,0,1.376312668196664,1.8450955484868274,0.003074615032421546
3.400151892919731,2.083403258487322,4.184144535847567,0.36015637320282223,-1.7574723585820047,-4.0311681176814105,1.9955063992978561,40.79229920392578,58.69313490028398,8.583553000578554,-5.348602392167438,6.104805966302805,-0.00013915902554107856,0.004464137953339132,3074.532,5373.546856090573,16354.685439485844,225,B0034,108,1.391764929132287,24,1.8658109705890826,88,0,1.391764929132287,1.8658109705890826,-0.00575428423956188
3.395401002342427,1.9776004444482065,4.183745596310435,0.3713052294494829,-1.754566898095876,-4.032104651105574,1.9948044653813897,39.99900717802978,58.287617732907975,8.743681408657471,-5.314254254505592,6.078058365497166,-0.00014173373417073756,0.004775793807161188,3053.656,5331.301141113923,16148.693148265293,223,B0034,109,1.3649746353453525,24,1.8298956927956327,87,0,1.3649746353453525,1.8298956927956327,-0.008760687591057924
3.3978188140801495,2.064842829300876,4.182564922322223,0.3766626637007517,-1.7345909430155575,-4.031108958105936,1.9921578570230876,38.793911542282345,57.38456939785952,8.849301875472767,-5.23337660146287,6.0442097152330865,-0.0001397821719897396,0.004660682687574005,3031.953,5234.275557841151,15793.69263260816,221,B0034,110,1.3219093937291897,24,1.772162092403358,86,0,1.3219093937291897,1.772162092403358,-0.002884498433970828
3.392562018908607,1.966575784508242,4.184886457411625,0.38410193126352715,-1.7419815147499944,-4.031562836873329,1.9926621325136722,38.67005005769116,57.58115209169171,8.947924082716312,-5.241280317122383,6.033353656201093,-0.0001358932375641212,0.00493653373937465,3023.5,5242.921961027732,15775.266744076098,220,B0034,111,1.3090033888073913,24,1.7548602010670236,85,0,1.3090033888073913,1.7548602010670236,0.0003169601481915141
3.4017204105726306,2.1711822809863026,4.182256888930097,0.3724017018288093,-1.7240295509078702,-4.03093916292613,1.9906984214499528,38.826649526191886,57.13289738293001,8.753785390235315,-5.206509893772978,6.04246667554598,-0.00013843891336867098,0.004397318730316794,3042.703,5221.792569604636,15770.125907664176,220,B0034,112,1.3327005721973733,24,1.7866288308230958,84,0,1.3327005721973733,1.7866288308230958,0.008722419199858144
3.483606791060758,2.069253006874651,4.444767752853825,0.3434164937405887,-1.5139109254949328,-4.031271454898872,1.9481481480781413,40.05350414099234,61.43732341776916,9.957088341397842,-4.720426902499364,6.112954976464534,-0.00014771224692783908,0.0038032081399364415,4424.203,6645.46225940701,20721.12558746378,320,B0034,113,1.7423975189669398,24,2.335871768260881,83,0,1.7423975189669398,2.335871768260881,-0.07012651796693055
3.4027541068274787,2.1429326564674485,4.182008963324631,0.3605103839967495,-1.7448643036753848,-4.031083297465372,1.9935812310285164,39.89751111071057,57.73883179659806,8.60528587193333,-5.304952453401799,6.0910590580645305,-0.00013707851488219269,0.004358399775455161,3066.766,5327.438438231396,16197.849099736928,222,B0034,114,1.37734756281946,24,1.8464829363281205,82,0,1.37734756281946,1.8464829363281205,-0.002474585494821513
3.399518032588874,2.066165629002469,4.183084128990252,0.3687369554872807,-1.7422768724138988,-4.030963240325162,1.9933447087397471,39.197243061406944,57.386080612263264,8.687385373728748,-5.278146148824629,6.071432234558218,-0.00013762757757533253,0.004585311138769428,3046.125,5279.199920905167,15994.755725232164,220,B0034,115,1.34875988767775,24,1.808158075005243,81,0,1.34875988767775,1.808158075005243,-0.005370098789712063
3.4048948132853294,2.1996082620797504,4.183718969246597,0.3652962096940127,-1.731761904660173,-4.031380713903483,1.991738015401791,38.90698912730004,56.89633685865634,8.646786912357909,-5.251606659131024,6.069473517363563,-0.00013652471589427963,0.004305876530896546,3033.625,5229.629187757119,15859.939412611277,219,B0034,116,1.3501504559881146,24,1.8100222817793348,80,0,1.3501504559881146,1.8100222817793348,-0.00822941343614465
3.3989458032986057,2.0698222657269465,4.184086373500983,0.3721186269639581,-1.7394457190997812,-4.0308516181486045,1.9929755025948428,38.91493347992841,57.238769179765264,8.73816414056245,-5.260996060800333,6.061194016596188,-0.00013640114208227292,0.004619180844357815,3028.562,5244.81976539011,15863.568909230244,218,B0034,117,1.3387814875085953,24,1.7947809535425372,79,0,1.3387814875085953,1.7947809535425372,-0.0012161830622444026
3.402552549263599,2.1637591808058576,4.180084668986179,0.36873212823783624,-1.7291852801439969,-4.030838932270787,1.9913280053784501,38.753372299612906,56.92287178370967,8.670030981796694,-5.233539096004494,6.057330055522658,-0.00013407030903525463,0.004405775560630463,3020.984,5197.717366928258,15732.035019284385,217,B0034,118,1.3253371210402685,24,1.7767573304980455,78,0,1.3253371210402685,1.7767573304980455,0.08341207958533428
3.3917372089469744,1.96657603413028,4.182272685375916,0.3778864709470523,-1.7552053099717762,-4.030667531854442,1.9944787539416213,39.091854428154555,57.63060311370659,8.82184669148478,-5.29716860028331,6.056389840840712,-0.00013518575281931328,0.004844397265207988,3017.391,5273.213495588791,15915.458283916787,216,B0034,119,1.3308160596334049,24,1.7841024385118185,77,0,1.3308160596334049,1.7841024385118185,0.009306300637211029
3.399163910018903,2.0993400599564533,4.183571382297645,0.3719823240702947,-1.737147942355728,-4.031261774539943,1.992535395677793,38.79791433490267,57.01462861282404,8.739189843984944,-5.252174044676936,6.056702249640282,-0.00013804751508202995,0.004502428103403996,3022.14,5228.122980095236,15807.766538532976,216,B0034,120,1.333083376618503,24,1.7871420214299172,76,0,1.333083376618503,1.7871420214299172,0.003135302211849389
3.396151910618556,2.051523215347617,4.183893272585923,0.37490965347626387,-1.7450526641182944,-4.031883079901577,1.9936608981019226,38.873425446921566,57.17373710163345,8.762417060776631,-5.2706875980816115,6.055628935733104,-0.00013973713181951244,0.0046209680672968,3009.016,5228.408950364542,15791.985081110484,215,B0034,121,1.3333226534895923,24,1.7874627978783975,75,0,1.3333226534895923,1.7874627978783975,0.0033655604997044454
3.3999185413871995,2.127535513157563,4.184006388641318,0.3722471276327508,-1.7341883809096077,-4.0317878151340585,1.9922095654495857,38.72429474171124,56.96912010183172,8.724572901758615,-5.241441885071361,6.053372456720008,-0.00013974899431120523,0.0044179093951763485,3014.672,5206.495877672939,15736.851902408562,214,B0034,122,1.3264281097516477,24,1.778219918514076,74,0,1.3264281097516477,1.778219918514076,0.0024706755513895116
3.397850235603045,2.0823277676119383,4.181910454160974,0.3747384474446145,-1.734400276547127,-4.031344486974082,1.9921412143803898,38.693927613601694,57.10359458618797,8.767456609939433,-5.235796979808281,6.046857461140687,-0.00013451934865667736,0.004556627792241319,3010.703,5197.11360250698,15690.28396580529,214,B0034,123,1.323971040986857,24,1.7749259528731278,73,0,1.323971040986857,1.7749259528731278,0.0002732160106822867
3.399278705498605,2.1365617064803337,4.181304092373182,0.37222493331542544,-1.7344615887918813,-4.031165844112306,1.99208494143036,38.83689474258564,57.068326741336485,8.736916060940722,-5.240327467115919,6.050032683700969,-0.00013634960132632694,0.004411685745464818,3011.75,5201.001248522266,15714.570636604718,214,B0034,124,1.3249364225071156,24,1.7762201509044184,72,0,1.3249364225071156,1.7762201509044184,0.00117592742525785
3.393991029909915,1.9941210557405096,4.181467747221002,0.37789405609957344,-1.7422565015843707,-4.031283330684273,1.99327832255724,38.98262569198278,57.42601185667435,8.797983605565642,-5.2545701613277505,6.047355761063963,-0.0001378257504781579,0.004739620429041638,3005.734,5212.921708277187,15722.650838350086,213,B0034,125,1.3283067675570923,24,1.7807384618901951,71,0,1.3283067675570923,1.7807384618901951,0.0009553218122821505
3.3920728040875394,1.9772527709370784,4.184933925854431,0.3801219628139757,-1.7506020276231054,-4.031390232489055,1.9941857453865575,39.051031869034375,57.61101162387096,8.838929305417206,-5.27682501084354,6.047787774455039,-0.00013927694738298166,0.0047952455955936266,2993.75,5220.520659510811,15737.577236125402,212,B0034,126,1.314584348909226,24,1.762342079914851,70,0,1.314584348909226,1.762342079914851,0.003747660916073281
3.3991110461098466,2.126873333723975,4.183605741258281,0.3745652158276003,-1.7318011089547243,-4.030190775657842,1.991840114969313,38.79001119015603,57.13778358983724,8.768643822942849,-5.227332147605398,6.044307684023078,-0.00013779560504866847,0.004448917045835342,2998.125,5172.758606604642,15614.745308795827,212,B0034,127,1.3166841798543305,24,1.7651571297352264,69,0,1.3166841798543305,1.7651571297352264,0.001948785979463441
3.395190942431077,2.039511489521072,4.18498220766507,0.3788185092461381,-1.739970121407176,-4.030832991804198,1.9930086723376401,38.89401391225135,57.23603082155364,8.817119705402904,-5.244581319617682,6.041813278524071,-0.0001380411853387316,0.004627491528758151,2990.859,5186.466843175598,15633.214010702739,211,B0034,128,1.3041727649654071,24,1.748384228889177,68,0,1.3041727649654071,1.748384228889177,0.00395965520428998
3.3964846031258618,2.0358214749013905,4.181710702444723,0.37049402486647665,-1.7427011000827153,-4.031156962815287,1.993291703394223,40.171574663158054,58.39093066235441,8.680668591147082,-5.272946051962753,6.064243675567341,-0.00013547895600733506,0.004526972719574943,3024.453,5250.833952691775,15888.004673086736,213,B0034,129,1.3534450073572306,24,1.8144389831625911,67,0,1.3534450073572306,1.8144389831625911,-0.005701716970022997
3.394474869519725,1.973042506261499,4.184181072689387,0.3672121915754649,-1.7609977485305528,-4.031505060697891,1.9957052562503235,41.03606365974405,58.90073826779548,8.58675913782817,-5.34460822741354,6.0926984754125835,-0.000137073776300365,0.004606027923136942,3030.765,5313.678135823568,16128.400938919356,213,B0034,130,1.371294082513786,24,1.838367593192112,66,0,1.371294082513786,1.838367593192112,-0.008597462991338744
3.396433031795198,2.0280193684749017,4.18330455406694,0.3682987390428935,-1.7510064310910844,-4.0310979373493865,1.9946503871453536,40.43961489235273,58.27129279916865,8.615091400374975,-5.306793207068262,6.078533214470257,-0.00013988252852149973,0.004491279223422619,3020.813,5267.309694696626,15964.69306847795,212,B0034,131,1.357699321922511,24,1.8201423506078291,65,0,1.357699321922511,1.8201423506078291,-0.00862299460265703
3.391155270712207,1.9435482703621487,4.183090426902681,0.38005544719190654,-1.7476615383639926,-4.0324414576282885,1.993487097282149,39.651877682602084,58.03064804249352,8.796592591944375,-5.268169828699961,6.046955471651592,-0.00013687062081167112,0.004809297435255276,2998.156,5218.541852960628,15731.293320280694,210,B0034,132,1.3286903090919502,24,1.7812526406774567,64,0,1.3286903090919502,1.7812526406774567,-0.0024012258475239355
3.395487164367482,2.0636905936063763,4.184001846460157,0.3778446402934429,-1.737132841849628,-4.030608268179589,1.9927594215368052,39.179107326892364,57.376456720947886,8.773934402473195,-5.235564345562704,6.039752262192296,-0.00014237178037679795,0.004506917020309566,2986.766,5168.970992378415,15579.7645109545,209,B0034,133,1.3143943268181724,24,1.7620873348104726,63,0,1.3143943268181724,1.7620873348104726,-0.0020443123705530474
3.3795305779550775,1.9437968709766944,4.173319870139646,0.37436144319736553,-1.7833514969895126,-4.030934744594092,1.9975721596706724,40.11810121003218,58.48728985101988,8.830256928140628,-5.3799366685502035,6.062951176935495,-0.00013345205061064688,0.0045730472241366895,3032.328,5395.4152379863535,16277.93013179,199,B0034,134,1.3866783030110723,24,1.8589917997495324,62,0,1.3866783030110723,1.8589917997495324,-0.00664665913076834
3.392303218262864,2.071041778175654,4.181768359109135,0.36219923204953647,-1.7701661084313476,-4.031180224182523,1.9967121898900635,40.80596825835928,58.63748276638773,8.611401275233154,-5.374210774252892,6.093364536528857,-0.00013765585893978614,0.004348409895472446,3047.703,5375.941612174472,16322.22477804303,212,B0034,135,1.3868330458429208,24,1.859199249202554,61,0,1.3868330458429208,1.859199249202554,-0.0031077926658269472
3.4001334063326003,2.185338383273266,4.182301042571854,0.36401944438974265,-1.7401783923806775,-4.031782992778244,1.9930098218361476,39.68459882372222,57.63608525053667,8.666069410115938,-5.275285625778958,6.070971127392744,-0.0001342255695304426,0.0041878719526243545,3034.968,5260.663324693764,15948.27592279384,211,B0034,136,1.3548037379291014,24,1.816260508014961,60,0,1.3548037379291014,1.816260508014961,0.0005791167986819445
3.393642423268678,2.0310061849780774,4.178121720093713,0.3753832080687018,-1.7373219803903293,-4.030909285227107,1.9926422428785588,39.35391690299883,57.60594379182819,8.767075656336281,-5.239070084616814,6.042565205570763,-0.00013715509187691317,0.004558626347530179,3011.7339999999967,5212.905233834758,15721.396759670526,209,B0034,137,1.3255787669951669,24,1.7770812829588458,59,0,1.3255787669951669,1.7770812829588458,0.0006223084193566653
3.4010015677885197,2.1906611266270994,4.181856458554027,0.370934410528928,-1.726421739308256,-4.031391102007752,1.991086342131865,38.774974385595264,56.80159282025973,8.741771908238576,-5.214948168228539,6.044033690500291,-0.00013879104104619341,0.004238373921077688,3002.922,5168.568490982436,15609.950567929456,208,B0034,138,1.3119728676377551,24,1.7588411076573909,58,0,1.3119728676377551,1.7588411076573909,0.0004842918360834503
3.400303147037451,2.142279706628003,4.183618050676316,0.37617378073026325,-1.7241986137944987,-4.032301237199556,1.9905129167966487,38.265844006523615,56.21047251769452,8.673215119185038,-5.1998555008158105,6.034296013841491,-0.00013934574775353883,0.0043728821142357465,2986.718,5150.908481511151,15532.016692253814,206,B0034,139,1.3064487948795198,24,1.7514354924281914,57,0,1.3064487948795198,1.7514354924281914,0.016045901626310498
3.4014259376568985,2.160163197204225,4.180694864027114,0.3657693128234307,-1.7352631240732406,-4.032232493006905,1.9922799931556214,39.68448087231524,57.153953136576106,8.466403178822825,-5.259909087380409,6.068815767640088,-0.00013782035005773907,0.004217259569176728,3006.203,5220.917504297896,15823.044483556845,207,B0034,140,1.3418431880549024,24,1.7988854932879956,56,0,1.3418431880549024,1.7988854932879956,0.008997971557603669
3.3937688197583187,1.955449063066795,4.184699791551839,0.37153923400975486,-1.7542912065406973,-4.032459345523554,1.9943659027856753,40.52184920089412,58.22840707938393,8.54489609430528,-5.314134743607591,6.077757655337978,-0.00014284264352981338,0.004608838925480313,3011.609,5288.281670983341,16017.403471931124,207,B0034,141,1.3609210170759327,24,1.8244613803773861,55,0,1.3609210170759327,1.8244613803773861,-0.0012234558293662712
3.40281516420186,2.186393196562525,4.184264442346774,0.36801812103517795,-1.7326282784227318,-4.031899555003315,1.99191852844605,39.34384441360489,56.896536733279625,8.53978441367397,-5.247690380845147,6.062705211296644,-0.0001407888548692144,0.004186561951567707,2985.953,5179.3768627597065,15684.794669050276,205,B0034,142,1.329960367739497,24,1.7829552912531987,54,0,1.329960367739497,1.7829552912531987,-0.0008763201488660499
3.402086089777065,2.1725626411969494,4.1832269410899645,0.3740681702393197,-1.7211553304454028,-4.031537675655013,1.9900722312670818,38.612144786286876,56.43024249534344,8.628697466506054,-5.195339823811043,6.037422417103124,-0.00013675629358235968,0.004299167689421137,2976.312999999994,5127.531596123844,15475.337663525204,204,B0034,143,1.299069387625936,24,1.7415426012351611,53,0,1.299069387625936,1.7415426012351611,0.0025806960023638135
3.3974407926386454,2.107521375414201,4.18242247093296,0.3779435373270901,-1.7293251908726686,-4.031552007887981,1.991427230223839,38.61589548680076,56.60428484008346,8.711982043102548,-5.209897527690758,6.03170505962939,-0.00013713992527201923,0.004440779791447891,2964.75,5125.197682773689,15436.846338301439,203,B0034,144,1.2984544371955695,24,1.7407181938691403,52,0,1.2984544371955695,1.7407181938691403,0.0015988715367900586
3.3900153291758635,1.972495650379372,4.181677931125044,0.38093850342115515,-1.748688834226016,-4.031822718744165,1.993510884231112,39.405725006770766,57.47493245382511,8.754742045513085,-5.265263540727295,6.038671264368555,-0.00013940745606828383,0.004677831434490156,2969.953,5193.62697671443,15635.143375128264,203,B0034,145,1.317648609161009,24,1.7664500512215295,51,0,1.317648609161009,1.7664500512215295,0.004838915778778707
3.4000590460263824,2.15288424756184,4.184377456853175,0.36685828665744374,-1.7409400126466616,-4.038795954400871,1.9932493712300807,39.93466601122023,57.43585109945852,8.536397858720107,-5.275316078495898,6.07006115116085,-0.00013894396963094478,0.004208308276002648,2988.453,5202.3144354968135,15760.962965536104,204,B0034,146,1.3360648564106594,24,1.7911390166037093,50,0,1.3360648564106594,1.7911390166037093,0.004971232133054659
3.3987353103697178,2.175170885643991,4.182088306746119,0.36020007998010495,-1.7514562329904435,-4.033056340172318,1.9946659405274803,41.55493252456659,59.12207312090748,8.578467537450495,-5.320853684197016,6.088930666449868,-0.0001362108351499767,0.004086079433441503,3001.235,5239.427309597434,15918.813587761653,205,B0034,147,1.3635797361860138,24,1.8280256800514676,49,0,1.3635797361860138,1.8280256800514676,-0.006723873689303339
3.3928187346829195,2.0442124222047857,4.181101635503988,0.3735916769616042,-1.7489863545731503,-4.031676887900432,1.9942570014618868,40.30936955838523,58.23289082409849,8.675707293149884,-5.281060417078485,6.054674935075817,-0.00014092725845398445,0.004422203367605592,2976.234,5191.572186238086,15676.382059205509,203,B0034,148,1.3333112541544827,24,1.7874475158404184,48,0,1.3333112541544827,1.7874475158404184,-0.0068483733057093325
3.3901374196096965,2.030057772957424,4.179766813903975,0.3803530339163775,-1.7463412570660508,-4.031008497658909,1.9939037281528282,39.63376472877464,57.69877961341635,8.756958511526559,-5.253621510728983,6.032326703053104,-0.00013411340664941398,0.004579606894966424,2950.39,5137.690408354516,15457.120735701787,201,B0034,149,1.3023273463118925,24,1.7459102461806142,47,0,1.3023273463118925,1.7459102461806142,-0.0007745818232645973
3.3844914074498393,1.960005305735824,4.180263086800403,0.38758715276672046,-1.7543675539321288,-4.031145578011882,1.994407754021368,39.39726410153058,57.777112656377554,8.875731169645771,-5.261375913364528,6.018830470759696,-0.00013538101835555336,0.004771017405695638,2941.719,5147.186815840627,15437.598658225666,200,B0034,150,1.2888728444455877,24,1.727873035542167,46,0,1.2888728444455877,1.727873035542167,0.00575515294308424
3.3921220546792745,2.097517979952191,4.1809918219864,0.3821333291796395,-1.7346999432389851,-4.0312307343283,1.9922776793108816,39.0556543100656,57.23966158430743,8.787883595963391,-5.210024502646139,6.016308769364549,-0.00013295152542709622,0.004459407643008111,2946.969,5095.021709194145,15303.582694654353,200,B0034,151,1.2902746194203034,24,1.7297522660583091,45,0,1.2902746194203034,1.7297522660583091,0.0091580473980712
3.389816955641987,2.063176636612858,4.181979956691477,0.383574286620461,-1.7433417157972704,-4.0307864323142,1.9935083216020633,39.19214857830457,57.39229514777536,8.806534107929302,-5.234419339148613,6.019363418871631,-0.00013778622538147844,0.004506528784286942,2936.171,5104.116464153124,15325.737349476289,199,B0034,152,1.292407565676824,24,1.7326117105246774,44,0,1.292407565676824,1.7326117105246774,0.014234434101837978
3.3881964986011384,2.050195394002453,4.1832960690677,0.38384609187231933,-1.7522140323058732,-4.031891788952559,1.9947651337855241,39.3246784315448,57.49397345620112,8.806719922098697,-5.262089744480856,6.02477207719094,-0.00013887941373931745,0.004533210445720747,2927.281,5115.361763641683,15363.955979113543,198,B0034,153,1.295409150510234,24,1.7366356586743281,43,0,1.295409150510234,1.7366356586743281,0.007580420728849724
3.392372693620385,2.142448068324373,4.182349252301679,0.381407661722579,-1.7406561651353165,-4.030519452398561,1.9931709198069985,39.02095895366564,57.117778050999135,8.768819109934158,-5.229664637345931,6.020063805286957,-0.00013603229431361386,0.0043349689147167345,2924.422,5076.1697363832145,15250.44300850471,197,B0034,154,1.283229881592695,24,1.7203080353203852,42,0,1.283229881592695,1.7203080353203852,0.0038194929438394977
3.3581270184036267,2.132265781269793,4.166622490761778,0.3507723817126879,-1.8482512574133536,-4.031364436387261,2.005142169092682,41.16886509114223,59.0081622348613,8.706351119223243,-5.594884878604782,6.098732009225087,-0.0001379416254621334,0.004026573395126088,3023.859,5579.780144023414,16888.86939257913,203,B0034,155,1.4557454024367815,24,1.9515836944853757,41,0,1.4557454024367815,1.9515836944853757,-0.03337451159823877
3.3640532409111272,1.984934774787036,4.183046790056729,0.357419118071353,-1.8493953640798928,-4.031501683106394,2.0050460754062693,41.53076127734769,59.53806687629183,8.784955436316766,-5.61115441535801,6.118997257768764,-0.00014062042970804797,0.004374895822007455,3056.172,5632.49552435407,17089.147798004105,205,B0034,156,1.454676342673242,24,1.9501505045886662,40,0,1.454676342673242,1.9501505045886662,-0.032880344650587735
3.38037517618057,2.13940846198312,4.180727864826346,0.3600112326929229,-1.799535657719212,-4.030744595022684,2.0006439057942282,40.35674808373947,58.40787633507069,8.773541121007963,-5.451612075234735,6.091077688753643,-0.00013943307829866356,0.004143636534261617,3045.078,5462.0965682659835,16547.091337063226,204,B0034,157,1.423427718198495,24,1.908258353737335,39,0,1.423427718198495,1.908258353737335,-0.026204030504334196
3.379746726032651,2.04587233974925,4.182665046607197,0.37053774873046974,-1.7883422605091341,-4.031671799370217,1.999469232753588,39.90529016402678,58.34388806897325,8.89793899824567,-5.395781021655836,6.066306394548035,-0.000139842874579562,0.00443297431699335,3034.25,5409.773647290475,16323.143886206675,203,B0034,158,1.392551210363313,24,1.866865065369105,38,0,1.392551210363313,1.866865065369105,-0.0194284119706158
3.383744830197482,2.0970875648564333,4.183546703480425,0.3712928827852244,-1.7775400800465013,-4.030922111155082,1.9980203923953828,39.6263343523975,58.00881689774913,8.884333146061364,-5.361298050034015,6.058253258326461,-0.00013752723412681136,0.004371958063473573,3022.609,5354.872407592398,16149.625690019639,202,B0034,159,1.3765732493746907,24,1.8454448856561398,37,0,1.3765732493746907,1.8454448856561398,-0.01866867355639914
3.382914022586479,2.0432611124631137,4.184556412259601,0.37134314116056544,-1.7773805764791353,-4.0316407463870965,1.9982421895262108,40.251117050644716,58.52325787492752,8.82571632844167,-5.3627425165196705,6.062462297519313,-0.00013463271361547,0.004474999602613708,3028.828,5369.325624249194,16201.277137275749,202,B0034,160,1.3810190828982352,24,1.851405004917669,36,0,1.3810190828982352,1.851405004917669,0.014945263907709273
3.378266732241365,1.961939116178396,4.183306721542989,0.3697454527303949,-1.7969239114736186,-4.031325299834524,1.999497286995594,41.28365494023095,59.50837827191452,8.775093872813535,-5.4321779113278215,6.080820881175344,-0.00014032648811528403,0.004529055422367203,3037.875,5442.166482227397,16451.151492705696,202,B0034,161,1.4007568321672863,24,1.8778655862630347,35,0,1.4007568321672863,1.8778655862630347,0.010783902101191156
3.386601516930242,2.0966495970812926,4.186122527731293,0.3692530378085966,-1.7752050021088217,-4.034378256939229,1.9978622903823828,40.27720417425089,58.58184665309335,8.869085506578669,-5.363888572517599,6.068631569319347,-0.00013892176395759987,0.004293534069595368,3023.187,5350.806423631264,16167.77291852044,200,B0034,162,1.374645303479972,24,1.8428602662812923,34,0,1.374645303479972,1.8428602662812923,0.009756482943704592
3.3873478555743035,2.126944667717326,4.187372242173173,0.3760662570147702,-1.763847205060641,-4.031792301917485,1.9963107769277906,39.458737885900284,57.97580640887124,8.938408008080145,-5.309895326323015,6.041422201195568,-0.00013779888504730458,0.004350095974413068,2996.922,5266.283026258523,15853.515401536766,199,B0034,163,1.3345924114397838,24,1.7891650453369083,33,0,1.3345924114397838,1.7891650453369083,0.011591759784705858
3.3839254722198504,2.0654092965524384,4.194441292072135,0.3816911276585305,-1.7725760652080313,-4.031054086064945,1.9974668283273616,39.29135666075848,58.05700140061033,9.025509798969106,-5.326138513461035,6.0361614017822305,-0.00013964969645139592,0.0045385200841021245,2986.469,5271.806339650532,15841.913309930966,198,B0034,164,1.336396621564738,24,1.7915837835691515,32,0,1.336396621564738,1.7915837835691515,0.008035325561990537
3.389334235413473,2.148229610932935,4.178978876708447,0.37819845129951546,-1.7406273194455324,-4.030876471673389,1.9931987208475053,39.19247737595363,57.78193242469556,8.913574424595451,-5.227846540829401,6.017127823702917,-0.00013779179917149448,0.004317042426923763,2979.219,5168.918798721373,15524.106550999955,197,B0034,165,1.3069152971756248,24,1.7520608890621046,31,0,1.3069152971756248,1.7520608890621046,0.014820757144522068
3.3898762516669514,2.1586251956084066,4.180760079138194,0.37245467796396914,-1.7523330419103598,-4.03123362422716,1.994964574028877,39.892115077092285,58.20713739139197,8.849086411635362,-5.280067861408219,6.041222640823859,-0.0001353481528227981,0.004240812514904076,2995.047,5232.030922918357,15764.714588393443,198,B0034,166,1.341539456674081,24,1.7984783086186693,30,0,1.341539456674081,1.7984783086186693,0.011843475098641055
3.387534636174606,2.095346963555327,4.1815749331430805,0.3724447945391291,-1.7613727505178338,-4.0317407805438,1.9960984425085135,40.35117578100876,58.6134064492062,8.802998004495405,-5.310969919433701,6.0502104322896075,-0.00013811351922205748,0.004301172894111007,2989.828,5252.248725710094,15836.232411872532,197,B0034,167,1.346388970161922,24,1.8049796044037805,29,0,1.346388970161922,1.8049796044037805,0.005651266663609977
3.3867620663269333,2.062626550286472,4.182056202732491,0.3747592906047798,-1.7612926148605925,-4.031049977481575,1.9959987880572672,40.23284401135697,58.64476637032693,8.882871068205157,-5.307002889389994,6.046827332225943,-0.00013429129884485154,0.004399784776514432,2989.391,5245.876108809762,15806.453180100822,197,B0034,168,1.344989807277774,24,1.803103875676723,28,0,1.344989807277774,1.803103875676723,-0.0020794791675980305
3.3856540718379167,2.076505393409293,4.185552990507065,0.3812170467383692,-1.7587841210720874,-4.031503094164638,1.995629924572732,39.47675997912519,58.05107392892897,8.971189403579125,-5.2822546706224385,6.026619163620785,-0.0001379181461564661,0.004455685331859402,2967.2810000000027,5202.619322780726,15625.237040077025,195,B0034,169,1.3158760805047784,24,1.7640737854145299,27,0,1.3158760805047784,1.7640737854145299,0.004104108211991919
3.380989577809656,1.9787021969242389,4.185152280694706,0.3885685717013749,-1.7582529402290834,-4.030548710192742,1.9952926970052227,39.32483875925542,58.291445432401005,9.081522205561656,-5.263559860327024,6.010063047167501,-0.00014131721126246416,0.004688463125308675,2962.609,5195.094604193121,15553.057519527589,195,B0034,170,1.2972766889740088,24,1.7391392953738678,26,0,1.2972766889740088,1.7391392953738678,0.0019277216403231988
3.381603206447632,2.0077745341235347,4.178887193827684,0.3893946033036031,-1.7466107935226565,-4.030657074815704,1.9939150701927628,39.06556270503843,58.02893221948005,9.078204178374019,-5.22015787539843,5.994578913606789,-0.00013897564851650195,0.004622857648000646,2957.016,5153.318325093163,15402.578350454014,194,B0034,171,1.2851255211005648,24,1.7228493444998532,25,0,1.2851255211005648,1.7228493444998532,0.011282787114703253
3.3826507314858842,1.984631695912844,4.18021178705338,0.38077239239255634,-1.758399711843396,-4.032180179891317,1.99529367738571,40.25366972386004,58.80693345869639,8.914427791215662,-5.282717095441597,6.029742535849945,-0.00013335646181827226,0.004582687829635804,2973.281,5214.997034495287,15667.389153168204,195,B0034,172,1.3190209156530253,24,1.7682897760588345,24,0,1.3190209156530253,1.7682897760588345,0.005473610901779358
3.3872757037197703,2.120505374633019,4.185160711724249,0.37232162938522956,-1.76779626471083,-4.030907491504972,1.996857680526855,40.60644361981523,58.770145898372334,8.78411375853056,-5.332380606772658,6.054484628662371,-0.0001368713289139447,0.004239154138278579,2968.016,5234.467795491108,15790.352970935499,194,B0034,173,1.3410097849290994,24,1.7977682265265633,23,0,1.3410097849290994,1.7977682265265633,0.0007960044697349122
3.386339157278954,2.082697161198142,4.179746730828125,0.3771336242359494,-1.7560445058115577,-4.031263715522782,1.9953723345230288,40.11087407785343,58.49257429310864,8.879388540419937,-5.282331806396301,6.034421921533236,-0.00013857876318592574,0.004331757313504129,2959.281,5182.300557824207,15588.305866307324,193,B0034,174,1.326126983882746,24,1.7778162268144473,22,0,1.326126983882746,1.7778162268144473,-0.002050180675593527
3.3808981042387045,1.9993127386412168,4.185599509953072,0.38663564827585883,-1.7648997839310985,-4.031557050834733,1.9964246622696549,39.61213844688629,58.33204656703581,9.024439584340298,-5.2883073354893915,6.017790118485999,-0.00013899152639778692,0.0045960893668381755,2942.797000000006,5181.634648492621,15527.003361289078,192,B0034,175,1.3091442679990724,24,1.7550490648153938,21,0,1.3091442679990724,1.7550490648153938,-0.0023735158050127046
3.3749959210790252,2.016671623451248,4.169799130983922,0.3731942220086469,-1.7884175858149567,-4.031997801811629,1.9990972544853243,40.95422192099372,59.3603280691461,8.899741314662048,-5.38288505748247,6.049985210577932,-0.00013800340693942173,0.004375011819360008,2978.89,5315.84840114849,16000.528832759657,194,B0034,176,1.363001289617145,24,1.8272502100482337,20,0,1.363001289617145,1.8272502100482337,-0.015575153703316058
3.385047602248052,2.1864172793825265,4.180217693900072,0.3766141380001661,-1.7651175661948963,-4.031055760751357,1.9963080050598117,39.368332915328914,57.712318998766975,8.919915281138723,-5.30422809656116,6.028324531140847,-0.00013366291351736011,0.004199389969856703,2948.891,5193.46704826435,15608.040065108784,192,B0034,177,1.329285701687194,24,1.7820508286564467,19,0,1.329285701687194,1.7820508286564467,-0.0020529572068337387
3.3857894711790375,2.166880233541012,4.179741845595007,0.3799136622465345,-1.7533361843271522,-4.031015029033163,1.9949413480992653,39.15337098937444,57.633102922228126,8.93952442694977,-5.260063689937626,6.014990675033864,-0.00013218298366173497,0.004270430692055482,2938.547,5140.319647581689,15422.172267503818,191,B0034,178,1.2969085930621855,24,1.7386458231098865,18,0,1.2969085930621855,1.7386458231098865,0.008820238373382772
3.380809465968222,2.073777619248528,4.181172769902619,0.3854608895681401,-1.7623544327636462,-4.031067192634773,1.9961313280942339,39.243985033148604,57.87686984231968,8.99830389714488,-5.276176544933628,6.009220865649545,-0.00013796106085084268,0.004430012473480644,2925.484,5146.723934369312,15409.049424683057,190,B0034,179,1.2986285924941396,24,1.7409516678271748,17,0,1.2986285924941396,1.7409516678271748,0.005499678277721287
3.385818012946154,2.1762844479074928,4.179417995861986,0.3821658011278079,-1.7501681024171156,-4.03051089021253,1.9944571583348032,39.03574242025546,57.47417762924851,8.94142130004626,-5.2444388836169,6.006735864918256,-0.00013670378418989573,0.004251525678572484,2917.297,5095.233653227823,15268.893949099087,189,B0034,180,1.2840657611821942,24,1.7214286220484551,16,0,1.2840657611821942,1.7214286220484551,0.005015701363375635
3.3852891991053005,2.178495224886361,4.192681708507562,0.38015272458266075,-1.7716218211716077,-4.031529673129687,1.9973605544979975,39.362600417809674,57.69186868894567,8.930188404192386,-5.321723943765958,6.0306744021157055,-0.00013737325747315875,0.004229096757277496,2918.938,5160.880152153624,15503.518446731003,189,B0034,181,1.3021015914136362,24,1.745607597394879,15,0,1.3021015914136362,1.745607597394879,0.012179939640701765
3.375861800258899,2.003802772888259,4.1874346087886645,0.3900034625458464,-1.7808467524862919,-4.031358409625566,1.998027920753913,39.45158799429391,58.2351265327566,9.07816156110593,-5.325919201520976,6.011356715959801,-0.0001406429014528613,0.004584099708071685,2918.25,5186.482886752632,15511.807560201602,188,B0034,182,1.3089076351731337,24,1.7547318329945625,14,0,1.3089076351731337,1.7547318329945625,0.004075613302812054
3.3766457982542852,1.978757159009704,4.179967885403278,0.39266552369223306,-1.7593469071219419,-4.030358918119561,1.9950979953988108,39.280231448753895,58.159040648414255,9.075237182289214,-5.250785742278289,5.990922351196163,-0.00013659133550151425,0.004652403580033482,2915.4839999999967,5116.777974317427,15271.675439469973,188,B0034,183,1.2722519696513912,24,1.7055909605432418,13,0,1.2722519696513912,1.7055909605432418,0.004931324682158867
3.383954937211064,2.137223761530643,4.180528142405268,0.38635486474698727,-1.7475031987682161,-4.031297723634209,1.994076394274145,39.093994194844335,57.66508009332591,8.9878818355428,-5.226002365854311,5.994698596061189,-0.0001339622584579146,0.0043199250586189305,2906.015,5069.559467715376,15161.792229703822,187,B0034,184,1.276011534360331,24,1.7106310624539525,12,0,1.276011534360331,1.7106310624539525,0.004523411626761708
3.3780729656424993,2.026812719380422,4.179166028461803,0.39192893704368376,-1.7569231795305056,-4.030974316014234,1.9954071469769383,39.19231540051726,57.950977227160536,9.042066059926361,-5.242417611535618,5.988602364468277,-0.0001353017308156277,0.004561703348539674,2894.14,5077.484011565747,15151.14032337006,186,B0034,185,1.2605053003103004,24,1.6898432835715609,11,0,1.2605053003103004,1.6898432835715609,0.004712092174378757
3.386411304876093,2.1955750105431733,4.18010360467577,0.38479480188041076,-1.744613516148423,-4.031011123253645,1.993802776178093,39.05035096355298,57.50629199129354,8.956891916452301,-5.2204898681068075,5.9960304320011195,-0.000135260165126473,0.004192956147182385,2892.031,5036.504777019182,15072.018194150894,185,B0034,186,1.2660681251347117,24,1.6973008501243572,10,0,1.2660681251347117,1.6973008501243572,0.0072066932557849125
3.3853753800263027,2.198015566541252,4.177719373483749,0.38550961144833673,-1.7445998152904736,-4.0313116805798215,1.9936697873615052,38.99238106302636,57.45114086897508,8.96934231902987,-5.216198383288755,5.990319510583133,-0.00013248448041247503,0.0041998271852373755,2888.719,5035.117185368413,15055.427636415514,185,B0034,187,1.265829016865281,24,1.6969802997045815,9,0,1.265829016865281,1.6969802997045815,0.00861572366157053
3.3831949117830207,2.1741564738787478,4.180691683259775,0.3872610592372027,-1.7538809660262522,-4.030793702940819,1.9948759645588585,39.013996139611024,57.51486337636169,8.981042072773212,-5.242059140326797,5.9929968844812835,-0.0001366648116389359,0.004247525756848508,2875.641,5033.5809813790665,15046.243146525183,184,B0034,188,1.2655873898206993,24,1.6966563725951,8,0,1.2655873898206993,1.6966563725951,0.0013329159661383816
3.370377688846256,1.959703796663527,4.184107730812699,0.3975885969634877,-1.7847975615409868,-4.030759976825486,1.9982764472789836,39.39352264576831,58.24937682662199,9.11109178377562,-5.317761013461337,5.992614636508794,-0.00013807015114613541,0.00473437632055904,2860.7810000000027,5098.457641918076,15191.728711530719,183,B0034,189,1.2663598323027554,24,1.6976919150398058,7,0,1.2663598323027554,1.6976919150398058,0.0019303404115151412
3.37385872825505,2.0588486889378887,4.19339113872627,0.39219806332576945,-1.7952150007705359,-4.030879107970756,1.9999541156389467,39.40321172109691,57.97580626211991,9.05358691401512,-5.363589522617431,6.010338946589756,-0.00014251099139979745,0.004490758467643708,2852.844,5111.832719788651,15273.740710717315,182,B0034,190,1.2868479432728903,24,1.7251584371618693,6,0,1.2868479432728903,1.7251584371618693,-0.005268528592517985
3.3788676910292508,2.147269943612274,4.184650326377129,0.3892753675908848,-1.7732811378527673,-4.030910228339476,1.997430981654246,39.209002406361016,57.6936935982226,8.986453121062826,-5.298092337612144,5.999611440494068,-0.00013762986491286144,0.004314377936359932,2854.64,5051.821963510999,15094.559274817624,182,B0034,191,1.270026164613209,24,1.7026070288664878,5,0,1.270026164613209,1.7026070288664878,-0.0007916078956994532
3.3775187954558987,2.046243465893371,4.179142866728917,0.375231821024851,-1.7981891817251408,-4.031161376886709,2.0002473764090016,41.7029996329405,59.714275603056464,8.788596076959339,-5.417857091237628,6.0597760642417775,-0.00014007006210523887,0.004250651842762838,2897.844,5203.1165104082165,15676.827699831529,184,B0034,192,1.34598253292492,24,1.8044347314588018,4,0,1.34598253292492,1.8044347314588018,-0.016030703211927788
3.3764102425962137,2.0152140329169157,4.183823497630528,0.3786962689013795,-1.7979821246857843,-4.031304782841973,2.000332785477752,41.54042703429465,59.59622829096066,8.79354341801585,-5.410220356086428,6.053757533466212,-0.00014303897586294948,0.004346428867863521,2896.063,5201.235391313215,15652.256164067367,184,B0034,193,1.3286875315413778,24,1.781248917071393,3,0,1.3286875315413778,1.781248917071393,-0.012620028344135692
3.374457339617825,2.022057967188541,4.183386852109095,0.38514156757032986,-1.795586068723611,-4.031456327316925,2.0000936574926307,40.70765268927143,58.94389183765572,8.912665816119963,-5.383233613712808,6.031086807196395,-0.00014106547535215218,0.004433818916361933,2866.234,5141.422962022294,15415.2886600416,182,B0034,194,1.31203071983408,24,1.7589186647651438,2,0,1.31203071983408,1.7589186647651438,-0.009134177506264907
3.369493571122545,1.9943823501630709,4.193391153250369,0.39167834928598577,-1.815444212082474,-4.031480010018408,2.0017577227789487,40.21142863220933,58.684673836382025,9.015424411104513,-5.430054378339252,6.023936394987556,-0.00014869805628298395,0.004549779672064006,2836.609,5145.526450183838,15390.721687435434,180,B0034,195,1.295125492961198,24,1.7362553851412021,1,0,1.295125492961198,1.7362553851412021,-0.0016555099376615256
3.3671763894263442,1.961659201159055,4.182734512107648,0.3958989022425629,-1.8021484216322963,-4.030531863908069,2.000278657332068,40.0046687891377,58.63989407541342,9.054612397287155,-5.373945982446488,6.003345063219059,-0.00014504090841037625,0.0046287432513843025,2829.516,5090.906662323031,15181.42454372524,179,B0034,196,1.2802601605963335,24,1.7163268040803836,0,0,1.2802601605963335,1.7163268040803836,-0.0020467991966249153
2.883239659655731,2.1981645845929387,4.053116638334503,0.270159849712368,-3.952127452371893,-4.035077323306341,0.5528614597941215,38.8265055747093,51.693778100061,7.174779283437996,-11.304266435308339,1.8016240647562307,-0.0018003799014156472,0.005000003465789862,982.938,3902.688391381804,11164.389623892073,104,B0038,0,0.8980573709676724,24,1.0,46,0,0.8980573709676724,1.0,-0.0
3.171331675099785,2.173538006790758,4.1851064801192095,0.390208836903272,-2.99722690705762,-4.032209213478597,1.7574927884719371,40.496516738152486,51.136880141242045,6.403954784692758,-8.92793967278164,5.29693008062457,-0.00027474379423980634,0.009184918809659024,1489.953,4460.923096069113,13276.912700293124,156,B0038,1,1.1026236331914077,24,1.2277875209724203,45,0,1.1026236331914077,1.2277875209724203,-0.2045662622237353
3.1803732612872655,2.191128315273502,4.18694152805074,0.3916372031816179,-2.957884019744667,-4.0325975109048535,1.7789286889712312,40.3082686076966,51.3517572303697,6.572059505361097,-8.8118665435707,5.356112285600709,-0.00029186100678604127,0.008978917111955373,1479.703,4372.724277065501,13018.05682929524,154,B0038,2,1.0885801879473431,24,1.2121499395683142,44,0,1.0885801879473431,1.2121499395683142,-0.09526140848983539
3.2014600077361552,2.174928379064222,4.187310082648276,0.39321590334519796,-2.890891500138237,-4.032449948762388,1.8126396308259376,39.93347404849829,49.541551118224994,6.111368764727812,-8.638651472150764,5.4679576685956075,-0.0002727255908305558,0.009184652978584555,1468.172,4236.6314025049205,12651.933887380255,152,B0038,3,1.0613249847591086,24,1.181800872716531,43,0,1.0613249847591086,1.181800872716531,-0.054422537930478763
3.2011146598082543,2.162304775163232,4.185977695675653,0.4005242417468472,-2.875691989787786,-4.032706809614358,1.8199035833222805,39.949996492029705,49.94400434434952,6.137134916099334,-8.578267985798458,5.484005589672736,-0.0002881512683415171,0.009149845671551816,1457.0,4184.287306894997,12473.044119216956,150,B0038,4,1.0347062057983545,24,1.152160473537944,42,0,1.0347062057983545,1.152160473537944,-0.03416220870767053
3.1928056969575156,2.1523889970129018,4.187105297284753,0.40616499929378097,-2.899456239004,-4.0346441626746445,1.8091388310882985,40.03056196708513,50.47284162905345,6.241703900994773,-8.632432904086514,5.4480271029931755,-0.0002814306704821571,0.009283068738187154,1437.047,4162.921344248129,12384.08730755342,146,B0038,5,1.0269978594353013,24,1.1435771172711309,41,0,1.0269978594353013,1.1435771172711309,-0.025788097693525792
3.0561380160526412,2.1947161370182617,4.18045914385637,0.31690733442409225,-3.65723892716497,-4.031721347243717,1.1654196894762225,39.44913263410249,49.83589725328242,6.656336794853614,-10.915804663120225,3.583993617568092,-0.0003950539206796364,0.009847100703757706,1170.531,4308.714681859678,12851.249900674346,119,B0038,6,1.078501971098942,24,1.2009276979006782,40,0,1.078501971098942,1.2009276979006782,0.004824332418493116
3.181450544509047,2.1463956973341785,4.183492564102866,0.3939377338575549,-2.9674515029911404,-4.032751905126723,1.7740546707723985,40.058567746287395,50.058224679961086,6.326074720157466,-8.84799418425334,5.349280706407169,-0.00029083804571891723,0.009170136321531875,1436.141,4260.017908963905,12693.459051623162,144,B0038,7,1.0638897478802845,24,1.1846567739140372,39,0,1.0638897478802845,1.1846567739140372,0.004938088013411735
3.1927410490834576,2.1983669967426582,4.186120317256443,0.3930513054314971,-2.9319888511060146,-4.0320532789938826,1.7924297207236775,39.916070861462195,49.70254627455938,6.256041502409425,-8.754988976306825,5.405859003960786,-0.00028463630949246074,0.009052785557585341,1420.172,4160.916699103756,12416.180037083916,143,B0038,8,1.0366551223324425,24,1.1543306205653974,38,0,1.0366551223324425,1.1543306205653974,0.004933972485333227
3.167665290347624,2.1858064268526136,4.185843165124554,0.40076113061554247,-2.994495446145827,-4.032203977721678,1.759449442600742,40.27645391572808,51.35429552288885,6.9715167301818965,-8.890381838758632,5.288175436272764,-0.0002802995909860392,0.009277445817473019,1397.0,4182.127154940311,12407.609763568631,140,B0038,9,1.030941327482094,24,1.147968226541292,37,0,1.030941327482094,1.147968226541292,0.0007529756632520979
3.1781927267469925,2.151862863027953,4.185966509890458,0.4038944063577585,-2.9580193436340854,-4.031826212038417,1.7789110721734795,40.1754669430076,50.44246795838984,6.399311039458452,-8.793680262643635,5.3524683022546,-0.0002957576463629526,0.009313906156513015,1393.25,4124.130819510967,12251.334788182023,139,B0038,10,1.0140084541034655,24,1.1291132247050697,36,0,1.0140084541034655,1.1291132247050697,0.002597881066367158
3.1613474600189155,2.164578187429903,4.186351056855524,0.4066006974219014,-3.001260117107958,-4.031995207198451,1.7553861183178092,40.41336717515726,51.33205933952721,6.960222906692548,-8.889324854380764,5.268084249389519,-0.0002881544794426991,0.009328259574690178,1380.938,4147.766043858033,12275.874007807317,137,B0038,11,1.008516095994519,24,1.1229974037269195,35,0,1.008516095994519,1.1229974037269195,0.013997175020884623
3.608926624109929,2.180206803089782,4.177730241404494,0.2662108836921174,-1.0022813853258807,-1.012296953255635,0.06886855411260946,44.29688064198706,49.52801806570102,4.236522814878958,-3.617025632135884,0.3615589115581443,-0.00022397207256563752,0.0017290749064953414,6375.828,6400.537150891948,23089.923214559083,636,B0038,12,1.7419245088095905,44,1.9396583838876982,34,0,1.7419245088095905,1.9396583838876982,-0.13560695218586122
3.6118191487524745,2.1921466685430167,4.186620638463225,0.2725590669442928,-0.985523491989515,-1.013910723004294,0.14543058559182068,47.195451017988766,49.28701938671706,0.8056471650421172,-3.574681934789061,0.5801468140828047,-0.00021652019200803525,0.0013550742745136123,6574.671,6484.657269695894,23518.286943708565,653,B0038,13,1.779741859708433,44,1.9817685564906953,33,0,1.779741859708433,1.9817685564906953,-0.14861734747519809
3.614149636005495,2.16658130125341,4.188933311711306,0.2708591808740772,-0.9870171236405828,-1.0102287651459148,0.14064978178364998,47.146072926598166,49.17905905171433,0.8012490575462061,-3.5813372933549217,0.5646280591449215,-0.00021826827006794897,0.0014035878470958281,6571.156000000003,6491.791998320849,23552.05156028729,650,B0038,14,1.7815666306452766,44,1.983800465582291,32,0,1.7815666306452766,1.983800465582291,-0.15012506063263653
3.6144683724527336,2.1366453580856253,4.189402399305119,0.27042900475051085,-0.9884125593394552,-1.010971995271496,0.13558086859616514,47.127641701986995,49.1809104842522,0.804360730873367,-3.585567840709114,0.548445635676064,-0.00022021191714164526,0.0014506657559526014,6569.11,6499.261601303251,23573.769732718953,646,B0038,15,1.7834859577156017,44,1.9859376643096474,31,0,1.7834859577156017,1.9859376643096474,-0.15389550072242725
3.6165883435722845,2.1909799678189845,4.189825570933335,0.26304979867146583,-0.9883512949484963,-1.0107718854484014,0.1359569287176064,47.09918641441624,49.05688408240341,0.8011814018118003,-3.5872056140441115,0.5468346638342442,-0.00021739873856184893,0.0013853146835116654,6558.75,6489.132394061745,23549.739519870647,642,B0038,16,1.7864411650415677,44,1.9892283308321899,30,0,1.7864411650415677,1.9892283308321899,-0.15558501380940976
3.6160610851845387,2.166402675362294,4.191065310739852,0.26517238502482754,-0.9884509077751611,-1.010981301037933,0.1363189242157929,47.133209565495285,49.13032050804125,0.8080249075394516,-3.5872302561284983,0.548634971936209,-0.00021830557511586817,0.0014180657197557117,6567.516,6498.597210324146,23581.340852811314,639,B0038,17,1.7859997608067948,44,1.9887368207694227,29,0,1.7859997608067948,1.9887368207694227,-0.00881505039944086
3.6257089708628913,2.145739105715045,4.18123625379194,0.24225513238004284,-1.003966417823918,-1.011456158958353,0.05679512993366251,47.15436113022586,49.23198595690627,0.8039093266908052,-3.6383022680015777,0.31761697837825653,-0.0003149220762178531,0.0010002787571627167,6430.172,6461.432105797262,23418.970290599922,624,B0038,18,1.7769523773001608,44,1.978662427084657,28,0,1.7769523773001608,1.978662427084657,0.0005578964816544297
3.613285312724596,2.139096537674337,4.185716420658905,0.2662976941066206,-0.9879674131883375,-1.0106507915352578,0.13709480501043422,47.16342394557887,49.16417337699806,0.7995233182883179,-3.5830138244511085,0.5509331607570824,-0.00021982009176643285,0.0014601164866651923,6554.327999999994,6482.41680222423,23506.924345015956,632,B0038,19,1.781428917321899,44,1.9836471197852075,27,0,1.781428917321899,1.9836471197852075,2.7542664675550556e-05
3.615119723068455,2.1550256706410824,4.189329902417763,0.2642482285852842,-0.9878892583593684,-1.0102198577009358,0.1372615200719171,47.142139947358636,49.04035070342245,0.7846889961436442,-3.5844980362586933,0.5509583650807166,-0.00021782949681673294,0.001442848912967332,6560.922,6488.611629436907,23540.48664588498,630,B0038,20,1.7859452772697195,44,1.9886761525550785,26,0,1.7859452772697195,1.9886761525550785,-0.0004918639108235645
3.6158365688729885,2.1776344857025127,4.189967846272303,0.2620597503260123,-0.9878187430421663,-1.011735169153586,0.13758372839529154,47.07812277465954,48.97912041843542,0.7872186082549327,-3.5848565230917853,0.5512203390707842,-0.00021728192158916552,0.0014002945818348276,6559.047,6486.408532150983,23536.628140721572,627,B0038,21,1.785208429691551,44,1.9878556620140626,25,0,1.785208429691551,1.9878556620140626,0.0002465470700033556
3.615503145763947,2.1804158381574807,4.18974503175606,0.26167793374046255,-0.9877368963424067,-1.010295900186465,0.13796442044786034,47.07326100880017,48.978872169562095,0.7880928480747307,-3.584277546787632,0.5521142405461549,-0.00021780255472331387,0.0013941575877217454,6553.781,6480.552905141357,23514.037265555427,624,B0038,22,1.783596609584544,44,1.9860608767819452,24,0,1.783596609584544,1.9860608767819452,0.00048063024445017534
3.6139392243174577,2.1075006723313274,4.188353739927258,0.26609421180474707,-0.9892953816503839,-1.0110939875613183,0.13267666392413846,47.08146790123274,49.04045996790738,0.7992901410247399,-3.5874246687434157,0.5371019551255829,-0.0002216673331990767,0.001507533971910299,6540.187,6477.716479666125,23486.489145812564,620,B0038,23,1.7796783152744713,44,1.9816977988353206,23,0,1.7796783152744713,1.9816977988353206,-0.0005451875948621066
3.61791112455575,2.1931517470679918,4.1880636486598535,0.2555781052181191,-0.9906537351245918,-1.0105864257560286,0.12684401322944747,47.087615537529175,48.95885334502884,0.7875729837653287,-3.5944691762335554,0.5150752725725035,-0.0002192846208410435,0.0013718340490030303,6535.922,6483.210165223656,23521.174769165016,616,B0038,24,1.7841102592788645,44,1.986632833219168,22,0,1.7841102592788645,1.986632833219168,-0.0005362683913931132
3.615792342161085,2.1577326042974923,4.18971330698209,0.26099628879884984,-0.989093271752985,-1.010810008103469,0.13301128122533445,47.09422579980021,49.01777260309724,0.7874256860471176,-3.588335414270272,0.5363798462058961,-0.00021888750669666105,0.0014279479670278078,6544.078,6480.598954883165,23507.936470690514,615,B0038,25,1.7833032331592191,44,1.9857341978471588,21,0,1.7833032331592191,1.9857341978471588,0.0005284088221000794
3.6151540820598718,2.162189918911785,4.188131880621521,0.2603925932504841,-0.9890153352338132,-1.011662328995332,0.13358057828901188,47.083185115341905,48.99249018111872,0.7797106858586386,-3.5874611543014088,0.5379248123786742,-0.0002191075061685839,0.0014222701057916782,6531.187,6467.390224777313,23456.387678057537,611,B0038,26,1.7796186141356956,44,1.9816313207452723,20,0,1.7796186141356956,1.9816313207452723,0.001117963111171072
3.616195897791123,2.199945094089768,4.188924695577913,0.2573635551390016,-0.9888803362572581,-1.0098072976535653,0.1338919769750935,47.06402084308688,48.94618497316047,0.78742489165564,-3.5878675733713252,0.5377135912513165,-0.00021721966935290456,0.0013620377435944987,6528.562,6464.024380175151,23450.02725209066,608,B0038,27,1.7816592334352586,44,1.9839035801415337,19,0,1.7816592334352586,1.9839035801415337,0.0003874752298570705
3.6135506508279374,2.1302151249881103,4.187542870745614,0.2632459123283905,-0.9888372175373165,-1.0104773124547506,0.13418543343463366,47.07142767555465,49.0209427982368,0.7947122523571097,-3.5854782783645667,0.5406771256796381,-0.00021994563052850428,0.0014713568652600932,6525.187,6460.781670493659,23423.455821627413,605,B0038,28,1.7775911304124037,44,1.979373688005053,18,0,1.7775911304124037,1.979373688005053,0.0004174369724135207
3.615401963428833,2.164304791761506,4.1857951584704445,0.2574330790233709,-0.990311695204241,-1.0109802413886324,0.1282252737122593,47.094941474493815,49.014180829264426,0.790521522882937,-3.5910522454036626,0.5199356595570087,-0.00021887924675267808,0.0014202899089113643,6515.938,6461.554606975969,23428.14308483007,602,B0038,29,1.777701881971679,44,1.979497011483993,17,0,1.777701881971679,1.979497011483993,0.0012816754614370929
3.6125287354843514,2.103101288221301,4.187443417451479,0.26533131510248703,-0.9886847879265132,-1.0098115227107507,0.1345807495376481,47.099513351069206,49.08755174393166,0.7967400197194275,-3.5840948115936597,0.5426257447977352,-0.0002201787513256855,0.0015120091467421006,6532.015,6466.467430206858,23438.21071401527,601,B0038,30,1.7789547618270618,44,1.980892111503085,16,0,1.7789547618270618,1.980892111503085,0.0008696942664314644
3.6160020417093457,2.1449886066523933,4.1900372622396045,0.2595407442060298,-0.9902725483840611,-1.0118882343579725,0.12864793381051898,47.07452189489319,49.000307836809725,0.7909795453773509,-3.5916731627101934,0.5221937883120329,-0.00021981463320768345,0.0014440162482653696,6527.922,6473.2154678299,23474.81842596067,598,B0038,31,1.7807753731135043,44,1.9829193887632013,15,0,1.7807753731135043,1.9829193887632013,-0.00023135179556175168
3.6145930156040587,2.1205293855533207,4.188861157517333,0.26163690748531376,-0.9902807469221099,-1.0109780766463656,0.12888677184261943,47.12153419194554,49.05042538685695,0.7986042659426448,-3.590466666552002,0.5236756779403253,-0.00022113901458437892,0.001481950743813339,6519.328,6464.879598626176,23436.919316161348,595,B0038,32,1.778415319026661,44,1.980291434065496,14,0,1.778415319026661,1.980291434065496,0.0006487828817195229
3.6166641442341034,2.1339834463152427,4.190060028748116,0.2583148135069539,-0.9919115001416685,-1.0107722282787006,0.12287102629577011,47.15829653400459,49.08198729235301,0.7809348952498815,-3.596936749932194,0.5039072783660872,-0.000222502365279245,0.001459299330394876,6510.063,6466.958322974837,23448.088187943238,592,B0038,33,1.7789773899108463,44,1.980917308204895,13,0,1.7789773899108463,1.980917308204895,-0.00027725189968852426
3.616763225911199,2.1093887147366805,4.187583021759709,0.2572154958946967,-0.9933993302020114,-1.0108021856673532,0.11624466042729689,47.161612217353984,49.13279687311376,0.7907716015078848,-3.6010419860757654,0.48327685944470145,-0.00022395572123953036,0.0014913640799692719,6501.718,6468.601456785258,23444.56414694486,589,B0038,34,1.7792479347236043,44,1.9812185638055995,12,0,1.7792479347236043,1.9812185638055995,-0.00030921055038506394
3.6149940792944446,2.098244904990502,4.1891099360693005,0.26098441628838387,-0.9915864068538185,-1.010302645629404,0.12340727223572591,47.155567707969865,49.13552693190528,0.7930707622387414,-3.594285502714028,0.5063531911574551,-0.00022394733559012652,0.0015062529398503254,6509.047,6463.880869535409,23427.007855749318,587,B0038,35,1.777920457368508,44,1.9797403983809718,11,0,1.777920457368508,1.9797403983809718,0.00020686089171078058
3.6159145027179576,2.1367946107881166,4.18915400521565,0.2577400194495304,-0.9915566919647096,-1.0140415606547912,0.12373419527177863,47.13225621283967,49.04172173314357,0.7951428847689493,-3.5949882602915313,0.5061101910010402,-0.00022192629801655103,0.0014462257420934925,6502.438,6457.320805067094,23408.30250978429,584,B0038,36,1.779227040224144,44,1.981195297475256,10,0,1.779227040224144,1.981195297475256,0.00030966657787208086
3.6146610547862235,2.103206542363035,4.188887533318818,0.26068538138282954,-0.9916693008676862,-1.0115553715036771,0.1238693204695703,47.13346886842004,49.09468753497383,0.8008263700031935,-3.594309765871079,0.5077580243015468,-0.00022345740446789325,0.0015006151905267466,6502.047,6457.728808401136,23402.986483243745,582,B0038,37,1.7760634320079352,44,1.9776725735174314,9,0,1.7760634320079352,1.9776725735174314,0.0004703774037451591
3.615082794707677,2.1895312972615004,4.187944942179681,0.256132767007464,-0.9899169847459927,-1.012686564574278,0.130852057700999,47.176385542899524,49.057064718364046,0.7946334353313681,-3.5895799249900224,0.5276628974736502,-0.00021766188838692654,0.0013612233685308145,6498.86,6442.927534150023,23359.75073208612,579,B0038,38,1.775103937963957,44,1.9766041628846627,8,0,1.775103937963957,1.9766041628846627,0.0007746903893778523
3.4389023365216986,2.1594623220347016,4.182064571336064,0.24283542303503272,-1.998396970742944,-2.0155210780038173,0.1690181405737114,50.154407994251926,54.42193934195762,1.978922901727596,-6.86164195334932,0.7478768839768836,-0.0006440915563332827,0.0019277265582201438,3162.047,6333.288644918665,21755.98035990486,281,B0038,39,1.733064100138742,44,1.9297921894136176,7,0,1.733064100138742,1.9297921894136176,0.009236766916972483
3.437169559941295,2.023065783993831,4.186725946685351,0.25306163980875396,-1.9984033983725646,-2.0179602336684037,0.16907640550093123,50.1979427615177,54.61602412701822,1.98583252680381,-6.858126237004493,0.7613648393351251,-0.0006906960749135424,0.002144906537257083,3173.141,6355.6508536372385,21823.667074784164,281,B0038,40,1.7394892806215223,44,1.9369467217302525,6,0,1.7394892806215223,1.9369467217302525,0.007686235349397119
3.4370308930893247,2.0028176202456365,4.189706586585002,0.255049025101329,-1.99868797664225,-2.016707594147861,0.1694582652364148,50.18895736512512,54.621843575697525,1.9779826056335919,-6.858761268129865,0.7651813860535305,-0.000699618859591185,0.0021850122709777702,3169.844,6349.936742201406,21802.1457791758,280,B0038,41,1.7378064360392924,44,1.9350728497075593,5,0,1.7378064360392924,1.9350728497075593,0.0082841208369703
3.437230626486004,2.061244397117138,4.188139594837195,0.2509160583326332,-1.9982781324264294,-2.017081976460273,0.1698640669907019,50.178407502665095,54.57283441287881,1.9798785340378817,-6.857693859114445,0.7604200684693406,-0.0006825873161296952,0.0021045352556135935,3156.563,6322.208273042574,21707.19620735319,278,B0038,42,1.730028145799833,44,1.9264116099127362,4,0,1.730028145799833,1.9264116099127362,0.009207057241620431
3.4363115548278413,2.030738155835073,4.189030830558383,0.25337076857630053,-1.9983559715990522,-2.015865822308184,0.17024670523104127,50.182509844874,54.65884815489962,1.9872732567597777,-6.856046647100142,0.7644898137356623,-0.0006922132456179293,0.0021404510022773214,3155.047,6319.633534844652,21691.509386942125,277,B0038,43,1.7290404566542985,44,1.9253118036225543,3,0,1.7290404566542985,1.9253118036225543,0.009212696261931708
3.4394075704239655,2.1901431826977382,4.189306425000166,0.24337570908553197,-1.998333813768599,-2.016758163836068,0.17072552345914238,50.173666427799,54.51993729622157,1.9757276797078587,-6.862114835089055,0.7527198388709672,-0.0006404356867365843,0.0018827310682267351,3142.312,6294.241745092782,21622.742745184376,275,B0038,44,1.7286072907068817,44,1.92482946701309,2,0,1.7286072907068817,1.92482946701309,0.000891361886372044
3.0455602167949416,2.11587711023423,4.17467236177005,0.2757935699341979,-3.967012008013358,-4.032121081634592,0.49765055505871725,58.41948951650429,69.28796559754325,6.2695079415052914,-12.0112670874899,1.7828922737540223,-0.0013494108730104204,0.0034068121478112814,1485.047,5921.488892031271,17940.355086589145,129,B0038,45,1.52573884649634,44,1.69893249119745,1,0,1.52573884649634,1.69893249119745,0.04275008682503647
3.0241360171924403,2.052769819032336,4.186501078488458,0.278166702045521,-3.9673854309358183,-4.032714355951809,0.4976073634246921,58.954810986890266,69.86974573152932,6.476031432216438,-11.925358539114885,1.7741713519343898,-0.001397560934586652,0.003606919095630301,1489.313,5939.21630216491,17864.955014471954,129,B0038,46,1.5301475534434217,44,1.7038416507785703,0,0,1.5301475534434217,1.7038416507785703,0.04153177651917415
3.2570770872838057,2.689034363728547,4.068028641979544,0.41539143624997615,-2.496194310605518,-3.998404971746896,1.932077779921517,34.520854008155766,40.67740211970284,4.206146393643887,-7.35531967901826,5.705121670998069,-0.0002454951173598589,0.008498644311391168,982.938,2444.598426523811,7202.116130931884,104,B0040,0,0.6734628137095633,24,1.0,45,0,0.6734628137095633,1.0,-0.0
3.435168668765134,2.69442244998024,4.181329419378459,0.41017668274196684,-1.9461397110184737,-3.996235657636858,1.9945838360470272,34.02922924081149,41.121867004450536,4.092428243150252,-5.903686146014555,6.065181164833514,-0.00021690990871077435,0.006817824949069743,1489.953,2869.971362747323,8704.873634236801,156,B0040,1,0.7913062105760345,24,1.174981297359786,44,0,0.7913062105760345,1.174981297359786,-0.11784339686647116
3.4309758033508495,2.6769978869674524,4.182169713231169,0.41577491370362485,-1.9452201291903763,-3.995936989432765,1.9946149951617929,34.012090723638956,41.63283156392668,4.696874622798035,-5.8819794818893785,6.046778173228909,-0.00021175456988220957,0.0069438005212943965,1479.703,2853.190550422456,8626.901400008022,154,B0040,2,0.7865824034601745,24,1.1679670910521796,43,0,0.7865824034601745,1.1679670910521796,-0.0565597948753056
3.4348636528845424,2.675172001926867,4.1821186375364,0.41429498101581497,-1.9447435736678282,-3.9961379781309794,1.9945892523471482,33.978388906178346,41.715752737182754,4.527507118698679,-5.892941218566038,6.060198950612755,-0.00020704013269245872,0.006985646777399062,1468.172,2827.8704386826,8567.878013431115,152,B0040,3,0.7795871426061582,24,1.1575800871796345,42,0,0.7795871426061582,1.1575800871796345,-0.035374776298864985
3.445308801417867,2.69268420954805,4.181769825430115,0.41257235500269834,-1.9174672773069694,-3.99493304951291,1.9935380300136532,33.83721613724266,41.61695629052659,4.340969070537987,-5.822969977325808,6.069848065584006,-0.00021561672676622374,0.006826883364396623,1457.0,2767.8012319208183,8404.350639682383,150,B0040,4,0.7628241523125163,24,1.1326893434705527,41,0,0.7628241523125163,1.1326893434705527,-0.02234033465073826
3.458759767508341,2.695919341909784,4.181957861733809,0.4096309521994346,-1.88809363687247,-3.9985251055256814,1.9922239176859176,33.67935609685469,40.41568117134027,4.026468080466416,-5.753875038266766,6.086890589184024,-0.00020346065752814972,0.006874085945807144,1437.047,2687.757090474824,8189.908661370976,146,B0040,5,0.7405021514606399,24,1.099544230782114,40,0,0.7405021514606399,1.099544230782114,-0.013407867550215325
3.344897364124835,2.6973035934049494,4.177687640263026,0.39943409803785446,-2.4160677054793758,-3.995894881418469,1.951086533248658,34.856675647434145,41.6427020562054,4.246623377195705,-7.350820518019615,5.957181088203975,-0.00025949611133347066,0.00747718104969114,1170.531,2823.100105956735,8587.968622855804,119,B0040,6,0.7783970881100656,24,1.155813019315059,39,0,0.7783970881100656,1.155813019315059,0.002581824493193774
3.435394313904374,2.680482862570943,4.181217465945281,0.4111665805613964,-1.9695300241186462,-3.9948545437295775,1.9950039317488482,33.93437846177736,41.666127528934624,4.449724682183814,-5.988491456582587,6.083436801885458,-0.00020959584290072993,0.00686570028455199,1436.141,2805.944036991232,8530.80328024476,144,B0040,7,0.7733165409025605,24,1.1482691028521435,38,0,0.7733165409025605,1.1482691028521435,0.0026531725115227943
3.4407328862516335,2.686758150797836,4.182275640250018,0.41181294403917557,-1.9553056005388323,-3.99613146519462,1.994770340133528,33.87341008861747,41.55823578501682,4.361287461592211,-5.949106444467557,6.086863913181829,-0.00021503277182775138,0.006888074765244851,1420.172,2753.908309616079,8377.471956523901,143,B0040,8,0.7589575236409498,24,1.1269479297015157,37,0,0.7589575236409498,1.1269479297015157,0.004125923793041686
3.4424940628831777,2.674688015022009,4.181827468882669,0.41801339088118106,-1.9401168646905238,-3.996235079267833,1.9944316050596447,33.801632457231946,41.25451200429936,4.51362879986159,-5.89044617535663,6.074696091006609,-0.00020549856469044678,0.007044435888675146,1397.0,2688.428370450176,8161.331902350409,140,B0040,9,0.7407399462256391,24,1.0998973234253282,36,0,0.7407399462256391,1.0998973234253282,0.004416841217375444
3.4441875855764166,2.686289969564933,4.181567286734688,0.4112857369699376,-1.954173143017623,-3.995317141166538,1.9948738649482596,33.841214598826475,40.05463707446548,4.071482428522509,-5.954321877924793,6.096678810401402,-0.00022116012326729796,0.006871472496274225,1393.25,2702.6342542847424,8233.693348470062,139,B0040,10,0.7446218752617147,24,1.1056614561391944,35,0,0.7446218752617147,1.1056614561391944,-0.0008239447602149674
3.458256040593686,2.6945279873006065,4.181983804533861,0.4169893897405801,-1.8954416195145705,-3.995361067358871,1.9925439214729628,33.68915739169769,40.76452850374992,4.14276303366978,-5.7692598672447595,6.083674589155824,-0.00020422071749449204,0.0069136552004045405,1380.938,2596.067806938712,7900.683397962242,137,B0040,11,0.7149875629820736,24,1.0616585629186917,34,0,0.7149875629820736,1.0616585629186917,0.012681905025598406
3.624872673514505,2.682915069119874,4.175387518911088,0.2353076325153605,-0.9641877110703866,-1.0054061310164104,0.18200486958229914,44.27504698193625,47.45925542600303,3.39299801263814,-3.5143394534832626,0.692956265125062,-0.0001818079079349945,0.0008074139056406293,6375.828,6152.673759976838,22421.96413988882,636,B0040,12,1.7075144448533202,44,2.535424985750885,33,0,1.7075144448533202,2.535424985750885,-0.18683958079015192
3.6219123150772736,2.6893633842231077,4.183371957728605,0.24977184685310586,-0.9482972559679383,-1.0045560878148372,0.21820826355520406,46.496780020843715,47.733284854985534,0.5668921843786049,-3.4637185277659,0.8222068603788829,-0.00017618628427088835,0.0007775902933874496,6574.671,6237.134695114611,22781.28720450237,653,B0040,13,1.730880859428193,44,2.570120909711654,32,0,1.730880859428193,2.570120909711654,-0.19438466715744865
3.621615017492515,2.663011590614207,4.185403574589526,0.25219343673209227,-0.9497815137936721,-1.0039916444953547,0.21564422052048854,46.4678468881245,47.68533526444168,0.566316129376439,-3.468755052754496,0.8134763611188575,-0.00017903416411006788,0.0008006252363542017,6571.156000000003,6244.111347453882,22804.245785051462,650,B0040,14,1.7328212845233328,44,2.5730021750994956,31,0,1.7328212845233328,2.5730021750994956,-0.19841626765953874
3.622864388629409,2.6936866986118786,4.185139783184118,0.24864046921780386,-0.9494868615948265,-1.0035412359730254,0.21616127932775484,46.45190241544343,47.67231335727975,0.5656138500231167,-3.468365259891178,0.8148055674051123,-0.00017628100686570714,0.0007684430795913172,6569.11,6240.423219411106,22795.429126829877,646,B0040,15,1.7317734323431513,44,2.571446258189385,30,0,1.7317734323431513,2.571446258189385,-0.1974303114162873
3.6220494199910203,2.644136217828117,4.185518450705473,0.25229816566086916,-0.9521447667439508,-1.0033495846328242,0.21020737531556366,46.440231939332925,47.70025798751115,0.5745610157871484,-3.4765839165607466,0.7943563216471217,-0.00018104471951341705,0.0008170559031683314,6558.75,6248.852818632948,22816.402647860945,642,B0040,16,1.7341296392350067,44,2.5749449025746287,29,0,1.7341296392350067,2.5749449025746287,-0.20382841525058665
3.622162963654601,2.6743889241293517,4.185427919430507,0.2503200044646074,-0.9505422244648805,-1.0030055331887324,0.21408524744577076,46.465222077063906,47.70250785089967,0.5720367958602839,-3.4714099640661105,0.8076171633867832,-0.00017907435211894488,0.0007787768840949673,6567.516,6246.515325762359,22812.210721810457,639,B0040,17,1.7334756929990074,44,2.5739738820183526,28,0,1.7334756929990074,2.5739738820183526,-0.0051922496291374465
3.629361907913309,2.6812131139529,4.176190564871368,0.23675687996708347,-0.9652916551188272,-1.0027747249074537,0.1796009486523257,46.49072067213048,47.77567590438216,0.5910589831070779,-3.5224765384244554,0.6854923108967366,-0.0001839308620755982,0.0007782400449427642,6430.172,6213.282572607246,22672.852236425075,624,B0040,18,1.7243057179457877,44,2.560357725540893,27,0,1.7243057179457877,2.560357725540893,0.0013150282964810688
3.6234871903936696,2.6999262584848243,4.182711714289401,0.24618052335204266,-0.9515172757333833,-1.0034382664884212,0.21192937515599677,46.47888431603475,47.68448077336878,0.5613635366300276,-3.47501957435135,0.7995157434122927,-0.00017713752821009422,0.000753661681506638,6554.327999999994,6240.827185780061,22791.80721025706,632,B0040,19,1.7318975861687205,44,2.5716306096087087,26,0,1.7318975861687205,2.5716306096087087,0.00018473967092247356
3.6222932883799372,2.67095044814488,4.185107481198763,0.2498355914829464,-0.9513915692974558,-1.00341328437475,0.21220983054800976,46.45480276183313,47.66868390973605,0.5588993977475475,-3.4741067837350235,0.8008563707496091,-0.00017923777161557266,0.0007783086271105688,6560.922,6246.216926512627,22808.22294524464,630,B0040,20,1.7333691208377455,44,2.573815636961473,25,0,1.7333691208377455,2.573815636961473,-0.0003191376989188477
3.622128684193048,2.677767553221005,4.185322736341408,0.2492828551676409,-0.9510427335186784,-1.004224655039593,0.21257142056720116,46.423098338329766,47.63553822379171,0.561349135546957,-3.4726884978269887,0.8020951853021081,-0.00017940863865885834,0.0007691091082016927,6559.047,6241.959945239629,22791.99743740947,627,B0040,21,1.732175650153278,44,2.5720434965252497,24,0,1.732175650153278,2.5720434965252497,0.00039079781634576705
3.6212784001178204,2.6464594317551624,4.185286474015191,0.2516959290634785,-0.9524743606309494,-1.0021217239246465,0.2097195864754419,46.417883981463206,47.64097688926351,0.5644627651026239,-3.4768093872283496,0.7922692916650967,-0.00018124338026626052,0.000803306307843275,6553.781,6246.628115855327,22802.07472627877,624,B0040,22,1.7334832776102866,44,2.5739851441268535,23,0,1.7334832776102866,2.5739851441268535,-1.516922255850872e-06
3.6222214851987244,2.654408689336339,4.185544800435261,0.24976082815237188,-0.95386146065853,-1.0037473971660458,0.2069362486563886,46.41962937983975,47.67660695857828,0.5685561078583705,-3.4817650415237082,0.7823113749525038,-0.00018209585251535132,0.0007858779811266649,6540.187,6242.648710519448,22786.469149942888,620,B0040,23,1.732372495746513,44,2.5723357852592788,22,0,1.732372495746513,2.5723357852592788,-0.0016133555601450579
3.621600293236707,2.6386466599890395,4.182805883908282,0.2499875030673033,-0.9551274962002001,-1.0028648893332504,0.20383064096035397,46.437216774742105,47.670062907549664,0.566674659537767,-3.485135505786172,0.7714710240526056,-0.00018265706445801092,0.0008079909140268868,6535.922,6247.968767980221,22798.287293330453,616,B0040,24,1.7338175297202416,44,2.5744814627106725,21,0,1.7338175297202416,2.5744814627106725,-0.00038398871030422834
3.621303558836112,2.650918288963567,4.184959782592119,0.2502488491989161,-0.9535557918067024,-1.0029366943014713,0.2077401753863245,46.44051551612336,47.67504818462313,0.5658719122721885,-3.4800046395613298,0.785086380422199,-0.00018126649442220413,0.0007926033405782796,6544.078,6244.798539732945,22790.181572988742,615,B0040,25,1.7329630786357868,44,2.5732127199277586,20,0,1.7329630786357868,2.5732127199277586,8.120844039174457e-05
3.6217314334668362,2.6471595195723987,4.184990348881109,0.24967584235492005,-0.9547864424869567,-1.0055702938792732,0.2047417822055289,46.438246093452804,47.66226480407664,0.5615939735938017,-3.4840844050897264,0.7745435792627814,-0.00018195363134584892,0.0007981077043939358,6531.187,6240.878528407056,22773.176901067054,611,B0040,26,1.731883908457334,44,2.5716103000814297,19,0,1.731883908457334,2.5716103000814297,5.8348339188762924e-05
3.6224802575418096,2.669669356026842,4.1849433685502655,0.24743073150373668,-0.9544935502891163,-1.0035201801507372,0.20532957762069334,46.419799968945064,47.65776484346084,0.5674713580512074,-3.4833936827097296,0.7763321931004697,-0.0001807543402100898,0.0007731771630351489,6528.562,6236.671025564078,22760.25286110175,608,B0040,27,1.7306960059812662,44,2.56984642767172,18,0,1.7306960059812662,2.56984642767172,0.0005574543258040965
3.6227913336348077,2.6833023579431665,4.184970988659253,0.2460736982630927,-0.95437046004151,-1.0023712414422137,0.2056862717388041,46.41925960985013,47.65588226485245,0.5669687491699866,-3.4830206178423544,0.7774034968559972,-0.00017931161844746441,0.0007601791476389943,6525.187,6232.828888047038,22746.745712329866,605,B0040,28,1.7296011601947467,44,2.5682207316952947,17,0,1.7296011601947467,2.5682207316952947,0.000554267110353246
3.6219039988656228,2.664835318499988,4.182014111969684,0.24648963388922873,-0.9556526843949636,-1.0031895155635666,0.20263613222378116,46.442880190211326,47.68924379895171,0.5598428846110414,-3.4862825139036864,0.7664823570004788,-0.00018123107410532592,0.0007742821476390867,6515.938,6232.749016523764,22737.535350554113,602,B0040,29,1.7296187381064656,44,2.5682468324856593,16,0,1.7296187381064656,2.5682468324856593,0.0008397583227552019
3.6231487093600996,2.695190974478952,4.185325352263018,0.24500737137010592,-0.9540072055241993,-1.0022727458635838,0.20647943680001474,46.45501075115101,47.68013294716548,0.5487731621833187,-3.4819169764101994,0.7800892332544165,-0.00017793277462810564,0.0007485057044172868,6532.015,6236.698804735076,22762.28794565855,601,B0040,30,1.7307198617163877,44,2.5698818501696454,15,0,1.7307198617163877,2.5698818501696454,0.0004486433838798209
3.620727454558004,2.659441128426158,4.18476201200528,0.2488410361628465,-0.9537643838011659,-1.004096237718038,0.20687034357317283,46.42899601057107,47.69683888709109,0.5697010071955264,-3.479552010292167,0.7817951978208381,-0.00018043219071809167,0.0007811257097517665,6527.922,6231.661747666294,22734.11279402968,598,B0040,31,1.729274556175907,44,2.567735769478835,14,0,1.729274556175907,2.567735769478835,0.0005218704562854004
3.620851281939705,2.645724055946119,4.184831315830137,0.24932235789829563,-0.9552956614335978,-1.0023111389899824,0.2035530501155875,46.4460831551733,47.68346890250753,0.5702624335749045,-3.4845209879220933,0.7701659597516466,-0.00018213087790886867,0.0007893245109317508,6519.328,6233.637942615831,22737.76895299588,595,B0040,32,1.7297962212599596,44,2.5685103706497285,13,0,1.7297962212599596,2.5685103706497285,0.00017995694426131692
3.6223530356435982,2.686333486141192,4.184646274630554,0.2451005855664148,-0.9549687460528705,-1.0020932273329095,0.20401739546208944,46.477279245422224,47.72656082449746,0.5663357074927603,-3.484058375271362,0.7713869904651587,-0.00017901332946281448,0.0007550874238171012,6510.063,6223.251409189683,22704.50685531179,592,B0040,33,1.7268942069037494,44,2.564201276966849,12,0,1.7268942069037494,2.564201276966849,0.0005413906581994699
3.621799074855713,2.67226557137279,4.182435522794885,0.2450143851431504,-0.9564508369268612,-1.0026245473984143,0.20074731040717927,46.50566493668475,47.7336433887077,0.5693948426977778,-3.488256022066394,0.7597431530690748,-0.0001801699910393806,0.0007626682791786885,6501.718,6224.371454367107,22700.62851742388,589,B0040,34,1.7272191689306016,44,2.5646838010501942,11,0,1.7272191689306016,2.5646838010501942,0.00047991383517280716
3.620827200366945,2.6426430588133014,4.184925895802646,0.24870782989318027,-0.9560639609053613,-1.0031176329618126,0.20117042234202168,46.489529302216496,47.73354479118836,0.5718577975107005,-3.4865544857557262,0.76176336382849,-0.00018251231045518152,0.0007904122529016862,6509.047,6229.150294186393,22716.417605534352,587,B0040,35,1.7285674981160106,44,2.5666858851414927,10,0,1.7285674981160106,2.5666858851414927,0.0004304727200754144
3.6206286090197306,2.6490836320353925,4.184718733685154,0.24809399317556521,-0.9559267781293634,-1.007180550602924,0.20162881088070403,46.47422502580763,47.74132595782936,0.571533333389348,-3.4858244288256808,0.7631699300715977,-0.00018214422007901398,0.000784516457866969,6502.438,6222.172617133021,22689.10479921959,584,B0040,36,1.726636381605547,44,2.563818441726426,9,0,1.726636381605547,2.563818441726426,0.0005276349140720171
3.620461858040284,2.65252579490315,4.184688819147048,0.24781387349105166,-0.955732355842102,-1.0057632619161987,0.20209960207174313,46.467598009037445,47.73740327080965,0.5765244273053443,-3.484980608543317,0.7646991064963294,-0.0001817568352883804,0.0007787238742761774,6502.047,6220.556884395102,22682.622813006135,582,B0040,37,1.7262424141835069,44,2.563233454086396,8,0,1.7262424141835069,2.563233454086396,0.0007107614152905394
3.6207850957418692,2.6675427612038987,4.184286661063821,0.24634036886889726,-0.9557348422192878,-1.0036710316885369,0.2024657476626061,46.50711933936233,47.780084445812335,0.5735385049520042,-3.485047127098241,0.7658092437227283,-0.00018027672535139792,0.0007662678114530728,6498.86,6217.53259051267,22671.60093978176,579,B0040,38,1.72527259276029,44,2.561793402158547,7,0,1.72527259276029,2.561793402158547,0.00032432282869185867
3.4599911073457075,2.6781395492001447,4.176406009176324,0.21600330035861193,-1.8959184882594955,-1.9993456181076448,0.43374346868459396,48.821116047310866,51.74025766413764,1.4547216344076106,-6.572898092607334,1.555455302122137,-0.0002773881187283982,0.0018201618466220388,3162.047,6012.079140227233,20844.480316446407,281,B0040,39,1.666802687745505,44,2.474973604799995,6,0,1.666802687745505,2.474973604799995,0.012083296237019292
3.459413541721385,2.637555628457468,4.182388453906596,0.22022561804758709,-1.888918960223662,-1.999341108890042,0.44804704345712615,48.86273917281783,51.80596353207629,1.4643999970979908,-6.548868007175434,1.6054931819079,-0.0002740860851412937,0.0018865396355888092,3173.141,6012.17541155835,20845.232799522928,281,B0040,40,1.666754853762041,44,2.474902577888797,5,0,1.666754853762041,2.474902577888797,0.012362528870793943
3.4606411813742883,2.654677503869026,4.184674961031428,0.2185466148917426,-1.8816448898300142,-1.9995292630247652,0.462678719399507,48.859668212563015,51.79140734732303,1.4548247850698697,-6.525285564328953,1.6544181835214855,-0.00026588065888550716,0.0018885837487497017,3169.844,5981.837885003719,20744.669766329793,280,B0040,41,1.6583274448761054,44,2.4623890304228047,4,0,1.6583274448761054,2.4623890304228047,0.013661787345888321
3.4619795504624093,2.6785586854358763,4.184986819959415,0.2160449769618825,-1.8804793058771856,-2.000878662224101,0.4644469608706331,48.84759659003841,51.7543308845732,1.4542095360815537,-6.521807918897431,1.6597024415868264,-0.0002605788528994997,0.0018610333491426271,3156.563,5953.0432965168675,20646.254446012434,278,B0040,42,1.65032263550715,44,2.450502985334638,3,0,1.65032263550715,2.450502985334638,0.01518395573527136
3.4582381856512225,2.619691419158041,4.184706989313181,0.22120289112098276,-1.8804459095886619,-2.0047864831033904,0.46496016580600313,48.86015453747502,51.86320043661648,1.4739611699535151,-6.516252724856857,1.6623963316772135,-0.0002638666974337125,0.0019552620812118412,3155.047,5949.691624291501,20616.683159681288,277,B0040,43,1.6493406341242296,44,2.449044847835536,2,0,1.6493406341242296,2.449044847835536,0.0151863917272121
3.460434749861773,2.6631019561941023,4.184343189730703,0.21697605650319599,-1.8794616528353505,-1.999637685107115,0.46666681670120214,48.85593683732135,51.81917888349145,1.4633022027531395,-6.514768145463587,1.6668622771759114,-0.0002577608118065882,0.0018947801787402808,3142.312,5922.943496795122,20530.26384664703,275,B0040,44,1.641919055037739,44,2.4380248198021977,1,0,1.641919055037739,2.4380248198021977,0.004976726541553234
3.7482973521924325,1.7489828090032309,4.168100705327105,0.36938347760527823,-1.045884107237702,-3.995168139661149,1.7496877431918156,49.04132294442338,53.95646661253941,2.548884646200098,-3.34751095642468,5.642968626099286,-0.000109982252722354,0.010353178149269993,1485.047,1553.0859875003773,4972.7063915154085,129,B0040,45,0.425812451177779,44,0.6322731448709421,0,1,0.425812451177779,0.6322731448709421,0.24818848051685238
3.653849277043623,2.535468112391112,4.1824060069381375,0.36340339089610335,-1.3616845329264926,-3.995770620186177,1.8928652608053937,50.17313973556242,55.67880428959517,3.050119134098783,-4.322081207345346,6.02325046236525,-0.0001349121432382937,0.006893750310097417,1489.313,2029.775485940761,6444.583434392471,129,B0040,46,0.5569902643736575,44,0.8270542233885899,0,0,0.5569902643736575,0.8270542233885899,0.22026743610048957
3.4614155612128847,2.129158438168119,4.186140431282269,0.2705052789783543,-1.8939211913974323,-2.014638801503157,0.47233578053508585,30.57466734048236,36.71744985096319,3.1918892910239602,-6.599488483504451,1.7145402699961865,-0.0003297177647891408,0.0028799626289363737,3360.922,6368.548829805357,22187.038671785293,358,B0042,0,1.7287126633755356,22,1.0,40,0,1.7287126633755356,1.0,-0.0
3.4852386922159138,2.1712317301519577,4.187001880186287,0.2514380040078996,-1.919584179064593,-2.0148053114573066,0.4209678123945014,29.95773352180402,35.70113647811508,3.096888455125318,-6.723543186247695,1.541135607979598,-0.00033479860360539497,0.0028371304557965908,3289.406,6321.665186414248,22137.872268369407,348,B0042,1,1.7314706281853145,22,1.0015953864793201,39,0,1.7314706281853145,1.0015953864793201,-0.0027579648097788567
3.488650146996854,2.095290280372333,4.187021318592124,0.25477926259745626,-1.9414451091961449,-2.015434761164688,0.3704487390956388,29.657371849977196,35.604456217007545,3.124935777880404,-6.7976756562801635,1.3770323493987453,-0.00034980068030782314,0.0031020675839142455,3244.797,6310.397236185861,22090.506231393185,341,B0042,2,1.7282350363146088,22,0.9997237093988806,38,0,1.7282350363146088,0.9997237093988806,0.00023881353046339981
3.4946031502677606,2.1366970037230573,4.186893543931745,0.2467290648407982,-1.952411218384564,-2.0155565107237616,0.3415437066969632,29.58111945436258,35.76285352997919,3.157043850785494,-6.841263717506009,1.2794583905487238,-0.00034883282893120236,0.003027484257619681,3211.438,6282.700989175701,22009.78206105427,336,B0042,3,1.720344742291621,22,0.9951594494208336,37,0,1.720344742291621,0.9951594494208336,0.0027893070279715695
3.5041466859903747,2.168073033459323,4.187506351946306,0.24091901771633753,-1.9696086717857546,-2.015995237854003,0.2896172620656127,29.852452033753185,36.007677297437105,3.1497833147068035,-6.91171222687458,1.1110821111491131,-0.0003668599037256951,0.002944306541395681,3175.594,6269.915538145546,21997.496756966524,330,B0042,4,1.7221734367707635,22,0.9962172854151462,36,0,1.7221734367707635,0.9962172854151462,0.0016348066511930326
3.511927235956774,2.139145470034486,4.186160728297307,0.23953157661497418,-1.9934476128094072,-2.0146673758608302,0.19342590539737428,30.133153080135422,36.26317829568585,2.9843548913155638,-6.997057976617839,0.8215960175598563,-0.000348730611550737,0.004131560237261149,3121.672,6242.036991130217,21904.52458737485,321,B0042,5,1.708669577331945,22,0.988405773574624,35,0,1.708669577331945,0.988405773574624,0.004008617208718146
3.509889497883845,2.0578186631112567,4.185572306171051,0.24278674724427055,-1.9997503053848376,-2.016448918600222,0.15902845326681167,29.740453708978055,35.7623078299739,3.0130255594415125,-7.010322724361077,0.7329971226052049,-0.0006897536600815208,0.0020752690806101633,3102.937,6215.030225865297,21796.713108500622,317,B0042,6,1.7036476485918646,22,0.9855007629002217,34,0,1.7036476485918646,0.9855007629002217,0.0055645959186899855
3.508503301766948,2.0659696365057045,4.185230831091511,0.24062202480831277,-1.999585705561481,-2.016370882539026,0.159887446969656,29.503354124651093,35.6522927277619,3.0401427843799715,-7.006865397883873,0.732090606377366,-0.0006915701655860851,0.0021122493649547974,3089.437,6187.715256487879,21690.598570946524,314,B0042,7,1.6958375743577971,22,0.9809829072730076,33,0,1.6958375743577971,0.9809829072730076,0.00647949239136234
3.5093738486555153,2.128700063525188,4.185842765241663,0.23524713873834924,-1.999480712152978,-2.0173293605362743,0.1608172467116979,29.324509292718897,35.46408341742395,3.0736694792526715,-7.008147215584902,0.727608011528203,-0.0006758748878877379,0.0020661373106563114,3077.75,6163.997597381533,21611.51797877335,311,B0042,8,1.6949064846676911,22,0.9804443043519832,32,0,1.6949064846676911,0.9804443043519832,0.005087651524785963
3.5046118772654107,2.0313187007109774,4.181929749098425,0.24332668982986616,-1.9994501505976243,-2.0179688284834034,0.1610891227061377,29.22569193760115,35.57686579319408,3.109731935331047,-6.99844121632757,0.7379529401402646,-0.0007036399393361381,0.002157213734946467,3074.875,6158.337261663884,21562.552367835528,309,B0042,9,1.6874768094352457,22,0.976146496283673,31,0,1.6874768094352457,0.976146496283673,0.006939325467103563
3.5095049490219234,2.1649043558777703,4.185220171197086,0.232614812313888,-1.9994421818851504,-2.018830939124682,0.16210923872986716,29.238210532728655,35.388257294125744,3.095582228273705,-7.008158056334397,0.7276743585324283,-0.0006683290437137124,0.002040988250256344,3061.891,6132.684014161598,21501.77213050343,306,B0042,10,1.685989172917945,22,0.9752859504284723,30,0,1.685989172917945,0.9752859504284723,0.004536080882799975
3.5050079933642877,2.0349571700229223,4.185080917700821,0.24409469087170366,-1.999407899212143,-2.019325717882185,0.16245286766749084,29.20609205353922,35.480764002425865,3.108814333584859,-6.998951524524188,0.7429728039156283,-0.0007089218563108491,0.0021788847494596426,3058.469,6125.943401382294,21451.005233995755,304,B0042,11,1.6782864747774933,22,0.9708302081274868,29,0,1.6782864747774933,0.9708302081274868,0.005072234762874261
3.508074728787427,2.181544114739576,4.184485186999273,0.23232551398002668,-1.9990854937416902,-2.0198651097991984,0.16339698129810046,29.183920322474094,35.44318242068533,3.11478497243179,-7.003870137648535,0.7302698130129384,-0.0006673884431820074,0.00201889040209256,3040.75,6089.694242636534,21341.637462994415,301,B0042,12,1.6739647640901527,22,0.9683302491817926,28,0,1.6739647640901527,0.9683302491817926,0.0043745620535288856
3.505745200469688,2.113769860085841,4.184791585601031,0.23804224189609924,-1.9991858462433614,-2.019707495930309,0.16381830700301775,29.153714127894734,35.53526888191109,3.1293324935033073,-6.999525928445047,0.7387838206847264,-0.000689597680957365,0.0021039891241624443,3037.641,6083.889015919907,21307.019031168616,299,B0042,13,1.6722378801237066,22,0.9673313070192042,27,0,1.6722378801237066,0.9673313070192042,0.0045337209087969125
3.5048985290607786,2.098421577709346,4.184774909668599,0.23924532775884794,-1.9989914019015806,-2.019811604847253,0.1640569388795852,29.10632507144163,35.63389752973798,3.15469957337801,-6.997083608522208,0.7405201029706763,-0.0006928755172837093,0.0021250783559973144,3044.828,6097.7223891793465,21349.194976898274,298,B0042,14,1.675989790049197,22,0.9695016560916546,26,0,1.675989790049197,0.9695016560916546,0.0022974038772097583
3.5020910209596536,2.037616415551784,4.183886479555269,0.24496848698698687,-1.9988805936646044,-2.019941517456099,0.16491389545535798,29.126742424015156,35.59922975777694,3.1575543032951616,-6.990961591878236,0.7499012284276068,-0.0007155023507725365,0.00219621189605883,3030.25,6068.479549853055,21230.594582743775,295,B0042,15,1.6618247672847988,22,0.9613076843203487,25,0,1.6618247672847988,0.9613076843203487,0.004832881126629251
3.5056874475759354,2.187174985653482,4.185135902762495,0.2336865147033407,-1.9989238411502075,-2.020188403345957,0.16559415507184805,29.11535255703125,35.43687423276839,3.1448859000453453,-6.998289001322516,0.7378948283787422,-0.0006708448945365427,0.0020119153237754626,3017.578,6043.236756171881,21162.49702322916,293,B0042,16,1.6606710352566112,22,0.9606402905697097,24,0,1.6606710352566112,0.9606402905697097,0.003523087904176414
3.501789524982507,2.072733153164181,4.1851821245426,0.24303428172764077,-1.9987415414363179,-2.0200971028016084,0.16616015960011546,29.12272547212756,35.61618852753751,3.1673827810337447,-6.989723327971709,0.7506680799896391,-0.0007085065499900338,0.002157990372212213,3015.0,6037.843373544712,21120.59000945939,291,B0042,17,1.6530644874507203,22,0.9562401678847527,23,0,1.6530644874507203,0.9562401678847527,0.004180055327886479
3.5025833976800564,2.153538168709435,4.1837159565353605,0.2374921529916894,-1.9984049924032652,-2.0220817004003178,0.16884933846070826,29.13774561916092,35.607533152172905,3.164196225714397,-6.989874461393356,0.7508287874565219,-0.0006871146767119452,0.0020566850658288076,2999.454,6006.566159645559,21015.125522845075,282,B0042,18,1.649953986270456,22,0.954440851407143,22,0,1.649953986270456,0.954440851407143,0.004456778770650116
3.5037983873679237,2.0832977472531726,4.180907860399083,0.2410922095826148,-1.9987909313311893,-2.02087074020935,0.1658650413302155,29.35747712988229,35.78017086282214,3.1974757561135534,-6.9940895479478,0.7482274027102935,-0.0006948617274725778,0.002124054760815764,3054.859,6118.083950051047,21413.592702665195,292,B0042,19,1.681297805444492,22,0.972572157920993,21,0,1.681297805444492,0.972572157920993,-0.0010616030790590258
3.5125233950658132,2.199482829433638,4.1839131722082135,0.23317362849053208,-1.9987942581899858,-2.0221682438178825,0.16675761771984057,30.058298726634376,36.29735151754127,3.1366441896745196,-7.01145493646924,0.7411630362557935,-0.0006634168323129332,0.001993795312736081,3034.875,6078.2455296135595,21326.356354771582,289,B0042,20,1.6700520424481298,22,0.9660668761384189,20,0,1.6700520424481298,0.9660668761384189,-0.0016454550326661988
3.509324438333478,2.053610599291471,4.186499199755687,0.2460368461934164,-1.9986644728662533,-2.019460626145152,0.16734629486328928,30.335552136245834,36.77407258413331,3.1352761323756067,-7.004508858750133,0.7591425090328171,-0.0007109505828500651,0.0021719507553132006,3030.0,6068.339143273732,21272.550653863247,287,B0042,21,1.667181860354792,22,0.9644065758732879,19,0,1.667181860354792,0.9644065758732879,-0.0013021650196361812
3.507216525411572,2.0842633816547624,4.185720302344454,0.24391112312108124,-1.9984721935924135,-2.0196503096891822,0.16817278454691478,30.22790176989086,36.6898808416456,3.164917189840235,-6.999493664579715,0.7581271929240598,-0.0007070481063037983,0.002152524940355196,3011.781,6031.399334341588,21130.201970361573,284,B0042,22,1.6568865613275168,22,0.9584511043565973,18,0,1.6568865613275168,0.9584511043565973,-0.0007644147753592901
3.5055185795629873,2.1599889328107214,4.183888714545253,0.23890020303974552,-1.9985308662699577,-2.0197092405916743,0.1689883277088597,30.04068826163031,36.474588298798025,3.1746387466070303,-6.996230566400519,0.7536859362412636,-0.00068679048957167,0.002038933065091097,2990.25,5988.628095828897,20969.55769949898,281,B0042,23,1.6449819446579936,22,0.951564698696632,17,0,1.6449819446579936,0.951564698696632,0.0009944083224924683
3.5041328171645443,2.1678081694534352,4.18402917199016,0.23877031602120083,-1.9984054053915887,-2.021433558764001,0.16965267873857942,29.995148407588697,36.53730084509967,3.2520750575851705,-6.992897965619362,0.7548465759147668,-0.0006853856128992069,0.0020159111830123358,2980.234,5968.327752534898,20889.525522042084,279,B0042,24,1.639214585000014,22,0.948228482227483,16,0,1.639214585000014,0.948228482227483,0.00841664408889562
3.500597395262485,2.0092759412003707,4.1826825462923845,0.2526648971911962,-1.9983882415644911,-2.0209567624857296,0.16969953200794338,30.299545316589416,36.91332213005366,3.2026101460650302,-6.985753639000274,0.7727334261318584,-0.0007312716985103183,0.0021817262134157687,2994.844,5997.459653862164,20971.642322351476,279,B0042,25,1.6410599890208055,22,0.9492959841090208,15,0,1.6410599890208055,0.9492959841090208,0.00579841068546485
3.5042529973432037,2.0586265993400703,4.185893529479634,0.24886043542730482,-1.998374293478694,-2.0209872934269897,0.17026477115087427,30.68092451180232,37.19792815636057,3.1715619546710174,-6.992999622161433,0.7700439199170236,-0.0007214125539626801,0.0021650223170686725,2987.672,5983.387113240018,20943.39252961627,277,B0042,26,1.643269651219848,22,0.9505741966459312,14,0,1.643269651219848,0.9505741966459312,0.004782441826988837
3.501278659398817,2.043267705708337,4.185186392104773,0.25098695127738035,-1.9981525515062306,-2.0191972634782047,0.17096328500670785,30.663435287795615,37.30788971906059,3.2093843014593877,-6.986118285806945,0.7738448289864679,-0.000729943653518721,0.0021811737008119434,2975.1100000000006,5957.68891481835,20835.72208458159,275,B0042,27,1.6298673102402297,22,0.942821409694369,13,0,1.6298673102402297,0.942821409694369,0.0054038502174574175
3.501431066556208,2.192115165922968,4.184091250625792,0.2403896345361689,-1.9980383822206629,-2.0193297812824187,0.1717920596900774,30.40848004603748,36.91850317978018,3.2203034258726264,-6.9859537527905315,0.7623936320501369,-0.0006841691235673031,0.0019576370938122556,2953.219,5913.908743041004,20682.501818567147,272,B0042,28,1.6238536344658807,22,0.9393427079403097,12,0,1.6238536344658807,0.9393427079403097,0.004225662038422584
3.4934993616796306,2.009457332273357,4.185322505991986,0.2564226559931945,-1.9979232246026066,-2.021266928188253,0.17214852129860134,30.239404481904074,37.047150483309736,3.275527447648725,-6.969541682070021,0.7829833937977296,-0.0007432965420113281,0.002174338290824051,2955.484,5918.013050105919,20650.726397823495,271,B0042,29,1.6186308887044174,22,0.9363215316210102,11,0,1.6186308887044174,0.9363215316210102,0.004116739259119306
3.491928488990642,2.022898050960585,4.184033603294302,0.2548881394967966,-1.997803306177237,-2.019754051447638,0.17237871317143547,30.138707501965232,37.11898525927804,3.331618564743354,-6.965940233318172,0.7812263303611634,-0.0007391335160817141,0.002172710130459481,2957.016,5920.944609414893,20650.428205153163,270,B0042,30,1.6193418112441196,22,0.9367327755221881,10,0,1.6193418112441196,0.9367327755221881,0.004343635555337189
3.495727452779826,2.0786601580627257,4.186164958491378,0.25090352667045707,-1.9980185647316375,-2.0194164856966417,0.1731588371263073,30.490922726298486,37.20592886199134,3.2724129606415726,-6.974193735708315,0.7784657033472285,-0.0007258514880795766,0.002121948643963271,2948.219,5904.135702063366,20614.793402207666,268,B0042,31,1.614593271326993,22,0.9339859107494998,9,0,1.614593271326993,0.9339859107494998,0.005735275978570975
3.491932625000706,2.0245603644426806,4.18461988628569,0.2564763526548518,-1.9977650982407589,-2.018937306071589,0.17358062130932309,30.52916769412123,37.36855348711016,3.2581034395506046,-6.965639335434988,0.7862381814110868,-0.0007449655837911855,0.0021751307312051446,2935.5,5878.104610146253,20500.47936795481,266,B0042,32,1.6072040891927848,22,0.9297115265266296,8,0,1.6072040891927848,0.9297115265266296,0.004532644209488979
3.4900059195673445,2.1378818450405794,4.184040894709915,0.24866902080394584,-1.9975731627964834,-2.0197870445936115,0.17467955595976034,30.179619049814637,36.95276259711366,3.2762470024601598,-6.961006740894036,0.7789406984479706,-0.0007111371079405002,0.0020069130734859954,2913.797000000006,5834.227428815646,20335.45226820103,263,B0042,33,1.6012663590062357,22,0.9262767566470853,7,0,1.6012663590062357,0.9262767566470853,0.004517455091929001
3.487760577211602,2.183476039948653,4.184856050801538,0.2466169983298705,-1.9975539729276182,-2.019731795851263,0.1752813120384409,29.93310245467766,36.815592394057184,3.3076183724140957,-6.9562939587229655,0.7771117567300795,-0.000697923244183128,0.0019182992139727326,2900.703,5808.1031152708165,20230.730882808486,261,B0042,34,1.594040741063104,22,0.9220969886056903,6,0,1.594040741063104,0.9220969886056903,0.004918029528262702
3.4820338003810947,2.0156684625826635,4.183683003795162,0.25934984412649176,-1.9973829316274176,-2.019357908989728,0.17546364997154154,29.855112852408766,36.96422627426333,3.408091509078245,-6.94422175428357,0.7937501856452819,-0.0007505634604851812,0.0021408049930756925,2914.031,5834.5201907281435,20289.47888922078,261,B0042,35,1.5946888289374477,22,0.9224718848438416,5,0,1.5946888289374477,0.9224718848438416,0.00493059646133438
3.4857768989088593,2.0632481862122884,4.184611325870051,0.2554087717191002,-1.9975492343534866,-2.019389721774823,0.17609763580221757,30.257387669276046,37.23035953747147,3.3769470605022636,-6.95221749356522,0.7905840476294791,-0.0007407438648492337,0.002117300041712075,2901.968,5811.133359601896,20230.312482955378,259,B0042,36,1.5882100957302596,22,0.918724163580241,4,0,1.5882100957302596,0.918724163580241,0.0052766351193466845
3.484962036012865,1.9973214087149431,4.185413957037178,0.2619393074488242,-1.9975022770940793,-2.021379730129784,0.1764750074914067,30.562785800580222,37.46832272742832,3.351486392791352,-6.9503617979371715,0.8000774459558398,-0.000762496283135697,0.002191133773770311,2901.734,5810.545496327821,20223.891518025346,258,B0042,37,1.587985558077698,22,0.9185942763772843,3,0,1.587985558077698,0.9185942763772843,0.0038437062230173512
3.4839596946536755,2.040034213071634,4.184723241072492,0.2592341625309964,-1.9973342947958135,-2.019502208637406,0.1770404557691928,30.59004134732037,37.6505920814981,3.3584902810423007,-6.947700198062235,0.797774700427211,-0.0007534150195806565,0.0021482617810921123,2887.407,5781.554269391287,20116.850408539296,256,B0042,38,1.5799165406650344,22,0.9139266311499347,2,0,1.5799165406650344,0.9139266311499347,0.004269963668240262
3.479594890613384,2.11763338483894,4.182701394192162,0.25446232515689104,-1.9971237584867627,-2.02072945969767,0.17814491630645427,30.190272809188617,37.16199226931662,3.3411065723229867,-6.938046418722356,0.7935236990356223,-0.0007326062728335409,0.0020279413726512472,2861.937,5730.315631635077,19913.050671400968,253,B0042,39,1.5655946193652834,22,0.9056418990465754,1,0,1.5655946193652834,0.9056418990465754,0.005689224339564092
2.7052764231784736,2.166646513631925,4.181775825418943,0.3086961911320001,-3.938418442736194,-4.032113976084337,0.5901976606535566,24.18340292381302,36.86635295736364,9.086444627430872,-10.523984849302133,1.7998218431017976,-0.0018610203882036766,0.005642206338533383,1055.25,4187.081865682133,11198.203254048027,91,B0042,40,0.0707012773734017,4,0.040898223788879,0,1,0.0707012773734017,0.040898223788879,0.3047975103128092
2.679525148874618,2.1499182639223604,4.178606054628232,0.325226839146433,-3.9351759952435854,-4.034013050651154,0.6033522872751366,23.826987359225914,38.12553242159685,9.435584471242091,-10.405785686082595,1.8452878321693469,-0.0019601417443479894,0.0053469497486688024,1012.187,4014.6182789106383,10624.658704166799,87,B0042,41,0.0841687853013907,4,0.048688707547869886,0,1,0.0841687853013907,0.048688707547869886,0.3008082620857738
2.6791157950874176,2.162600478224296,4.187711795130632,0.32951179165368744,-3.9330339281400906,-4.034190401454665,0.6102116243124434,23.77974968565753,38.33981699002702,9.654751988661582,-10.394353889856328,1.8643475374327385,-0.0019937387231957412,0.005261321024405588,991.172,3929.9569900122306,10393.783875931,85,B0042,42,0.0844378562146582,4,0.04884435568938469,0,1,0.0844378562146582,0.04884435568938469,0.300709540372608
2.671214412999543,2.174009268733748,4.188160354925031,0.34300368536813075,-3.931680950777038,-4.032988970431842,0.6139586786074559,23.729074463498666,37.77196459678644,9.501295102875618,-10.357058327117576,1.9018451461658747,-0.001993960081373571,0.005538347837048123,982.094,3893.354513943195,10263.155028692881,84,B0042,43,0.0847891906059033,4,0.049047590384593706,0,1,0.0847891906059033,0.049047590384593706,0.2990254700118262
2.691575483192303,2.1861984912538444,4.147325113187213,0.31701857000882966,-3.942868822909943,-4.034270870730653,0.5778316727410028,24.093822128089528,36.82466507220515,9.6230763755284,-10.489326035407217,1.8044072288940267,-0.001803450993108763,0.0052172627615075465,1063.609,4222.293738560765,11240.13079191951,95,B0042,44,0.0933425818344258,4,0.05399542897554895,0,1,0.0933425818344258,0.05399542897554895,0.2944504075061715
2.673911300416998,2.1758569457027304,4.178007633870366,0.3285587952842896,-3.943133668889635,-4.035551171922283,0.5781784411185055,23.99346261249294,38.55810679258891,9.894019623982052,-10.416264313688066,1.8163630971310023,-0.001848725526855611,0.004810967312261164,1067.641,4238.959982111611,11203.320631280423,95,B0042,45,0.1060318013139778,4,0.061335700004034766,0,1,0.1060318013139778,0.061335700004034766,-0.007066104788115218
2.674532494466212,2.1928857082631903,4.187777600667363,0.34811784645931615,-3.941238449762143,-4.0336360496244295,0.5840556268386483,24.134267829139272,38.71410921886447,9.577978929088848,-10.410136788280301,1.879593142149502,-0.0018736321982125914,0.005260729276999772,1048.687,4162.5356619360555,11000.00513300697,93,B0042,46,0.106505866207118,4,0.061609930015293274,0,1,0.106505866207118,0.061609930015293274,-0.004467416181145459
2.672674327169749,2.1962120524397566,4.187801760321389,0.34603843435425236,-3.940098411106424,-4.03449697480989,0.5871446454275907,24.399198659580694,38.82770605774448,9.539809505218328,-10.39815432254256,1.875949726129788,-0.0018803148924788138,0.00515341780542914,1039.984,4127.426301909663,10898.110235394508,92,B0042,47,0.0943911158551295,4,0.05460196934684253,0,1,0.0943911158551295,0.05460196934684253,-0.0019906519280942616
2.795919785016863,2.177441070098024,4.187724346556428,0.356558159425539,-3.895915337791737,-4.034666797827482,0.7168076227298545,19.290333517015608,28.576587463983174,7.36933390162472,-10.709187759927168,2.209440639401533,-0.0028291163124991607,0.006046129559243668,687.328,2707.1384837119117,7451.415292327577,61,B0042,48,0.0945059592738711,4,0.05466840226029002,0,1,0.0945059592738711,0.05466840226029002,-0.0019433537335935614
2.6474329497500486,2.1475982200987445,4.184585351637899,0.33339830520222397,-3.939911966880655,-4.034572987789034,0.5871676227100583,24.88014162106386,39.82101597656743,10.580450138716651,-10.29633306107181,1.8194180516267902,-0.00191589807158891,0.00532450049597308,1047.531,4157.463434650242,10871.247817405194,92,B0042,49,0.0821145610821562,4,0.04750041046255592,0,1,0.0821145610821562,0.04750041046255592,0.0022456041504539197
2.650103128820241,2.1889636369151995,4.174370629404978,0.33214372295957506,-3.9391677500177606,-4.03512977633892,0.5903768972063547,24.484790248053308,39.40691039052945,10.061580587918879,-10.30449159275755,1.825306143524297,-0.0018738471533824538,0.004883579206047486,1038.375,4120.578060505765,10784.630721093394,91,B0042,50,0.0951847063194674,4,0.05506103376000435,0,1,0.0951847063194674,0.05506103376000435,0.0021694189989020785
2.6386351740397065,2.1591530449897105,4.187149567075233,0.33694552470172645,-3.938160748076452,-4.03420892483412,0.5932782278403341,24.324380281877854,39.34611379625948,10.275107427376282,-10.253036066570743,1.8290669505529131,-0.001936076233806917,0.004963483405884318,1030.703,4089.560173530715,10652.281394751695,90,B0042,51,0.0953912999865905,4,0.05518054099304544,0,1,0.0953912999865905,0.05518054099304544,0.0022229132441054984
2.6415162059645665,2.1872998670546773,4.186990272639876,0.35606995520803103,-3.9364453051464534,-4.03394881658736,0.5999695835884935,24.31173812149945,37.81632351305823,9.551049095858643,-10.256978428460455,1.8981388497326064,-0.0019206681468645766,0.005320124296123943,1010.765,4009.32847297431,10451.711499931482,88,B0042,52,0.0828966456585456,4,0.04795281912072024,0,1,0.0828966456585456,0.04795281912072024,0.0022988940393167817
2.6361490952131295,2.1645340110741715,4.187147788668544,0.3407839500522652,-3.9374486872527408,-4.034576773439992,0.5966954914654712,24.798155128694976,39.87139328791911,10.591395909598983,-10.239537533229411,1.8431666835937743,-0.0019411270887256292,0.005410635506323306,1025.719,4069.705778656411,10589.886756967355,89,B0042,53,0.083431990364526,4,0.0482624973670374,0,1,0.083431990364526,0.0482624973670374,0.0022147937818690205
2.6207075351068374,2.1770285343272047,4.18639765148157,0.3406548167804928,-3.9362749816753353,-4.034351864470546,0.600151417270792,24.477937441374635,39.50565821587436,10.199206646717563,-10.172736292840684,1.8351700841587337,-0.0019411180283950634,0.005000054845843025,1016.859,4033.5800156034284,10428.725311813801,88,B0042,54,0.0962477215649569,4,0.055675951014913454,0,1,0.0962477215649569,0.055675951014913454,-0.0028266320965601387
2.609437196185719,2.141111284495936,4.171541055891453,0.3636290909595908,-3.9328752001842844,-4.0360153311832665,0.610476582647533,24.426888204419104,38.61632478517865,9.530927076906272,-10.114732001633827,1.913159603312034,-0.0019361768600862266,0.005132609347543191,1021.079,4049.4911788332233,10421.845122057246,85,B0042,55,0.0871279249656989,4,0.0504004666660857,0,1,0.0871279249656989,0.0504004666660857,0.0016113562707536998
2.6133279392952935,2.169659057289744,4.185612994515991,0.34620969757535136,-3.9348711002995205,-4.034406713148468,0.6034896323107769,24.529804368213707,39.5809379115645,9.982660937094629,-10.137789486147488,1.8502005257385608,-0.001953641310063495,0.0050356829332805705,1010.562,4007.8841421507755,10330.960539580276,87,B0042,56,0.0968191218275757,4,0.05600648614358144,0,1,0.0968191218275757,0.05600648614358144,-0.0002855643681970388
2.6084761921076955,2.181654361966916,4.185815228961297,0.3635150684121276,-3.9340089265905283,-4.03395759066338,0.60672462473335,24.521420210496924,38.80523939319278,9.624518571862023,-10.114253928182064,1.9021431841334329,-0.0019509848130075875,0.005307413542113305,1003.313,3979.0400975356824,10234.727552584938,86,B0042,57,0.084400548913451,4,0.04882277471644593,0,1,0.084400548913451,0.04882277471644593,-0.0003007806509810806
2.602763654326182,2.152597184317211,4.185190800042781,0.3453732328557727,-3.9338909734981855,-4.035821871740746,0.6068835100942758,24.626500323697712,39.65831560799121,10.213341227626938,-10.090991164854842,1.842641336300192,-0.001980599713775361,0.005030779053002413,1006.187,3990.132333656806,10240.790001952508,86,B0042,58,0.0977012171667452,4,0.05651674754089607,0,1,0.0977012171667452,0.05651674754089607,-0.002853845360443838
2.5909779927483028,2.1543073222809688,4.185054518834841,0.367777216348164,-3.933060350490302,-4.036045295099187,0.6100213980645574,24.561944088587065,38.94866184020599,9.692583123854067,-10.039725559198708,1.9047182903256707,-0.0019821435801193068,0.005413147186600339,996.765,3952.531577956052,10095.317067829297,85,B0042,59,0.0851742647657266,4,0.0492703423595063,0,1,0.0851742647657266,0.0492703423595063,0.002214691359846058
2.5818616349209504,2.177098848593695,4.168001002398225,0.3471069306608114,-3.932813311811252,-4.034780378871755,0.6099313945582704,24.349376846518034,39.202440143533465,10.009146402646573,-10.003995153178463,1.8384986164786736,-0.0019409949386926043,0.005071563601961685,999.422,3962.849085554057,10084.19984829851,85,B0042,60,0.0847199354487912,4,0.0490075286909535,0,1,0.0847199354487912,0.0490075286909535,0.00048159790338154205
2.5894657078700765,2.1860372690383523,4.184494029120111,0.35523028305050997,-3.931442483824809,-4.033579787707524,0.6134335092058075,24.839628028264915,39.957340694247904,10.370308934441708,-10.027635194584846,1.8676765401906785,-0.0019606695786348865,0.005616935281710307,990.234,3925.4514301324,10017.524792413558,84,B0042,61,0.0854883696989364,4,0.04945204111133731,0,1,0.0854883696989364,0.04945204111133731,0.0022661504257278585
2.74324665969125,2.151510007358308,4.184245249283899,0.3826836646573668,-3.8726297778107583,-4.03486917319316,0.7741495234952571,18.664216427377188,27.779193601334228,7.176848642612333,-10.400760521856963,2.314197373786044,-0.0032341895601374388,0.006560920752815764,608.953,2390.0203304880433,6428.385404006254,52,B0042,62,0.085777499334335,4,0.049619292524208915,0,1,0.085777499334335,0.049619292524208915,-0.00027539008417679924
2.7253834676969557,2.186039852986656,4.188328512345139,0.3966860174871344,-3.866632309551034,-4.034128418138735,0.7888983812885566,18.036688378070966,28.17217588027361,6.757052568735522,-10.302700350198513,2.3511138461103958,-0.003269057191989401,0.006574231969884391,586.719,2300.5350614017357,6137.581320797354,50,B0042,63,0.0859555325524583,4,0.049722278533333,0,1,0.0859555325524583,0.049722278533333,0.002349136922857378
2.719690012340044,2.194439659521147,4.183150067115272,0.3994155327864051,-3.863052351120637,-4.035982933293039,0.7963109164730884,18.05907472602224,28.019806483186763,6.76621055334239,-10.266227303908966,2.364600166202619,-0.0033089043911743205,0.006727028302709915,575.922,2256.876841140317,6005.235461134545,49,B0042,64,0.0861479697965832,4,0.049833596769267664,0,1,0.0861479697965832,0.049833596769267664,-0.0001947410061713173
2.615760645023181,2.1996590897894817,4.146111713893696,0.33507854091304135,-3.9362026199966365,-4.03581430505571,0.6001917643034873,24.76547773055195,39.575497528042895,10.385801957455557,-10.156238556345825,1.8273275158950466,-0.0017994125005555103,0.005209268029381083,1050.406,4167.979001771311,10759.940146361254,88,B0042,65,0.0865245080899333,4,0.05005141104304921,0,1,0.0865245080899333,0.05005141104304921,-0.0003609145282284204
2.5894472814365503,2.136107030636872,4.168085841455298,0.351219763960916,-3.935267346074326,-4.034670379890685,0.6032443440239086,25.247650848522692,40.52562745153084,10.54535381966284,-10.044262231008144,1.8500216991243976,-0.0019061171235970084,0.005435366891922526,1040.75,4129.223960633579,10545.606523634355,87,B0042,66,0.0867603642868573,4,0.05018784562927099,0,1,0.0867603642868573,0.05018784562927099,-0.0002543989175841782
2.5730668910828003,2.1419779252621813,4.183024595509789,0.35977938743114907,-3.9325874401041485,-4.034567644462774,0.6100872423187877,24.850317398468412,39.732594757918605,10.114946102648771,-9.96656349545152,1.8656260694079445,-0.001958602776237114,0.005066578100486057,1019.125,4041.5334433972776,10247.466636748622,85,B0042,67,0.0866202538937107,4,0.050106796652124606,0,1,0.0866202538937107,0.050106796652124606,-0.00016855091187513994
2.7401588017218352,2.1988863560155885,4.183194814686632,0.3860771567725615,-3.8727999832071216,-4.035671934777944,0.7740469861307534,18.864531156596232,28.137335489275596,7.298402898686385,-10.389003620184011,2.3200313054604567,-0.0030960462208176765,0.0064736458489155395,618.844,2429.669469572139,6525.930178267222,52,B0042,68,0.0869802394927499,4,0.05031503576939715,0,1,0.0869802394927499,0.05031503576939715,-0.00020494138805831897
2.5703065006615917,2.122954770697664,4.187955458211665,0.35547842529723084,-3.933637026469155,-4.03342279801976,0.6068167593173303,25.750153086607327,40.6472857322764,10.717070415814334,-9.959378344003092,1.8447818974931303,-0.0019434795845284045,0.005662575595196556,1039.547,4123.595354617318,10446.002927015928,86,B0042,69,0.0738778711347396,4,0.04273577252016161,0,1,0.0738778711347396,0.04273577252016161,0.0024540197323687173
2.554774172450461,2.152849839303629,4.182683957990996,0.3601279623979737,-3.9300907584627907,-4.033737999973946,0.6174943792806764,25.210180888220314,40.39876505346307,10.382767346353672,-9.88276807477502,1.8597167841799667,-0.0019690295637244683,0.0052065554620490985,1004.328,3981.633475449124,10016.96193238555,83,B0042,70,0.0877586570223188,4,0.05076532316883631,0,1,0.0877586570223188,0.05076532316883631,-0.0002468297864771013
2.5697706881943767,2.196522899315092,4.162514481062673,0.3541522547337773,-3.930747740189577,-4.033875415877974,0.617565371670076,25.400612986280134,40.90163609300309,10.806875511820504,-9.946799025273409,1.8616983056263174,-0.0019025973442415472,0.005380817288221408,1005.75,3987.586341996857,10094.320012989177,83,B0042,71,0.0879057630027299,4,0.05085041884929708,0,1,0.0879057630027299,0.05085041884929708,-0.00022907974317452063
2.5650203867450827,2.197996842344396,4.182351033163065,0.356816058067743,-3.929501181608493,-4.035122004029501,0.6208764799000316,25.47246500800018,41.18900895779625,10.599634362847198,-9.920624840698691,1.8608639256487889,-0.001933708484076025,0.005254163307592506,995.797,3947.5579546888425,9969.985624337824,82,B0042,72,0.0880878488220017,4,0.05095574914688179,0,1,0.0880878488220017,0.05095574914688179,-0.00029351898565820045
2.5498903733729468,2.1297135396833,4.18217351248383,0.36379702084793875,-3.92912394117899,-4.034188562278321,0.6210260317739141,25.7066698253335,41.34432689728045,10.788896314734878,-9.858771001070211,1.8703896385550725,-0.0020109814565780395,0.005385601496062173,998.921,3959.679194956157,9940.949685339565,82,B0042,73,0.0883425026815871,4,0.05110305752552706,0,1,0.0883425026815871,0.05110305752552706,-0.0002724526377674397
2.541309292458781,2.167460006041706,4.182212563987984,0.3714971412433701,-3.9284467564220784,-4.035608644890248,0.6246408102239561,25.73079046383608,41.46126781944402,11.052168917479731,-9.820448840840598,1.8901733035097206,-0.001979268816023894,0.005867444469333888,989.141,3920.5940263236907,9804.858557423617,81,B0042,74,0.0746305533274507,4,0.0431711729245535,0,1,0.0746305533274507,0.0431711729245535,-0.00015053643854221754
2.5322112945564674,2.188428099048639,4.182029042319134,0.3704714392435712,-3.9267682674435918,-4.03477323779569,0.6283929815967662,25.610151874322735,41.26138545585116,10.727345916272718,-9.777615961417558,1.8829687421292811,-0.001966898806757165,0.005515112683462683,979.203,3880.166562541786,9664.923252104596,80,B0042,75,0.0748569866512269,4,0.04330215670721063,0,1,0.0748569866512269,0.04330215670721063,0.0025803340742183794
2.5336398931006547,2.1364927300394707,4.1594358105794,0.3643305671425388,-3.9278468443801544,-4.035478262157419,0.6245293944562705,25.871001272619925,41.67057172451578,10.838564170745775,-9.790424811307883,1.8691722483145679,-0.001986787167085165,0.005565713338135384,994.031,3939.443686966384,9824.53939428801,81,B0042,76,0.0752757364314176,4,0.043544388854323525,0,1,0.0752757364314176,0.043544388854323525,0.0025260053142624585
2.5300104336765608,2.191166300272401,4.181389260665308,0.3715264422890094,-3.9256584663973166,-4.0348123254431405,0.6322621827966969,25.600970602838455,41.18674777166984,10.497320761602404,-9.763814330938738,1.887864753957471,-0.001974713081636848,0.005566227509761162,971.516,3849.478046474391,9577.150320866198,79,B0042,77,0.0753235186048872,4,0.043572029175634235,0,1,0.0753235186048872,0.043572029175634235,0.0025528660434228994
2.5687661609629626,2.1913163423875845,4.181131059409839,0.38937874370763675,-3.9058724989108504,-4.036198260626553,0.6903819496096254,22.97283104775157,36.89985043885535,9.237147538957087,-9.83674160490049,2.042110065790828,-0.0023467683134507345,0.006169989565015106,810.563,3201.112655993129,8066.085526764013,66,B0042,78,0.0755376530236719,4,0.04369589847058494,0,1,0.0755376530236719,0.04369589847058494,0.0025609699315830405
2.6667675405848916,2.1777089403180425,4.183136931480622,0.4185683735075469,-3.863354268170434,-4.035140494431039,0.7969318227574366,19.739623944709617,29.79153666326944,7.862521900115106,-10.053649357500124,2.3582606731386,-0.0031994006727985836,0.007299735778514895,599.047,2349.133916855636,6120.546409555918,49,B0042,79,0.0758428560612825,4,0.04387244778619802,0,1,0.0758428560612825,0.04387244778619802,-0.00024246054676635987
3.105121186216066,2.1316975124246333,4.186858423852253,0.69516819573764,-3.22393930405399,-4.034942103518998,1.611404924437332,6.0573358126113375,9.15118085083689,1.57966694080384,-9.139641155013859,4.895671615585379,-0.016356206140384178,0.007854404931538831,109.078,375.7010894949941,1081.0133528742128,10,B0042,80,0.0759921803489148,4,0.043958826680039594,0,1,0.0759921803489148,0.043958826680039594,-0.00022703873953758004
3.133556616526209,2.1969934922661687,4.173229464797026,0.6658805808052646,-3.224483832257962,-4.03535806126515,1.6119374621108205,6.452306826213871,8.639171556267463,1.0280215049402246,-9.266713631830594,4.927241895174579,-0.01568483127031163,0.0074276660524335986,109.171,375.8935016959831,1096.1513465557998,10,B0042,81,0.0762165260959199,4,0.04408860287232307,0,1,0.0762165260959199,0.04408860287232307,-0.00018815793290045957
3.175407439924743,2.1767041905630014,4.182309477232018,0.6774430054286956,-3.1336357808131234,-4.03389585056911,1.6754127410287627,5.8829411130714435,8.36040279366827,1.2666929013890578,-9.049981590059083,5.117132480845442,-0.01802813128617369,0.008068976952797997,96.484,325.04059823168956,955.7472920313796,9,B0042,82,0.0621692314155252,4,0.035962732692737795,0,1,0.0621692314155252,0.035962732692737795,0.0026308574378723997
3.102016459243783,2.137070814591814,4.179128534299532,0.6943832289441837,-3.224095150373821,-4.034621719624155,1.611382199535307,7.141415346306763,10.13355592147926,1.5033625632773269,-9.134074287221521,4.895343441229939,-0.01619857613164239,0.007908736103361838,109.094,375.6820318594841,1080.0528631182642,10,B0042,83,0.0759822277461493,4,0.0439530694463614,0,1,0.0759822277461493,0.0439530694463614,-8.89149444954801e-05
3.1454428736631384,2.082550981383133,4.181278186068862,0.7087088130441817,-3.134890688113641,-4.035455276480104,1.67375694495009,4.976092805264432,7.825436879589506,1.5049256623284426,-8.93467025402311,5.091449311559329,-0.01884584439772465,0.008272597263357766,96.906,326.3636212756854,947.9363314363832,9,B0042,84,0.0622701354894356,4,0.036021102181229524,0,1,0.0622701354894356,0.036021102181229524,0.0027145441143693787
3.1652602154514007,2.144385419639702,4.180985964629633,0.6889061126674094,-3.1337747765377175,-4.033746345766042,1.673665959382088,6.411857494253951,8.862063004604039,1.2539120462926185,-9.011363527587205,5.1065710234631485,-0.01820748853060925,0.008074695281319388,97.015,326.91326156591055,957.7268187281927,9,B0042,85,0.0625944660879844,4,0.036208716123916504,0,1,0.0625944660879844,0.036208716123916504,0.0026795428521860813
3.375833171038118,2.1679616860507585,4.091725418867881,0.30321722333515516,-0.9606132638664066,-1.0117101728405982,0.21051089741783532,8.336150156814936,12.075623262738652,1.6208517900415145,-3.254095760453616,0.7706492075604775,-0.00016840333431803717,0.001792203428350537,5608.781,5394.987474829324,18270.700364281925,457,B0042,86,1.4377344766079456,4,0.8316792646156607,0,0,1.4377344766079456,0.8316792646156607,-0.2723035901024051
3.4250125349211604,2.180850179577844,4.159841572444575,0.31243582870636344,-0.9944195894158236,-1.0157168253561746,0.11372875140054599,8.088311260303593,11.61044167945082,1.5010025497353996,-3.4074509274562117,0.49643308691893084,-0.0002004751949464149,0.0017783829227415878,5703.296,5684.887756271661,19470.220530539995,463,B0042,87,1.5246019289244055,4,0.8819290569361726,0,0,1.5246019289244055,0.8819290569361726,-0.29248653950177605
3.427812476893316,2.148712088809679,4.180350451491815,0.3201757645724719,-0.9986292541736457,-1.014585811777543,0.09342723120503257,8.108636077883194,12.416393344856289,1.4769286490576368,-3.422673671294747,0.4503696911948765,-0.00021348078327455968,0.0018541767618035659,5668.032,5674.6221358034745,19439.423356320047,459,B0042,88,1.5215273965539478,4,0.8801505471608961,0,0,1.5215273965539478,0.8801505471608961,-0.28910903376155966
3.4260236276092266,2.126630218048744,4.180484652340476,0.3212152097392792,-1.0007710730973127,-1.0152252739169738,0.08150988492319061,8.179473273978417,12.741907914911504,1.5533659553463817,-3.4270228431532312,0.4239251970934677,-0.00020295196303621592,0.0024876464980836655,5634.047,5653.185069063512,19348.910740189105,455,B0042,89,1.5155323631175952,4,0.8766826293493575,0,0,1.5155323631175952,0.8766826293493575,-0.2906524455256319
3.427137964017458,2.177720591678305,4.179828984428225,0.3159529486985367,-1.0029400958959638,-1.015528714589196,0.06701470735759572,8.133323147997125,11.812176644627147,1.5325654276385317,-3.434009197109097,0.3901223175702013,-0.00035623400911449874,0.0006994490504460688,5582.375,5607.738362750645,19197.906058928354,449,B0042,90,1.5044249661534554,4,0.8702573874919564,0,0,1.5044249661534554,0.8702573874919564,-0.2883661000130942
3.4224753028837007,2.1738551413791023,4.179688473119865,0.3194337441339185,-1.002976218809888,-1.0152994782253597,0.06713857461337767,8.221548017024785,12.77319183354637,1.5715268169605274,-3.4294259993960994,0.39300879465780025,-0.0003578418599245198,0.0006955673418481753,5567.329,5592.788367024827,19120.249661152855,447,B0042,91,1.5001507149498807,4,0.8677848822028306,0,0,1.5001507149498807,0.8677848822028306,-0.01248324766838702
3.4137666152192327,2.1739453453589515,4.156718320546126,0.3160344161331226,-1.0029036577307848,-1.0156907563945252,0.06745003750888409,8.196033184015116,11.714847602816857,1.56427643813557,-3.4205086307470536,0.39084761258701695,-0.00035572848270022943,0.0006937415168798379,5528.453,5553.533055265595,18937.45480312875,442,B0042,92,1.489011227320312,4,0.8613410770143978,0,0,1.489011227320312,0.8613410770143978,0.0071181403208187
3.415284661394718,2.1496986936751377,4.179126280631904,0.3222543815100738,-1.002852610333621,-1.0141702039281322,0.06770363551466192,8.16363192494008,11.58953853216132,1.5055301552892486,-3.4217677456164233,0.3965679575070369,-0.0003651695136734941,0.0007104516178967481,5513.39,5538.221996347453,18893.54030377481,440,B0042,93,1.4810149357562843,4,0.8567155011547208,0,0,1.4810149357562843,0.8567155011547208,0.008102492159532692
3.411339830211172,2.130871451051632,4.178321190076967,0.3229272523305341,-1.002761137143926,-1.015116075388854,0.06827772875833123,8.182297960881899,12.228023164640565,1.6446697473265521,-3.4174033682135607,0.3978345131664241,-0.00037099367859562735,0.0007453178149646923,5486.187,5510.628295809526,18776.741612959973,432,B0042,94,1.476262027748574,4,0.8539661095939339,0,0,1.476262027748574,0.8539661095939339,0.007854067073804228
3.406171736681637,2.1249846428522594,4.177914160605347,0.32799959431152426,-1.0028500275234071,-1.0161898571210812,0.0681678115395448,8.239851195999249,12.995413081963957,1.6658962163227755,-3.4124909678283464,0.40142501076237447,-0.00037370239895503275,0.0007264018193738799,5461.922,5486.6302531354595,18666.705406273853,433,B0042,95,1.466255102543896,4,0.8481774522787625,0,0,1.466255102543896,0.8481774522787625,0.007633972721911908
3.404061107280645,2.124079082604729,4.177668141485771,0.3286401777277191,-1.0027529355519171,-1.0156335856045815,0.06851611139092005,8.314381068196377,13.00690019959285,1.6851876918374316,-3.41006244613664,0.4030022868088106,-0.00037570745860387056,0.0007327352795281166,5438.157,5462.353723257169,18571.804578457333,430,B0042,96,1.459328259381702,4,0.8441705150306323,0,0,1.459328259381702,0.8441705150306323,0.00816449111363573
3.392089192692739,2.157698091133544,4.153042890139087,0.32582611848484944,-1.0027471224260915,-1.0151373782288406,0.06875838454086707,8.203300249486228,13.003396618491456,1.7611598302120675,-3.398035335483053,0.40053597381612294,-0.00036631861524654357,0.0007036737631134032,5402.875,5427.05778724252,18385.923634905655,426,B0042,97,1.445704157754381,4,0.8362894472765973,0,0,1.445704157754381,0.8362894472765973,0.0086614139131862
3.3962072676781316,2.128860427750212,4.176783274878805,0.3320829574126435,-1.0026619793717586,-1.0156661309978,0.06888923725704961,8.252382764570392,12.802739574235911,1.6260403402062118,-3.4017699493144438,0.40589614818203984,-0.00037762878947936954,0.0007137178741524378,5384.438,5408.03988103831,18343.03748496002,423,B0042,98,1.4400686089389023,4,0.8330294787839303,0,0,1.4400686089389023,0.8330294787839303,0.008189265363476394
3.395827065629725,2.162828573021361,4.176835821672092,0.33089170733331336,-1.002740647957347,-1.015570651710456,0.06933297218662363,8.247452041994245,12.748426837127605,1.5927604175217611,-3.4016201530256995,0.40590879498970206,-0.00037381598084399646,0.0006893849416752004,5344.859,5368.944552771038,18207.355630132624,419,B0042,99,1.4290313659547842,4,0.826644818557883,0,0,1.4290313659547842,0.826644818557883,0.009446132358757974
3.3924931276502397,2.1882897882574714,4.1765571620332524,0.33040003158639575,-1.0027179745166037,-1.0147574189655575,0.0696247757318798,8.179356055314594,12.453422458173543,1.6123779650765908,-3.398157362430498,0.4058858857218515,-0.0003711204877864003,0.0006621366962878235,5305.156,5328.954275020924,18054.773470001914,415,B0042,100,1.414172188151386,4,0.8180493022999157,0,0,1.414172188151386,0.8180493022999157,0.010416582878501978
3.389283502389414,2.1285029465259013,4.1766999837334025,0.331079649342986,-1.0026894950538923,-1.015910590106893,0.06994391723668264,8.33800631225338,12.1691500239434,1.6425253149994201,-3.394782090263499,0.4068096489774993,-0.0003845829798885502,0.0007305076891503085,5284.547,5308.270786195593,17968.878453713653,412,B0042,101,1.415603079129078,4,0.8188770228390236,0,0,1.415603079129078,0.8188770228390236,0.008745036050524835
3.377876069069322,2.158726692822152,4.150196439454072,0.3318288128893133,-1.0025103497063337,-1.0159094949842238,0.07011502367051788,8.293330795902381,12.726444405331804,1.6432539808720534,-3.382810522174588,0.4075372733203342,-0.0003743361998061554,0.0006736231651571485,5267.843,5290.681797811718,17848.667732638747,409,B0042,102,1.3994410223300702,4,0.8095278365101347,0,0,1.3994410223300702,0.8095278365101347,0.009252627084862164
3.386987302997725,2.1998128745691083,4.175707583064406,0.328896769389149,-1.0024134076376698,-1.015635228418542,0.07050211575404294,8.373136255476883,12.125723483812015,1.5996800459559077,-3.391446229383289,0.40563967496790626,-0.00037371727835443187,0.0006673177754590466,5229.688,5251.926750359222,17764.430819662084,406,B0042,103,1.395963528579491,4,0.8075162276266844,0,0,1.395963528579491,0.8075162276266844,0.008821016071882282
3.3829130588839496,2.1540885607694915,4.176508363415245,0.33192510811572384,-1.0024655689800792,-1.016152801679653,0.07054877718588566,8.329037453715973,12.11350286924164,1.6234766394937268,-3.3875363513556325,0.408210044721489,-0.0003840879017451039,0.0007063791576495385,5206.954,5229.426867980655,17665.510681968193,403,B0042,104,1.3929784652630588,4,0.805789472579606,0,0,1.3929784652630588,0.805789472579606,0.00721058013834508
3.3774651407729346,2.159795216779738,4.175329405348679,0.3372938802743163,-1.0024461693775724,-1.015180208545858,0.07097756466806418,8.396128944133206,12.960410174687055,1.6090894919913936,-3.381941849158035,0.41321474568847283,-0.0003854904343017229,0.0006839000565082466,5179.062,5201.425386942976,17543.206524180285,400,B0042,105,1.3740772023800918,4,0.794855751040215,0,1,1.3740772023800918,0.794855751040215,0.008018997154258845
3.3780934843236405,2.185043715780537,4.175181369358572,0.3308806968373481,-1.002355515867145,-1.014696180145089,0.07135050081934848,8.43692173445999,12.4262328165013,1.6965000539838977,-3.382231618598347,0.40861567236824997,-0.0003825493473477763,0.0006868209804258837,5144.109,5165.97397807654,17427.179373447594,396,B0042,106,1.3752493030002435,4,0.7955337703808398,0,1,1.3752493030002435,0.7955337703808398,0.00807075522576688
3.364163079749717,2.1784898920030544,4.147372136171002,0.333483873759522,-1.0023378437056385,-1.0153472628222506,0.0713975187105794,8.419794670115083,13.21754189086476,1.7918700289434677,-3.3682917842620457,0.41059723052675473,-0.000378267348938061,0.0006596241893260848,5142.891,5164.708151905397,17349.98504238298,395,B0042,107,1.3671966130854505,4,0.7908755700417106,0,1,1.3671966130854505,0.7908755700417106,0.006448881848923937
3.3705853863809336,2.189853076065801,4.174822480867543,0.3362842275092149,-1.0021679698004895,-1.015989585590983,0.07178875697450995,8.409805733876953,13.047668558877342,1.7019687670033214,-3.3739599025474956,0.41328779746604855,-0.0003838849065959712,0.0006578919823394066,5109.734,5130.650773795551,17266.043621907695,391,B0042,108,1.356887600783644,4,0.7849121658738503,0,1,1.356887600783644,0.7849121658738503,0.007815185559169402
3.366371835007897,2.169597235193881,4.174669508085626,0.33994075238792215,-1.0021759719497005,-1.0147917391902936,0.07210765738572221,8.370055044633526,13.073094195785368,1.6840004796987784,-3.3696926245990078,0.4166250711466268,-0.00039046483674992416,0.0006722385293066336,5078.937,5099.9561314977345,17141.72399259802,388,B0042,109,1.3449320225969348,4,0.7779962807530898,0,1,1.3449320225969348,0.7779962807530898,0.009609288533224802
3.360943897156673,2.153907127504055,4.174072805021775,0.34160369557612363,-1.0021900129076768,-1.0152446711938672,0.07238628642729084,8.33428157906845,13.27910289077086,1.8011691301188968,-3.364294572588108,0.4185829268556777,-0.00039597582007372314,0.0006836870507538681,5051.672,5072.701547637287,17023.895875323175,385,B0042,110,1.3374691704584258,4,0.7736792810014151,0,1,1.3374691704584258,0.7736792810014151,0.00732160638433319
3.475911687674208,2.421307986424623,4.204104775621549,0.23405170104001294,-1.8551004388985552,-1.990987822798042,0.4970392861819861,30.907894474048284,36.84241052511593,3.3124391109362725,-6.484430395514777,1.7855592380445977,-0.0002949821538449897,0.002290352986911826,3360.922,6236.287642140816,21796.57908055562,358,B0043,0,1.713782642126885,22,1.0,40,0,1.713782642126885,1.0,-0.0
3.4897388185035,2.4612810169393184,4.205053773882487,0.22844734678138814,-1.868889923378281,-1.9917802328214216,0.4733197874382051,30.363796429604488,36.2511342416132,3.3015496921289875,-6.551886376060388,1.7086175472037866,-0.0002888078926583641,0.002235901087484934,3289.406,6152.072832768223,21565.996979128657,348,B0043,1,1.6955681658647108,22,0.9893717698998462,39,0,1.6955681658647108,0.9893717698998462,0.018214476262174095
3.4901234321768033,2.3997609695216755,4.204546702288046,0.2324594776280843,-1.8840563804062687,-1.992161929805588,0.4443531288719527,30.07611798184701,36.12855723169499,3.335550550442815,-6.600907689554562,1.612342424289129,-0.00029110428460077164,0.002440415531440675,3244.797,6120.895931634301,21443.38926574016,341,B0043,2,1.6814906372051954,22,0.9811574676228406,38,0,1.6814906372051954,0.9811574676228406,0.016146002460844744
3.4940185374934947,2.399740066713552,4.204756646870948,0.23139631236268476,-1.89408796703159,-1.9914034366675075,0.4231363799359833,30.05896964075817,36.35251788056927,3.3966276275278737,-6.639453617059773,1.5417347580113177,-0.00029259728071600005,0.0024644799558336196,3211.438,6091.702947421944,21351.727723609125,336,B0043,3,1.6786372409532953,22,0.9794924978759427,37,0,1.6786372409532953,0.9794924978759427,0.011715133724529888
3.5005489873453817,2.3786378834863195,4.204750835132976,0.23374188288723416,-1.9103670337506284,-1.9917916805558111,0.3865429154086473,30.417149405736243,36.75256708066779,3.3994915492727302,-6.704962456843279,1.4224318065383936,-0.00030095509458077544,0.002547045286915085,3175.594,6078.21946259928,21331.151862140305,330,B0043,4,1.6694168550864992,22,0.9741123606052365,36,0,1.6694168550864992,0.9741123606052365,0.011091446760096435
3.507465391169604,2.416288536712014,4.204901465726193,0.23283496397733996,-1.926803470895965,-1.992343743472965,0.34522829381626907,30.617574721987218,36.83142721849718,3.20003594534408,-6.769756353554068,1.2870330390748514,-0.0003077651553012792,0.002501493821026446,3121.672,6029.653107558203,21182.769081429775,321,B0043,5,1.6611938521224778,22,0.9693142008142048,35,0,1.6611938521224778,0.9693142008142048,0.010517758000881417
3.505466720095601,2.3791815969853816,4.205123789023272,0.23548079279340237,-1.9324769674832156,-1.991761741760116,0.3299928957865112,30.258236869364143,36.54735803665934,3.2345977664446655,-6.783998227157165,1.2383344821428974,-0.0003143532352176484,0.0026221842067651996,3102.937,6011.638157793027,21102.58873584455,317,B0043,6,1.6506423382064332,22,0.9631573442463558,34,0,1.6506423382064332,0.9631573442463558,0.008985165531655515
3.505146635224542,2.4666546752460183,4.204720843069481,0.22772812091418426,-1.9255143226505498,-1.9926632981632448,0.3489409545025576,29.936684037867014,36.223678523702304,3.324946600499913,-6.758793961658186,1.295707410294388,-0.0003007107215013777,0.002428995031582971,3089.437,5962.50261601552,20927.512649007782,314,B0043,7,1.6424273190907783,22,0.9583638430673149,33,0,1.6424273190907783,0.9583638430673149,0.00781266362288342
3.5024428414174498,2.429311406516166,4.204351643955918,0.23067948914787081,-1.924996304077744,-1.9910210969809976,0.3503945645721003,29.74762436888935,36.16960256825446,3.3635921587298068,-6.75174607093591,1.3018123585886572,-0.0003010304290927897,0.0025295139544092935,3077.75,5938.077814168775,20824.77354474662,311,B0043,8,1.6353664801041328,22,0.9542438112656842,32,0,1.6353664801041328,0.9542438112656842,0.008654152169832497
3.5007336141613488,2.4024069940444392,4.203254409200642,0.23272943104400046,-1.9244448695912972,-1.9917602339187832,0.35152208302050614,29.699035458962353,36.19613432531801,3.3703642800270495,-6.746508466155525,1.3060979424521189,-0.0002989147560435927,0.00261017486646891,3074.875,5931.0092477846565,20789.288201649957,309,B0043,9,1.633232875930849,22,0.9529988434845682,31,0,1.633232875930849,0.9529988434845682,0.007236795831130039
3.501947249481621,2.406157541131262,4.204230992986033,0.23326228168481652,-1.9239340941617735,-1.992540822877361,0.3531539182903401,29.746622188626663,36.217566438813456,3.355536180864627,-6.746884203998776,1.3124321451740042,-0.00029976182983801905,0.0025893855035665175,3061.891,5904.743074091157,20703.64516855924,306,B0043,10,1.6258840554387932,22,0.9487107731590715,30,0,1.6258840554387932,0.9487107731590715,0.007061959336736923
3.5002499918856302,2.415785415380386,4.204061240829561,0.231997213162054,-1.916896100852633,-1.992323077219212,0.3709185605224007,29.642987306218718,36.09047688646367,3.408360876942094,-6.71972601026883,1.3701637358972143,-0.0002886114343258863,0.0025943066534193713,3058.469,5876.589958715056,20596.863682702948,304,B0043,11,1.617976174654771,22,0.9440964885995031,29,0,1.617976174654771,0.9440964885995031,0.0065332327103324594
3.5007698538114447,2.400209592232293,4.204423283955662,0.2340890222441882,-1.9227329924422065,-1.992372409835,0.3561620229365714,29.663939557878308,36.148984496134304,3.3640538327864897,-6.739907485146344,1.3227190240365347,-0.0002934687034073399,0.0026467238740847457,3040.75,5861.249857879132,20541.74817594594,301,B0043,12,1.6136652707273988,22,0.9415810564662764,28,0,1.6136652707273988,0.9415810564662764,0.005752409672675896
3.5004947608560313,2.4374747406672226,4.204490583977483,0.23129905890296784,-1.9157256805286993,-1.9935372199400443,0.373953813207234,29.637650852441404,36.15795969792578,3.382321579988686,-6.715172140443751,1.379975467542187,-0.0002833288377139023,0.0025629387537087333,3037.641,5833.061625116765,20442.641400491895,299,B0043,13,1.605821026619692,22,0.9370039041980216,27,0,1.605821026619692,0.9370039041980216,0.005909090696888164
3.4961700451758575,2.3865949081957893,4.202477824031488,0.23486243175297494,-1.9087255587088567,-1.9925774400879448,0.39051477693504505,29.593597067401642,36.16956081888435,3.459443919184643,-6.683743750923031,1.4358310419537963,-0.0002792930631628856,0.0026833201608744608,3044.828,5824.694900312827,20391.27460579537,298,B0043,14,1.6033527961961531,22,0.935563680471356,26,0,1.6033527961961531,0.935563680471356,0.005976015946939172
3.4993157107183803,2.4489169685849195,4.204489330076927,0.23114326204801725,-1.9078668399519796,-1.991618906287858,0.39240458733337585,29.63922727943673,36.13182777424954,3.4058558754226533,-6.6856951161042595,1.4410432749904267,-0.00027344096910348,0.0025491413923113284,3030.25,5795.268358056801,20303.811824664357,295,B0043,15,1.5951342406182645,22,0.9307681157504477,25,0,1.5951342406182645,0.9307681157504477,0.0061499629641057485
3.50080829213355,2.4933649317176108,4.204953662033176,0.2283420741305809,-1.907455457642798,-1.991997740216363,0.3935734148856231,29.666195384468185,36.12995412374782,3.367547687239008,-6.686122532578032,1.4439709877258475,-0.0002688732101441863,0.0024522600204045617,3017.578,5769.358367926821,20218.24093535278,293,B0043,16,1.5878135544728509,22,0.9264964619447303,24,0,1.5878135544728509,0.9264964619447303,0.006032524036384013
3.497552326899387,2.473993010608268,4.204018303566451,0.22925921252842438,-1.9000139238260703,-1.9916623493440428,0.4103871685818873,29.635949832755518,36.115379230424814,3.469037896877369,-6.654429264482857,1.4997055357115852,-0.00026577604813229005,0.0024935391631396224,3015.0,5741.501603794201,20104.19643353265,291,B0043,17,1.5800601969084245,22,0.9219723423896367,23,0,1.5800601969084245,0.9219723423896367,0.0067210147637948746
3.4969748978677377,2.4568566798816054,4.20390099564762,0.2320038174172981,-1.904134059211754,-1.9915432702858615,0.40109097124515525,29.671876354508125,36.260266208231016,3.4323674582393107,-6.667105724805505,1.4694878284669581,-0.00026795994199266157,0.002526672867852081,2999.454,5726.521288205414,20045.753297516392,282,B0043,18,1.575565087879128,22,0.919349425738014,22,0,1.575565087879128,0.919349425738014,0.006051187748112774
3.4931433851686124,2.389783772934692,4.19682124697899,0.23496874847697855,-1.8929472665362916,-1.9935482540074148,0.4244322299734358,29.993152820136338,36.73407518988127,3.648678629250213,-6.624366749611047,1.548324262555153,-0.0002649558207486312,0.002643619544081142,3054.859,5795.775459099084,20276.84805394737,292,B0043,19,1.5950169012164208,22,0.930699647673482,21,0,1.5950169012164208,0.930699647673482,0.0016671789959464612
3.500270597096414,2.3834815017568327,4.202479371762253,0.2374250740910401,-1.8991542942688262,-1.9935266008477732,0.41164446956810685,30.681276254794994,37.35435994505973,3.568020189051289,-6.659548728291008,1.509459762863866,-0.00027149474134722937,0.002660300683831633,3034.875,5777.203924237603,20253.09313516309,289,B0043,20,1.5898075522577595,22,0.927659968760527,20,0,1.5898075522577595,0.927659968760527,0.0010653376721009966
3.5026578112869,2.427559147580718,4.204284851556785,0.23473518692048145,-1.8917722041126428,-1.992097101122076,0.4278023561564297,30.871236598447616,37.40944456827136,3.493615297296021,-6.638110342713577,1.5633867850359466,-0.0002629600823290184,0.0025511212342230723,3030.0,5745.1243706930345,20154.216360388422,287,B0043,21,1.5807953202097411,22,0.9224012901938952,19,0,1.5807953202097411,0.9224012901938952,0.0014036468526219537
3.501870413763956,2.458384607788224,4.20378732342866,0.23300629303456205,-1.89078274822848,-1.9921457624515235,0.430118713916275,30.779999574712413,37.26366414928814,3.4695685574099615,-6.631862019147826,1.5698969779940222,-0.00025966443507258446,0.0024887719269706264,3011.781,5707.949715876214,20015.62749174788,284,B0043,22,1.5704333289187615,22,0.9163550209434843,18,0,1.5704333289187615,0.9163550209434843,0.0019253735979325893
3.4967579517606566,2.394787213470724,4.204330620589128,0.2384816670734351,-1.8968520026147064,-1.9912425550809052,0.4172376825553393,30.581480715523952,37.27002790978136,3.5369541992493017,-6.642877458898565,1.5274900762219403,-0.00026419168683092703,0.002679982731964627,2990.25,5686.4411039519155,19908.67607122785,281,B0043,23,1.5643368431897875,22,0.9127976936727354,17,0,1.5643368431897875,0.9127976936727354,0.0022456489378681168
3.4938467732797593,2.365525236922006,4.2038717516378,0.24060831406110483,-1.8960710046785778,-1.991041676372342,0.4186886239579139,30.546605962885614,37.37612563137064,3.6457327600679728,-6.634544603769219,1.532503482202972,-0.0002638523961413302,0.002767327249420182,2980.234,5664.941809807455,19816.50623421162,279,B0043,24,1.558307017802491,22,0.9092792630158505,16,0,1.558307017802491,0.9092792630158505,0.007341976682785978
3.498085824975237,2.474272882432229,4.202475048160179,0.23194417698912587,-1.8818174142025106,-1.9909446444723564,0.4479884026726024,30.92329503843904,37.57568180724724,3.636022433800769,-6.592362479871497,1.6280755269468292,-0.00024966115966876804,0.002461586613213096,2994.844,5648.80957042469,19783.906441181127,279,B0043,25,1.5537149289772467,22,0.9065997582103021,15,0,1.5537149289772467,0.9065997582103021,0.007218524656102554
3.499824440494276,2.4720598546819117,4.203857283529741,0.23362598412633367,-1.8812480163452203,-1.991996113254465,0.44953482196256844,31.225884514077716,37.80943515485114,3.5649449678595224,-6.593791333480835,1.6348166473654078,-0.0002496146166924327,0.0024766987872314726,2987.672,5633.751577331107,19741.128607156777,277,B0043,26,1.549528250585513,22,0.9041568122445653,14,0,1.549528250585513,0.9041568122445653,0.006253413924845619
3.4987433448544607,2.4838780206846622,4.203991230539982,0.2336684674401188,-1.8805764098134792,-1.99144467027302,0.4510842044316297,31.163201064541546,37.69836973093636,3.519553446936651,-6.5885975755058155,1.639598346180216,-0.00024791340309656475,0.002457980346211538,2975.1100000000006,5608.466543151988,19643.847518673072,275,B0043,27,1.5424430535161062,22,0.9000225673903791,13,0,1.5424430535161062,0.9000225673903791,0.005598055080531061
3.496873891743175,2.429175425635552,4.205957997721127,0.2414383576322833,-1.8940750825904094,-1.9937155470584815,0.4236539279180735,31.130645067035932,37.67202323454292,3.3556387585696794,-6.631993366490938,1.5508195320094484,-0.00025934039749519013,0.002594567294510814,2953.219,5609.09501871139,19634.057825322954,272,B0043,28,1.54256227031715,22,0.9000921309383538,12,0,1.54256227031715,0.9000921309383538,0.004354914574527502
3.4895372240361704,2.397532773087188,4.203785685934744,0.2420401706973753,-1.8790362639465747,-1.9926097349240808,0.45416177516846584,30.837232735283838,37.5846177818102,3.573676982031418,-6.565714565646465,1.650453957103091,-0.00024814761643867956,0.002686860404663856,2955.484,5567.462712611573,19448.469927275928,271,B0043,29,1.5309356452520158,22,0.8933079421040538,11,0,1.5309356452520158,0.8933079421040538,0.005474274510095034
3.4871652344467075,2.435189655089205,4.202128090345783,0.2380065063185545,-1.8710836448265253,-1.9922654806203883,0.4688404738041948,30.641318807832377,37.57163850758581,3.737430086982314,-6.532440724238485,1.6965601017502405,-0.0002415631652735983,0.002589545883406127,2957.016,5545.660983584065,19355.56568160544,270,B0043,30,1.5247733176952427,22,0.889712195826028,10,0,1.5247733176952427,0.889712195826028,0.005788322256400802
3.4906015804101496,2.4649257198080514,4.203512527913386,0.23634483595654424,-1.8702004234947458,-1.990969048853236,0.4705130892131002,31.01732542847249,37.83811660125229,3.700240952766302,-6.5358444715848,1.7027957434612866,-0.0002412319616584786,0.0025132151976596548,2948.219,5527.608692758495,19312.29917724285,268,B0043,31,1.5196742408779502,22,0.8867368612112695,9,0,1.5196742408779502,0.8867368612112695,0.00597080194151256
3.4876146185117345,2.4457109146915506,4.203182025095136,0.23937709771206211,-1.8695581981674536,-1.991978047763166,0.47220691256744346,30.93897323974993,37.76120652410461,3.6350618080769332,-6.527487377199159,1.7086874156221388,-0.00024194474118645624,0.002564320034569978,2935.5,5501.442951750718,19202.06731972521,266,B0043,32,1.5123696925788683,22,0.8824746239126021,8,0,1.5123696925788683,0.8824746239126021,0.006014672187447579
3.4842857075179094,2.4807762094187127,4.202993560256935,0.2375617919422066,-1.8681373339121092,-1.9913479340556115,0.4749165859817093,30.585360437692223,37.43416840833683,3.6637261256632048,-6.514444466916399,1.7151067554088388,-0.0002390949713686048,0.0024992901714193036,2913.797000000006,5456.764535959694,19023.033254743874,263,B0043,33,1.499914486202397,22,0.8752069540982936,7,0,1.499914486202397,0.8752069540982936,0.0085295568229506
3.4811070895804797,2.482626305221594,4.203399051569862,0.23825516838023478,-1.8672666650634016,-1.991255410410246,0.47638884845406954,30.3648233882985,37.31899313705125,3.6959677972095,-6.504660671604497,1.7188294822740664,-0.0002371534611564133,0.0025196361538327924,2900.703,5429.850144428181,18909.769189364713,261,B0043,34,1.492410627118825,22,0.8708284180464526,6,0,1.492410627118825,0.8708284180464526,0.00770500362663813
3.475104459646633,2.397470273055264,4.2008898664224255,0.24340483243628813,-1.8594886102216435,-1.991416403593573,0.4902236733055223,30.432401864910737,37.58604736335072,3.88643216431175,-6.467506581145169,1.7650720451306299,-0.0002359766623560939,0.0027064040160010914,2914.031,5430.985843469556,18883.57519788504,261,B0043,35,1.492624987952706,22,0.8709534985721924,5,0,1.492624987952706,0.8709534985721924,0.0064296659485073345
3.4772044059441005,2.370171214445116,4.203438298553452,0.2468245566683949,-1.8662699457286136,-1.9932848499087763,0.4782457350775252,30.831835959630617,38.06717620893625,3.8500926752769935,-6.496355694331831,1.7278187828795828,-0.00024362892687798462,0.0027579911276625277,2901.968,5430.268079520803,18896.269016007547,259,B0043,36,1.4924024018806028,22,0.8708236185823782,4,0,1.4924024018806028,0.8708236185823782,0.0054543677994694836
3.482172936874988,2.467002990449064,4.203125269256038,0.23962531763699912,-1.8580509519301622,-1.9915678335386533,0.49291199637304683,31.094991080529404,38.03429813873292,3.7977945926623846,-6.47546198544678,1.775544071883449,-0.00023583696624769355,0.0025169247329703648,2901.734,5404.822660371545,18830.97008831396,258,B0043,37,1.4853020201751674,22,0.866680513423708,3,0,1.4853020201751674,0.866680513423708,0.005413534480740179
3.4803385610467843,2.476788514821077,4.203051054659131,0.2401462825338168,-1.8570868946683126,-1.9914103858193752,0.4946004405701745,31.038470618761803,37.8850432804777,3.7528807483299493,-6.467725343711758,1.7805505739424305,-0.0002346295774601819,0.0025058181440860364,2887.407,5375.949676866235,18717.432013827776,256,B0043,38,1.477208127101587,22,0.8619576898435045,2,0,1.477208127101587,0.8619576898435045,0.004541271820161974
3.4714831954460226,2.4014857684023228,4.203121514305449,0.24752604764800457,-1.8634355664455717,-1.9914698934009565,0.48349327753073207,30.652253424171764,37.72173567628911,3.7762877527609975,-6.473369119520694,1.7427136500318399,-0.00023949522479985592,0.002723896771618144,2861.937,5348.075852556571,18573.219582225473,253,B0043,39,1.4694738525181406,22,0.8574447052949808,1,0,1.4694738525181406,0.8574447052949808,0.00458735492013691
4.05715902963358,2.4576176811598773,4.199278377795993,0.30858201364196974,-0.26538241903639787,-3.9790202106481374,0.9858603148601014,7.628394260109583,10.169699784021772,1.2207153922429352,-0.7879625211062234,2.933853603916584,-6.902320626970784e-06,0.010760712917749868,1055.25,278.0157607045225,825.5966726185619,91,B0043,40,0.0570343910426537,4,0.03327982769849468,0,1,0.0570343910426537,0.03327982769849468,0.2871181193820105
4.049827246639277,2.427637650375664,4.197486385695169,0.3152884805141953,-0.27790699151072973,-3.976994268390442,1.006451688874242,7.4649167649876285,10.073103559906276,1.1335072871000338,-0.8257134156624478,2.9978317372170644,-1.0788990717101851e-05,0.011083183611010624,1012.187,279.08857024943313,829.4630203301501,87,B0043,41,0.0571536334895882,4,0.03334940621096375,0,1,0.0571536334895882,0.03334940621096375,0.28704975367820296
4.049066061935538,2.4427831763874552,4.198105245504659,0.31406489114165453,-0.2845068500189359,-3.978414173747544,1.0171753443716438,7.503302872635532,9.363713069880482,0.7200171518597652,-0.8507718351723628,3.0491650953528677,-2.531754468892357e-05,0.010978992143878472,991.172,279.8657817990854,836.9060471249835,85,B0043,42,0.0572936600593766,4,0.033431112354057026,0,1,0.0572936600593766,0.033431112354057026,0.28560167202315817
4.044551430084685,2.3604432554634345,4.197970873673746,0.3274359155271492,-0.28818241995759014,-3.978020094727615,1.0228101866699133,7.637968852421283,9.49837575629517,1.210697335848414,-0.8507913454377034,3.029260091744879,-2.0836748741243466e-05,0.01159665761917094,982.094,281.4825978748521,830.7358432713133,84,B0043,43,0.0574420318527805,4,0.03351768797324976,0,1,0.0574420318527805,0.03351768797324976,0.28395321904976134
4.035830307373486,2.381932819122213,4.194476442021244,0.3284254658690855,-0.29738235564582266,-3.9772827671809017,1.0375176426013828,7.608951449591351,9.502985965829737,1.1424884605499912,-0.8788164458639407,3.073256343490154,-1.9187141354837626e-05,0.011212668233970154,1063.609,313.51590799074256,926.2860930065937,95,B0043,44,0.0671306210772112,4,0.03917102404182303,0,1,0.0671306210772112,0.03917102404182303,0.2804686462881859
4.044589005651629,2.484673285435373,4.197752247409493,0.30753553478744206,-0.29734862514364657,-3.976964473628956,1.0373288390232156,7.076698354969239,8.979535773958249,0.6654810492000156,-0.9024796537221059,3.1534646492377263,-2.525720495806994e-05,0.010464760385896941,1067.641,313.1155380273874,950.4636712885814,95,B0043,45,0.0671478192023473,4,0.03918105922639857,0,1,0.0671478192023473,0.03918105922639857,-0.002022685631938721
4.04142282173358,2.4449132183808,4.198570311408386,0.31738730237323115,-0.3034723285432027,-3.9766535760963024,1.047642704919418,7.203287534892745,10.239009824535197,1.6676174160733728,-0.9140183994608067,3.1632194978650756,-1.2127070929220387e-05,0.010865772370617187,1048.687,314.43624492493046,946.8444552595702,93,B0043,46,0.0673200121169029,4,0.039281534578594866,0,1,0.0673200121169029,0.039281534578594866,-0.0020332757254629408
4.038238044394062,2.3975988971956834,4.198841552939364,0.3262005747230805,-0.30667044923216635,-3.976962731071752,1.052815412135484,7.515405447362731,10.120757638084276,1.6471521950426378,-0.9164168647312606,3.156621506939832,-2.4729358308876025e-05,0.01115086597509811,1039.984,316.60539292818225,945.5894975808066,92,B0043,47,0.0678403805161331,4,0.039585171916515616,0,1,0.0678403805161331,0.039585171916515616,-0.0021093440913513006
3.9848046527051646,2.3944641668469124,4.199385029561721,0.39000429449487256,-0.4602932757726641,-3.9770413411476895,1.265835283090138,8.284967270173246,10.16908687877008,1.4564324977473297,-1.372897634419087,3.7973009035134626,-3.9127130912479235e-05,0.013705158439041328,687.328,315.5099301375501,941.1832786421267,61,B0043,48,0.0679960492721063,4,0.039676005346699045,0,1,0.0679960492721063,0.039676005346699045,-0.0021108034838651603
4.061944839809303,2.484746371426068,4.198510355333928,0.28633411380048857,-0.26354071255954314,-3.976884098204476,0.9803764902368027,6.857064194557378,7.981964148617724,0.7671297180946813,-0.8068655412786359,3.004826399097908,-6.35187372663366e-06,0.01050538449123931,1047.531,273.18511566850646,836.6211168691191,92,B0043,49,0.0682801114788655,4,0.03984175694189939,0,1,0.0682801114788655,0.03984175694189939,-0.00022989808033085923
4.0390164727182745,2.439654912409003,4.198662948375451,0.31930649901139196,-0.30982094892471246,-3.9773559134401215,1.0582523355820814,7.332807580550581,9.50679606348134,0.7917466955080266,-0.9347909048886828,3.203452405594052,-1.3296450294050287e-05,0.010845077457192856,1038.375,319.1273601388919,962.7387726896836,91,B0043,50,0.0684463294312597,4,0.03993874587638172,0,1,0.0684463294312597,0.03993874587638172,-0.00025970204578247834
4.0361346398417846,2.4090725568197637,4.197798424948824,0.32370441167608077,-0.31356071971779864,-3.97775985390458,1.063689694447459,7.093409222592422,8.947219582076908,0.6344909917309879,-0.9437364034851933,3.2124438111536793,-2.4783274842064834e-05,0.011001773973186173,1030.703,320.089744410902,963.3824232996535,90,B0043,51,0.0685136191478808,4,0.039978009733400134,0,1,0.0685136191478808,0.039978009733400134,-0.00023872140619558003
4.057393658498293,2.4859989490669228,4.197881021158161,0.2930179859898749,-0.27513448834106563,-3.977445240880274,1.0009004247312658,7.192057776504479,9.048570192927317,1.3810806375801123,-0.8406822508618532,3.0631474718345526,-1.7641878849771582e-05,0.010630399972913504,1010.765,275.2379213266586,840.9923373528914,88,B0043,52,0.0688740243561668,4,0.0401883078187155,0,1,0.0688740243561668,0.0401883078187155,-0.00020672876800673922
4.057321348653442,2.4347562857307143,4.198733839270603,0.2969259194640953,-0.27166833180337746,-3.978076611417741,0.9957876854659501,7.020826540727179,8.214832927581378,0.8669284256261436,-0.8254430594026927,3.034398252120267,-4.036242169942989e-06,0.010886678891741436,1025.719,276.7813575006487,840.580290445341,89,B0043,53,0.0565443893216957,4,0.032993909456056486,0,1,0.0565443893216957,0.032993909456056486,0.00229033199008212
4.033634353087378,2.406517387646374,4.198110326587282,0.3282997329123506,-0.320196095157037,-3.977528651299922,1.0748336104442195,7.160800567147388,9.472969870923514,0.8082749632183913,-0.9619039423388707,3.2426495861091214,-1.6197794201489917e-05,0.011123351735526112,1016.859,322.49314843261084,968.738615600078,88,B0043,54,0.0691835316418984,4,0.040368906733725805,0,1,0.0691835316418984,0.040368906733725805,-0.00018068403260658173
4.051793890502685,2.451707097247213,4.197869647773584,0.30249558269052274,-0.2847656836072143,-3.977819823237704,1.0173005430198525,7.125807255445201,9.447247671252793,1.6348639757624537,-0.8654891317533056,3.0993463065982656,-2.2816006287975286e-06,0.01052364705031639,1021.079,289.31001657496466,879.1696926316685,85,B0043,55,0.0591220864554366,4,0.03449800750815361,0,1,0.0591220864554366,0.03449800750815361,0.0018648485951646184
4.030996821807475,2.381706206862016,4.197430661878491,0.3342231072966613,-0.3238806690763745,-3.9765929339855943,1.0803248744894858,7.276161437071745,10.624675414528705,1.368750394119761,-0.9685860195871193,3.2456892345959614,-3.090771873606568e-05,0.011187686463838414,1010.562,324.24551859432324,969.3290145766773,87,B0043,56,0.0695612008414022,4,0.040589278436776254,0,1,0.0695612008414022,0.040589278436776254,-0.00020951633870427977
4.055018337093391,2.474242037374171,4.197964103178539,0.29626915858148445,-0.28177752116071475,-3.977735314263721,1.0115947577990565,7.0723476874628055,9.289965371994612,1.5489171320708175,-0.8616464486187116,3.0983712677001423,-1.1050335434397654e-05,0.010665959713981371,1003.313,280.60502464058607,857.9677217829432,86,B0043,57,0.0701789780437661,4,0.040949754256275284,0,1,0.0701789780437661,0.040949754256275284,-0.0002609907375198617
4.030113750605147,2.376406799368078,4.1984290827154815,0.33689599909053475,-0.3276464138855827,-3.976763233599402,1.0858046002533341,7.211729709283271,10.405043941704964,1.0643366636194789,-0.9793918390619366,3.2610506173370752,-2.430929334540309e-05,0.011263043299826194,1006.187,327.3892210201491,978.3861388285841,86,B0043,58,0.0702814818386252,4,0.04100956568879854,0,1,0.0702814818386252,0.04100956568879854,-0.0027474185033859013
4.052423434416539,2.444206792905019,4.197776325811346,0.3021150862108445,-0.28464369596708916,-3.977599833768101,1.017435445512064,7.126821145688813,9.269985860917538,1.5586620388024537,-0.8657990293097803,3.1031274801332773,-4.70061777594856e-06,0.010844963105529386,996.765,282.71543298760804,859.867209389272,85,B0043,59,0.0578736420287837,4,0.03376953448248244,0,1,0.0578736420287837,0.03376953448248244,0.0022619779226229404
4.027129856353761,2.362524005453324,4.196951926227284,0.3405061285526865,-0.3313651943047909,-3.976739739726006,1.09161830658588,7.168249960966138,10.696409617431332,1.180587407036515,-0.9881774571601146,3.2722628194138297,-3.3647460649579006e-05,0.011318445262898071,999.422,328.63755038670655,979.6141744975203,85,B0043,60,0.0705661855429337,4,0.04117569160074917,0,1,0.0705661855429337,0.04117569160074917,-0.00228881981749942
4.048117106628375,2.3656545996286327,4.19797990922366,0.3150926471799427,-0.2883666373154701,-3.9778656380270103,1.0230529175542797,7.434058256465138,8.841145903774922,0.8877981412342705,-0.8664086175304626,3.0840630612815128,-6.835146077393468e-06,0.01136551162181777,990.234,284.0779795942573,853.1527352965256,84,B0043,61,0.057989410208958,4,0.03383708574442697,0,1,0.057989410208958,0.03383708574442697,0.00231435812648884
3.9942812603304247,2.4649338982361098,4.198154349205609,0.368701246398689,-0.4625693034020786,-3.977362149020762,1.2688357244263213,7.930969485581617,9.601778804173833,1.3817970770589696,-1.4115384507514241,3.8913739562438328,-2.8824868635137232e-05,0.013516588999480134,608.953,282.96294617905653,863.0175140846248,52,B0043,62,0.0712926644680078,4,0.04159959537198384,0,1,0.0712926644680078,0.04159959537198384,-0.00022273728484834
3.9892131166602725,2.4780138487049133,4.197870451831717,0.37200197550765807,-0.4810643118406535,-3.977130035437704,1.2905909771025483,7.59327498772461,9.775871193110238,1.5863581301705445,-1.4717412525349618,3.967930142188049,-2.4582331600353085e-05,0.013651904167018523,586.719,283.5646394109263,867.0993313762792,50,B0043,63,0.0714654655766428,4,0.04170042560820361,0,1,0.0714654655766428,0.04170042560820361,-0.0002367967476035182
3.985650654864829,2.467345657591589,4.198411457661763,0.377400396820452,-0.4905753520009798,-3.9779080167511776,1.302059983804969,7.6206831277866485,9.77507439966935,1.593041165945812,-1.4977958098807154,3.9969536138195485,-2.4876986040656136e-05,0.013870541613884025,575.922,284.02850622196854,866.8859808420165,49,B0043,64,0.0716254973792324,4,0.0417938048960175,0,1,0.0716254973792324,0.0417938048960175,-0.002750371070089741
4.052984666529467,2.453991394977099,4.194430059860958,0.2939182175777533,-0.2752743573987098,-3.976499927125273,1.0008694619002159,6.882286937183749,7.9530776238610095,0.7261996155509175,-0.8403082215899709,3.0613005552213077,-1.4851130413132383e-05,0.010321669477843808,1050.406,287.50721910595195,877.5466656658386,88,B0043,65,0.0719259635627201,4,0.04196912828656999,0,1,0.0719259635627201,0.04196912828656999,-0.0002719556039572801
4.051719519499582,2.379432952726756,4.197497159574681,0.30789347880821866,-0.2783809790794886,-3.97769541756124,1.0061792901921163,7.3351511578492685,8.70377999346024,0.8964206628110235,-0.8384845100826992,3.0396505353595042,-9.15039310478923e-06,0.010849447851615526,1040.75,288.2417112551175,867.8787524115672,87,B0043,66,0.0588400951113647,4,0.0343334642707907,0,1,0.0588400951113647,0.0343334642707907,-0.00017013698048133906
4.026760095683099,2.3452670801496267,4.1973835054560045,0.3417036925380255,-0.33153563906515443,-3.97788488306095,1.0916478921889237,7.3668189489801215,10.861930060972163,1.3522064964828864,-0.9881927212088438,3.2712895772649024,-1.990994312469994e-05,0.01121923085567693,1019.125,336.0234376406703,1001.2230368284829,85,B0043,67,0.0721385348010396,4,0.04209316457512505,0,1,0.0721385348010396,0.04209316457512505,-0.00016917406660635904
3.9942222633789237,2.474574662858291,4.196870024472014,0.36544776316669747,-0.46262938548539395,-3.9787860145489566,1.2690292561781935,7.9936664890195335,9.628805360691263,1.324307519171965,-1.415767145975624,3.902713989076511,-2.827594182894568e-05,0.013202304894542443,618.844,286.9734512592783,878.3351295760224,52,B0043,68,0.0723183571187791,4,0.042198091718929194,0,1,0.0723183571187791,0.042198091718929194,-0.00017057830842726052
4.049966366718909,2.3452420900020043,4.198079959089733,0.31286758215884475,-0.28159998506577094,-3.976902186853475,1.0117868218620167,7.296477939821086,8.740129795491647,0.9340023292055502,-0.8457547291506622,3.0503480664647906,-2.423270169505477e-06,0.01105484396539986,1039.547,291.1493398088325,874.0112088270308,86,B0043,69,0.0593817062666809,4,0.034649496853921574,0,1,0.0593817062666809,0.034649496853921574,0.0024487582225103015
4.051191449078818,2.4837961610187183,4.196857869022103,0.29653492610590215,-0.29159688898978015,-3.977001726708665,1.0282438153501205,6.946289418376632,9.890833414808087,0.980692018882612,-0.89652891728962,3.1687242564750147,-1.8788822677903994e-05,0.010266351523411677,1004.328,291.33704832960785,895.748804904212,83,B0043,70,0.0729448848562527,4,0.04256367351563595,0,1,0.0729448848562527,0.04256367351563595,-0.00020378425870651862
4.0502554179984545,2.45187326606884,4.197040748347509,0.29974330048779646,-0.2912181433078147,-3.9765911746920217,1.0282676883510924,6.902633045655659,8.123599018265942,0.5392956178247508,-0.8923275351305326,3.1609344763873417,-1.2434036298759496e-05,0.01047394271894219,1005.75,291.4950502052536,892.9567715467554,83,B0043,71,0.0730691773407958,4,0.0426361987481175,0,1,0.0730691773407958,0.0426361987481175,-0.002845816445886219
4.049866693334642,2.481690176251403,4.196682246183551,0.29819736505004857,-0.2948913004839587,-3.977587594021444,1.0343195756063461,6.896174405116905,9.54039758015595,0.8654810208079884,-0.906347856409394,3.1878087356568487,-2.263897641377496e-05,0.010281279996624648,995.797,292.0678185179121,897.4471871654612,82,B0043,72,0.0731705412812827,4,0.042695345070407884,0,1,0.0731705412812827,0.042695345070407884,-0.00020640129604861945
4.04947173354325,2.469341225978269,4.19696998692681,0.2993583870394732,-0.29521769894931627,-3.976125848069426,1.0340700304900194,7.035611200131563,8.68981677408595,0.559172798640372,-0.9068360325787242,3.18442023692788,-7.491359737606047e-06,0.010411157769856209,998.921,293.4795850995243,901.5564164879851,82,B0043,73,0.0734743029330489,4,0.04287259138175412,0,1,0.0734743029330489,0.04287259138175412,-0.00023118916285395918
4.043702193909917,2.3359478200885606,4.197583527373011,0.32126336769469654,-0.2989974183048041,-3.977047310782961,1.0400093048685455,7.22435677434366,8.648121468375715,0.9901603293412499,-0.8990872584481999,3.140691920353397,-3.829782034627435e-06,0.011318437222022613,989.141,294.0709887797693,884.3859208460798,81,B0043,74,0.0601069759183187,4,0.035072695008582365,0,1,0.0601069759183187,0.035072695008582365,-0.00014505393032755997
4.04662199809222,2.455991331590063,4.1970633301567934,0.30459417441398146,-0.3025440962097056,-3.978121135361649,1.0459565605955505,6.990028087646541,8.766749021949757,0.6104970063263917,-0.9275062384766926,3.2155948411020305,-5.203157409683791e-06,0.010555285135353656,979.203,294.80589763625875,903.953292371781,80,B0043,75,0.0738316250995573,4,0.04308109049810937,0,1,0.0738316250995573,0.04308109049810937,-0.00017734804866092191
4.0478344519741825,2.446533765156367,4.197323566834658,0.30389006539956076,-0.2990404522680274,-3.977738911880702,1.0399561282767464,7.072814815985095,8.697295284987012,0.5692045412709935,-0.9162414527904984,3.1948713944644163,-9.991911115185773e-06,0.010527501607022099,994.031,296.6642941206175,908.670004153518,81,B0043,76,0.0604952153074282,4,0.03529923446555089,0,1,0.0604952153074282,0.03529923446555089,0.0025147924066735187
4.045020633492668,2.440105069885436,4.197136062671134,0.3091661468108639,-0.3062477823294265,-3.976381485366203,1.0518568632209377,7.152123066131912,10.097658187656732,1.1363200820288115,-0.9360594983656598,3.225292296486814,-1.2665095790198334e-05,0.01065497689108155,971.516,296.63051590925494,906.3599670100683,79,B0043,77,0.0606040102376181,4,0.03536271680427669,0,1,0.0606040102376181,0.03536271680427669,0.0025133062087329197
4.0242391243497195,2.426379928299938,4.196810616000894,0.3367955604110248,-0.3656818330796306,-3.9788388766990814,1.1417865202042639,7.40243656537614,10.08193635042433,1.2724644750362961,-1.1143359666479948,3.495133322292299,-2.1256593314403256e-06,0.01179013685223873,810.563,296.52913576153964,903.2417379203375,66,B0043,78,0.0607343843223521,4,0.03543879067824953,0,1,0.0607343843223521,0.03543879067824953,0.002547983722139359
3.980071334963229,2.3818713355998336,4.19749831364625,0.39126746369768217,-0.49053400510100387,-3.9767622508780898,1.3014718316046279,8.281671008133785,9.867385484495305,1.3079367762814715,-1.4813482210051654,3.9576811781566597,1.1096090998560287e-05,0.014061747396459288,599.047,296.46204173323474,894.9164636022613,49,B0043,79,0.0609965304823779,4,0.03559175416007151,0,1,0.0609965304823779,0.03559175416007151,-0.00017791091281184058
3.3967939181762525,2.259462555169981,4.197443547761606,0.652566690970684,-2.386301237113661,-3.976957942817597,1.9465743846353623,5.990209166830171,8.668191215610703,1.5513714012614028,-7.035130358679147,5.89560375460091,-0.0010422955778508981,0.03309640277853683,109.078,295.0728706201418,869.5357363024472,10,B0043,80,0.0611304592598731,4,0.03566990221350785,0,1,0.0611304592598731,0.03566990221350785,0.002540233167936841
3.4366476653788816,2.3642680452849265,4.197249677217233,0.6139024411904244,-2.3869789597180757,-3.9767291231283286,1.9451575564567867,6.4435194897145704,8.230234796537065,0.9822009820838018,-7.196918452333525,5.997784924860763,-0.0008260807021203048,0.0312527276856668,109.171,295.59775901875776,890.965894625124,10,B0043,81,0.0612912441098759,4,0.03576372090792715,0,1,0.0612912441098759,0.03576372090792715,-0.00015920576048954055
3.324466570139273,2.2200788093903734,4.199324238157774,0.6683464116780267,-2.649848715956771,-3.976784600681961,1.8737899094893686,5.804997367748431,8.3473989032227,1.3331499726744827,-7.781431468961186,5.699181946265474,0.005257208822814173,0.051701209460656726,96.484,295.5949657199533,867.5287460149591,9,B0043,82,0.0613032906580409,4,0.03577075012380837,0,1,0.0613032906580409,0.03577075012380837,-0.00013985608408456084
3.4223166127184776,2.3089650825269894,4.20125127915007,0.633131639314113,-2.387047276888483,-3.9777976422643935,1.9470480067962925,7.064649745993309,9.566970302021362,1.427013729039223,-7.135348899696014,5.9684824101460885,-0.0010400204526394888,0.03212683029772391,109.094,295.01896092742754,881.4866531028159,10,B0043,83,0.0611516615740909,4,0.035682273860703134,0,1,0.0611516615740909,0.035682273860703134,-8.345545034776081e-05
3.517134909435146,2.464325308909032,4.201927103230439,0.5832137365953024,-2.209874839881083,-3.976527780195651,1.974071507417495,4.857763577409316,7.155555764844436,1.383816639080125,-6.7761802983848405,6.152893720343403,-0.0010050786460110855,0.030758027852376742,96.906,246.2806060367028,755.0118859254546,9,B0043,84,0.0614053871920573,4,0.0358303239177696,0,1,0.0614053871920573,0.0358303239177696,-8.177134193587954e-05
3.33084669796585,2.227174478989743,4.201871725413588,0.6672028978927971,-2.651553384507515,-3.978417528616236,1.8731598373691354,6.365147956644147,8.849096539219643,1.3003544985242426,-7.810196025163701,5.714590640593957,0.005160042178245771,0.051193531908469564,97.015,297.46358222080534,875.7961410982027,9,B0043,85,0.0617578076594285,4,0.036035962870288006,0,1,0.0617578076594285,0.036035962870288006,-0.0001254696799110805
3.4693912792577155,2.487710804240493,4.151713316448254,0.25415590962131424,-0.9908307773272774,-0.9989196316837596,0.0654595602264445,7.784854957371514,11.059155779143234,1.2215325410689837,-3.4346289235264886,0.3367459378621409,-0.0002912786425077635,0.000618661123728447,5608.781,5565.936460731709,19291.75748661945,457,B0043,86,1.5250840516518187,4,0.8898935105090793,0,0,1.5250840516518187,0.8898935105090793,-0.2927585615083886
3.489663125237392,2.4700528908595785,4.1860990142535135,0.26409593970638295,-0.9917840133525034,-1.0004222702851215,0.06532918737897826,7.677310156075022,10.464754894665266,1.1794695805176303,-3.4579561923545015,0.3445644524967979,-0.00029656284784691897,0.0005997381667966051,5703.296,5665.1600019916905,19750.019025673133,463,B0043,87,1.552568811301301,4,0.905930993311083,0,0,1.552568811301301,0.905930993311083,-0.298253104128652
3.4883481289690543,2.4917865311625422,4.20024763178396,0.2683370867370519,-0.9917267979357509,-1.0013749229178603,0.06551181300786586,7.720355963617298,11.117824082083432,1.1456952349825456,-3.4563667633554034,0.3480137788501816,-0.00029753937267085244,0.0005789410408463871,5668.032,5629.875021239221,19619.479185281976,459,B0043,88,1.5427752626774387,4,0.9002164129535015,0,0,1.5427752626774387,0.9002164129535015,-0.2963247202206696
3.4828518772266346,2.4681420264399123,4.199618145627328,0.2709011284987722,-0.9915700758751732,-0.999906490000437,0.06567406111940706,7.795012554263815,11.465947003288688,1.2341807664854298,-3.4503331233067196,0.3499874800157826,-0.00030351910080237077,0.0005870930036911232,5634.047,5595.260288376368,19467.998381239548,455,B0043,89,1.533193283126468,4,0.8946252841163702,0,0,1.533193283126468,0.8946252841163702,-0.29435757918688216
3.4797712380230035,2.484034640402104,4.1989206972349695,0.2698747078401676,-0.9892746508058018,-1.0000803262722175,0.08099179252756925,7.802002705131443,10.672391649812306,1.2470691138919998,-3.440320969599209,0.38525386800532924,-0.00016994267772909186,0.0021106870629069322,5582.375,5537.373293670473,19248.409721107324,449,B0043,90,1.515272194917202,4,0.8841682472852438,0,0,1.515272194917202,0.8841682472852438,-0.2907028774515547
3.4723642645257145,2.482098506414688,4.198909615049439,0.27488174434102575,-0.9870448856228408,-0.9998205155477988,0.09358977684576023,7.8854226977198625,11.55324188297086,1.2767167480658395,-3.4261296607676974,0.4209001880513201,-0.00019187580996034916,0.0015166221904549697,5567.329,5509.548128878469,19115.81323662217,447,B0043,91,1.5074989761997712,4,0.879632538656649,0,0,1.5074989761997712,0.879632538656649,0.003517015090409492
3.465591847973898,2.499544886162908,4.182123550892078,0.26927456706580083,-0.982521155601079,-0.9995028844280672,0.11497372498328512,7.865599621307659,10.678188237457311,1.2747743671489749,-3.405041371264659,0.4767001191205752,-0.00017543750987718943,0.0015446385285276345,5528.453,5445.679877433866,18864.166268641897,442,B0043,92,1.4896288908647644,4,0.8692052622356268,0,0,1.4896288908647644,0.8692052622356268,0.012587984087307325
3.4621709600387423,2.4624361945446704,4.198072340064109,0.27641854172798797,-0.9800816231955619,-0.9994974790321102,0.12434335526375155,7.840911830800531,10.67885056037868,1.2326863545919309,-3.3938196795364557,0.507283262684111,-0.00017536114194020963,0.001607315264961257,5513.39,5416.976172099516,18749.855235598417,440,B0043,93,1.4780778852088083,4,0.8624651976720012,0,0,1.4780778852088083,0.8624651976720012,0.012939475493726071
3.456977710322033,2.4931009972754072,4.19729618680157,0.2751902226910066,-0.9774850815985034,-1.0007522715759782,0.13382975967605476,7.866129688953066,11.249497515672802,1.3834688071832673,-3.380110359198789,0.5341191557901023,-0.0001694638547204721,0.0015563857115987838,5486.187,5376.119925122125,18581.96619362337,432,B0043,94,1.4700035345334466,4,0.8577537771704252,0,0,1.4700035345334466,0.8577537771704252,0.012637949718604302
3.449217752251389,2.462787320418678,4.196562826262564,0.28280421023661256,-0.9753322406906505,-1.0074496368791506,0.14184057901673308,7.9393273558149495,11.637480263714384,1.39327292978273,-3.3655673265370463,0.5609438991095412,-0.000168507531659306,0.0015911554128675207,5461.922,5339.960226394866,18418.652453880586,433,B0043,95,1.4565623180137075,4,0.8499107659335638,0,0,1.4565623180137075,0.8499107659335638,0.011741975380698922
3.447579855504856,2.497516098993309,4.1961404278065615,0.2798908333399356,-0.970424713185739,-0.9995519473703496,0.15690082524941973,8.020423171340544,11.797524620709758,1.41630114613822,-3.347462712469439,0.605503221394485,-0.0001601617472250862,0.0015581772861041955,5438.157,5289.420640148439,18237.526225141737,430,B0043,96,1.445976962830235,4,0.8437341628315884,0,0,1.445976962830235,0.8437341628315884,0.012304402673907245
3.4358831885309766,2.472999574663348,4.178175250938716,0.2821173738615372,-0.970256674882607,-1.0000552345201277,0.15752506547152056,7.909281139740462,11.717322041018162,1.5097124279907503,-3.335435838860147,0.6066939309881972,-0.00015763791180850315,0.001605671037122109,5402.875,5254.416575838601,18053.992560665785,426,B0043,97,1.4325855992469252,4,0.8359202410108548,0,0,1.4325855992469252,0.8359202410108548,0.011408658323567833
3.4393737351491587,2.4798848457409326,4.195619110791885,0.2833620654812858,-0.9652466121144252,-1.0000587870310462,0.17148063670668168,7.9764627392531535,11.400146543773252,1.358279999305129,-3.3218869007410183,0.6510252839389501,-0.0001537782459977352,0.0016200515744912564,5384.438,5208.424493211238,17916.24086644974,423,B0043,98,1.4197344854662963,4,0.8284215574177709,0,0,1.4197344854662963,0.8284215574177709,0.011668679948502403
3.437163038991663,2.483308761917933,4.195354802720307,0.28344750729699075,-0.9624204407769305,-0.9996583037293504,0.17859111711980266,7.975220288628877,11.27412857657329,1.3260757440614164,-3.3099584938281432,0.6728173359896255,-0.0001516057560028044,0.0016280410827633888,5344.859,5155.027493841044,17719.949535047952,419,B0043,99,1.401262575071573,4,0.8176431133253516,0,0,1.401262575071573,0.8176431133253516,0.013748191892374705
3.432715938014848,2.4722726688004677,4.195137899317883,0.2839799302248766,-0.959579561659367,-1.0003023505936774,0.18547546087536196,7.919276364601211,10.939205926809544,1.3499937661540542,-3.295821671083117,0.6941450363323751,-0.0001490303476904664,0.001665716211446876,5305.156,5101.420364309253,17513.66308982298,415,B0043,100,1.3862945308535968,4,0.8089091911522339,0,0,1.3862945308535968,0.8089091911522339,0.014053557432022145
3.4312793781460638,2.4995232811069013,4.195919647393222,0.27919213220740324,-0.9569605305508407,-0.9997391001993594,0.19185563976417458,8.087848756281263,11.469256268063758,1.3998155776004382,-3.285272689833635,0.7119643532864705,-0.00014657606031504098,0.0016324871893136496,5284.547,5067.988744926248,17391.667693275478,412,B0043,101,1.384130256052478,4,0.8076463269196771,0,0,1.384130256052478,0.8076463269196771,0.01236934135555141
3.423768606452633,2.492874341811692,4.176270279535014,0.28109302491302657,-0.9522133825707907,-0.99934176839957,0.2036337176378735,8.02258709983945,11.07680003582411,1.3526966169962111,-3.261495586359396,0.7490792489047117,-0.0001382096019533076,0.0016453627246539513,5267.843,5026.31509734477,17209.129028109746,409,B0043,102,1.3651743201871416,4,0.7965854517541945,0,1,1.3651743201871416,0.7965854517541945,0.013482255811956723
3.425776013992083,2.466722917823166,4.195157601948688,0.2821382074716997,-0.9541332483411131,-0.9985673084050938,0.19896860309917494,8.12948679263687,11.26155378961363,1.3495682040693433,-3.270240987703814,0.7347427431520606,-0.00014612800261782542,0.0016970520729764663,5229.688,5000.197586182831,17130.61057405172,406,B0043,103,1.361508332192898,4,0.7944463310138339,0,1,1.361508332192898,0.7944463310138339,0.01164523065467966
3.4199159770745933,2.470780211742849,4.195480097537295,0.2845842420574233,-0.951277080781025,-0.9980068368798176,0.2051945591267312,8.089656475775936,11.576966830401837,1.4057757730917506,-3.25475687105801,0.7544892929944567,-0.00014531679919613813,0.0016698055317258657,5206.954,4962.737512350941,16971.476394935285,403,B0043,104,1.351001663879717,4,0.7883156420601042,0,1,1.351001663879717,0.7883156420601042,0.010052182238371187
3.419545032162598,2.4848489819284896,4.1943133355165845,0.28438788153584044,-0.9432133015363675,-1.000251640119134,0.2214695302692593,8.144440591218109,11.16400609714747,1.3200131058899496,-3.225885340941354,0.8062033901197676,-0.00013703163149027752,0.0016946121129181074,5179.062,4893.90583826578,16730.574557960965,400,B0043,105,1.3282588067265129,4,0.775045081025025,0,1,1.3282588067265129,0.775045081025025,0.011607144825416782
3.4121967412564467,2.4661345187240347,4.194450936586587,0.2875876671575165,-0.9477871437594549,-0.9983916549138828,0.21229613465465005,8.231983414070719,11.988971088033123,1.5098316401433178,-3.235028611269304,0.7763947561483263,-0.00014325860234287968,0.0016885556460257466,5144.109,4885.286662255145,16667.50274397512,396,B0043,106,1.3257206687421472,4,0.773564065917289,0,1,1.3257206687421472,0.773564065917289,0.01168191746206615
3.407362058046422,2.472581288872932,4.173215087704208,0.2851401421321317,-0.9403317488154684,-0.9999277500600487,0.22786889972047011,8.207473278156359,11.73519417014362,1.5154276623422216,-3.2040731139664462,0.8242929483155247,-0.0001325215484756921,0.0016910852380447254,5142.891,4844.637744895026,16499.843692353632,395,B0043,107,1.314290971597844,4,0.766894785424333,0,1,1.314290971597844,0.766894785424333,0.010176669717859532
3.4128712396915972,2.4919564449811342,4.193501778898149,0.2839000965061678,-0.9372882788479067,-0.9989961791594164,0.2336401609821688,8.189312466474624,11.299125699617386,1.405684397434997,-3.1980181858302914,0.8435048809205653,-0.00013638961539701912,0.0016872528735110942,5109.734,4794.695277557759,16352.811361116363,391,B0043,108,1.300326009481109,4,0.7587461662392282,0,1,1.300326009481109,0.7587461662392282,0.012236464542357783
3.408624211537015,2.485517355170574,4.193305249397542,0.2868180772912575,-0.9340008362934733,-0.9986368638895086,0.2391661920353531,8.139466322876048,11.376911439849154,1.3901433319977172,-3.182360031816549,0.8610465253363804,-0.00013286556608387926,0.001712612522107028,5078.937,4751.227731654868,16181.026926141174,388,B0043,109,1.2881071401556836,4,0.7516164001737595,0,1,1.2881071401556836,0.7516164001737595,0.012578904744806696
3.405803295662315,2.499796953515674,4.192997819348426,0.28546473639836556,-0.9308225674416871,-0.9990064665951188,0.24478582672581675,8.11394700059043,11.488807348025915,1.5109794818661697,-3.168060317808019,0.8778478048680052,-0.00013212946966927405,0.0016873011440246845,5051.672,4710.099484147643,16024.24028092392,385,B0043,110,1.2767801501201566,4,0.7450070497479262,0,1,1.2767801501201566,0.7450070497479262,0.010295731321271262
3.439679725636751,2.6909422904080547,4.181787286734685,0.1900456654218485,-1.8098343456068096,-1.9964791277692224,0.5763253845332651,32.08333169533252,37.78004007704112,3.3949654827383418,-6.241845035667775,2.0183221904826767,-0.0002368795368559046,0.0020779985631647403,3360.922,6081.498664174929,20974.26767646911,358,B0044,0,1.686525555152074,22,1.0,40,0,1.686525555152074,1.0,-0.0
3.452824239327816,2.685251535316881,4.183923616071334,0.1970819978835179,-1.8219328456366495,-1.996937518623866,0.5591133257695742,31.44294016626267,37.37920163006831,3.410389033063378,-6.3070685129686135,1.9696702515721225,-0.00024111235128838857,0.002063535311699324,3289.406,5994.934033345055,20753.11297367471,348,B0044,1,1.6624606531639186,22,0.98573107776835,39,0,1.6624606531639186,0.98573107776835,0.024064901988155363
3.4521568195939896,2.6435613323767395,4.183717457974608,0.2025598772388384,-1.8359320421754788,-1.997287749488606,0.5378160022559482,31.149900898073525,37.15907806475986,3.4472233167915345,-6.353885561887459,1.8988476798546727,-0.0002452911124567279,0.0021403996335779673,3244.797,5962.357274106142,20635.047490468096,341,B0044,2,1.6534010755700512,22,0.9803593372891193,38,0,1.6534010755700512,0.9803593372891193,0.016562239791011346
3.4552256770525456,2.6433677125804977,4.183480576276661,0.20275342777433777,-1.8454888344252118,-1.9967295286630409,0.5226405326816531,31.12954746264574,37.12091726941865,3.5216998213995376,-6.391065158595319,1.8486547412194623,-0.00024395817358960134,0.0021514599140502765,3211.438,5932.914316791723,20546.249081934104,336,B0044,3,1.6452145903490936,22,0.9755052838204664,37,0,1.6452145903490936,0.9755052838204664,0.013770321600993451
3.463672030116032,2.684789036307898,4.181986298076157,0.19935773809608684,-1.8546992944071559,-1.9979913128709892,0.5072625922953297,31.513994261671055,37.70825289621454,3.563218217926678,-6.436364415231468,1.799011709424857,-0.00024262648133915296,0.00207182374759803,3175.594,5898.509576530251,20469.60809470642,330,B0044,4,1.635664062367341,22,0.9698424416817409,36,0,1.635664062367341,0.9698424416817409,0.01271537319618321
3.4680330762776053,2.6725301429926103,4.183320051971667,0.20378496340380664,-1.8756028913091127,-1.9967897857151824,0.4700570247588047,31.634787338016164,37.649599494653536,3.431351558372636,-6.514513615268485,1.6764439277086638,-0.00024682911037848305,0.0021113687313376456,3121.672,5866.47194487979,20376.067268855913,321,B0044,5,1.6267769765146465,22,0.9645729775899898,35,0,1.6267769765146465,0.9645729775899898,0.011949715727485488
3.46794063161749,2.69384241497005,4.183385673000076,0.20140119762318998,-1.8740941775158022,-1.9971940723453785,0.4729439585911757,31.273656122735403,37.14337821498799,3.462097715504761,-6.507197184981132,1.6848941328992604,-0.00024195075301108407,0.002092107982748992,3102.937,5827.646518634309,20235.241662334334,317,B0044,6,1.6159715504743064,22,0.9581660624932508,34,0,1.6159715504743064,0.9581660624932508,0.00929782053792243
3.4651033311991837,2.6763379244951917,4.183075069105795,0.2029237245850531,-1.87297275010726,-1.9966888809490444,0.4749794350205845,31.0513882525287,37.11952925248905,3.5168320599614042,-6.497560193894618,1.6909906658986606,-0.00024070102357489254,0.0021473456032482033,3089.437,5797.526086256472,20112.417006361567,314,B0044,7,1.6076028386649623,22,0.9532039605056591,33,0,1.6076028386649623,0.9532039605056591,0.009159647381017776
3.463878052026492,2.667857305000976,4.18316470580942,0.20402213352863519,-1.871931466677304,-1.9967525939808977,0.47706468651529726,30.825315603911406,36.8278472964388,3.522888338255278,-6.4911394161752005,1.6979413126985754,-0.00024083036298563635,0.00215645629609068,3077.75,5771.60919719921,20013.530923253275,311,B0044,8,1.6003360401431612,22,0.9488952214535872,32,0,1.6003360401431612,0.9488952214535872,0.008975710041186469
3.4618790737027214,2.651692148341609,4.1809489315384525,0.20529698360862023,-1.8711336666924587,-1.997645249612211,0.47843841228708633,30.772306222074594,37.07362320866197,3.5616418209473055,-6.484547715602462,1.7020864487119647,-0.00023959192375928664,0.0021954891320596238,3074.875,5762.710932728423,19971.456176083913,309,B0044,9,1.5978700914991917,22,0.947433074238304,31,0,1.5978700914991917,0.947433074238304,0.007558794173629879
3.4619567664351507,2.638384304971687,4.183395298117799,0.20749329135245567,-1.869887873532527,-1.9974850325068685,0.4806870886209738,30.77793162980491,37.27343452416563,3.566534630842231,-6.480468055835279,1.7107584578962944,-0.00024109973897104423,0.0022148394835043903,3061.891,5734.602232131277,19874.753083830998,306,B0044,10,1.5900310265163515,22,0.9427850183823503,30,0,1.5900310265163515,0.9427850183823503,0.007349189999658989
3.4608461967292694,2.633572972853497,4.18312292936732,0.20784958811183757,-1.862461079658612,-1.997253452430168,0.4937173683726318,30.734077377574607,36.92555325153096,3.565938265426232,-6.452242522228831,1.7542772231498502,-0.00023915675062919465,0.0022186275408142106,3058.469,5704.570335112014,19763.056172026707,304,B0044,11,1.5816311155652092,22,0.9378044173321723,29,0,1.5816311155652092,0.9378044173321723,0.006868086981819443
3.462773986667914,2.670554577314724,4.183401469736752,0.2045397178695034,-1.8611231730261666,-1.9973962391444864,0.49606345619043707,30.711931701692418,36.82542072716141,3.5624790645009137,-6.449379551684402,1.761299617477897,-0.00023377840528461698,0.0021669811152560657,3040.75,5667.980554308557,19641.247515846837,301,B0044,12,1.5714556311034702,22,0.9317710166341192,28,0,1.5714556311034702,0.9317710166341192,0.007229441512298429
3.46142516586872,2.662418584963947,4.182608034549464,0.20510538041249615,-1.8534672146493336,-1.9986091240587895,0.5090505817209532,30.692223526355477,36.86402084995953,3.585611817568242,-6.420075133624568,1.804839184895558,-0.00023083550568134682,0.0021771400303710973,3037.641,5638.364500851997,19529.959949777138,299,B0044,13,1.563220798569978,22,0.9268882963525699,27,0,1.563220798569978,0.9268882963525699,0.007423048314636649
3.459888006806987,2.656737093913297,4.180665797789407,0.2052662002821242,-1.8464485055279791,-1.9964580129835687,0.5208480888146099,30.656716513936473,36.85447944747772,3.6070329812705304,-6.3924634648415095,1.8439463259661368,-0.00022598340263194506,0.002190017326399962,3044.828,5629.303142625535,19487.617521917095,298,B0044,14,1.5606775388245586,22,0.9253803086807258,26,0,1.5606775388245586,0.9253803086807258,0.007438510534926612
3.459225464203645,2.645608837998441,4.183243082901965,0.20728857517269156,-1.8450475324556972,-1.998262725597201,0.5230913964940569,30.677651249958302,37.00807199261186,3.6179105520570616,-6.386316724537193,1.852001037809082,-0.00022687370099686136,0.0022109379741260234,3030.25,5599.599007707899,19380.764350167454,295,B0044,15,1.5523886011314287,22,0.9204655075573106,25,0,1.5523886011314287,0.9204655075573106,0.007528485076984559
3.459378780567444,2.657434360611611,4.182596378873874,0.20624697550338877,-1.8438251021984409,-1.997119290009149,0.5247594647406553,30.670401222972917,36.85691194751145,3.619415960625847,-6.381314141753373,1.8569138764402475,-0.00022626809383824784,0.002190013281361356,3017.578,5571.101010989171,19279.692568777267,293,B0044,16,1.5444592876561969,22,0.9157639402131283,24,0,1.5444592876561969,0.9157639402131283,0.0074343655818024604
3.4594746923592585,2.6700448196473143,4.182792894198413,0.20533308407060738,-1.8359182150531628,-1.99785698826369,0.5373286956621534,30.695903900430444,36.933977837728406,3.6319624317985824,-6.352906928248044,1.8988346323767493,-0.00022138263875710746,0.0021781789825610475,3015.0,5542.645737073481,19178.392015784946,291,B0044,17,1.536558134180655,22,0.9110790699178606,23,0,1.536558134180655,0.9110790699178606,0.0069794993845630595
3.457758884701852,2.6538669632174807,4.183044202315208,0.2077534620520605,-1.837930189329905,-1.997575789473797,0.5342114832576487,30.693601629277207,36.96952216360131,3.643075312887939,-6.356716569828263,1.8883046467918374,-0.00022273854386711895,0.002192613532277648,2999.454,5521.887053072108,19096.557003386963,282,B0044,18,1.5307255867941072,22,0.90762074853712,22,0,1.5307255867941072,0.90762074853712,0.006499042355174156
3.4604365465272604,2.679338771098678,4.17495739021519,0.2021467244250086,-1.822406275328598,-1.996154584194868,0.5572627167345805,31.3317805416781,37.880341936530016,3.840216025095334,-6.307821719840746,1.9656792501314624,-0.00021524731356480775,0.0021078551763650233,3054.859,5574.0851810807135,19291.54141602473,292,B0044,19,1.545242808242328,22,0.9162285169779082,21,0,1.545242808242328,0.9162285169779082,0.003086946116446132
3.4673706320595796,2.6880235920055937,4.1804104728622375,0.2041067683859723,-1.8277755287188366,-1.9969183804123916,0.5496705487268012,32.003093392777586,38.4338113726962,3.777595353817037,-6.340482615883584,1.944902028959998,-0.00021862964565444776,0.002091328562725823,3034.875,5554.074110767182,19265.610136074858,289,B0044,20,1.5397144491816253,22,0.9129505594967336,20,0,1.5397144491816253,0.9129505594967336,0.002534830389960696
3.4682443755783012,2.687370056924405,4.183012088063382,0.20500127427430445,-1.8199294716775476,-1.9973605086578847,0.5616493938004302,32.229129548420126,38.62527616952544,3.757283084003922,-6.314431449980962,1.986302706473154,-0.00021619588769822683,0.002091138312680697,3030.0,5521.158798626202,19154.84687848107,287,B0044,21,1.5305357077773765,22,0.9075081626257173,19,0,1.5305357077773765,0.9075081626257173,0.002784715975764085
3.4662944691430644,2.6893554366992016,4.183156295632244,0.205139757401392,-1.8182280699458226,-1.9964576467808028,0.5641973248310913,32.11597218782518,38.54196067361033,3.7685164553134753,-6.303603305978531,1.9935166433033973,-0.0002159456593683598,0.0020913026287302135,3011.781,5483.3566879408345,19008.653013095878,284,B0044,22,1.5199735224097084,22,0.9012454734328958,18,0,1.5199735224097084,0.9012454734328958,0.0033169223541893
3.4597034229251418,2.633690741780774,4.182731552192122,0.21086815613992352,-1.82344115362652,-1.9975793253781036,0.5566315651230201,31.969087731359647,38.50117611497123,3.8210099925721766,-6.310877149545364,1.9667314647854095,-0.00022057292946213187,0.0022035663371238997,2990.25,5460.566483201467,18896.894013487254,281,B0044,23,1.5136629526844203,22,0.8975037158852499,17,0,1.5136629526844203,0.8975037158852499,0.0034125268219373783
3.4622130413589143,2.689158212130464,4.182713459240956,0.20545446788533395,-1.814801427898659,-1.9961193009923857,0.5688580628978478,31.87470050843518,38.43383998472231,3.8700261619691,-6.282161069503035,2.0064424257194378,-0.00021386694437606398,0.0021207678793534698,2980.234,5415.984264518171,18746.298610705446,279,B0044,24,1.501287000699295,22,0.8901655810154173,16,0,1.501287000699295,0.8901655810154173,0.00879116150860657
3.4628505734955555,2.682936321683332,4.180340134562246,0.2059332407419656,-1.8075840969590578,-1.9962084053853808,0.5789918607252648,32.24329057966032,38.70474156110448,3.8278763351379332,-6.258457662247819,2.041473169401189,-0.0002108659068480781,0.0021096785549930427,2994.844,5420.082296162918,18764.746292286953,279,B0044,25,1.5023814734911674,22,0.8908145322207689,15,0,1.5023814734911674,0.8908145322207689,0.007466595138091581
3.4628624711973686,2.6587209985414955,4.182573946557156,0.2093303633058594,-1.8065211847034746,-1.9967029680268844,0.5807058559314431,32.62193857776337,39.13185799913766,3.8294125243624513,-6.256037672114243,2.0488570319152797,-0.00021239534030222283,0.0021556992973013568,2987.672,5404.714966491272,18714.468023714602,277,B0044,26,1.4980955154277502,22,0.8882732377527875,14,0,1.4980955154277502,0.8882732377527875,0.00648803846992525
3.4614145860859864,2.660938360343116,4.182900962902353,0.2097016543012793,-1.8052430334885246,-1.997103683848464,0.5826222490411769,32.534721843990155,39.06117424677476,3.821634124836611,-6.247735462812043,2.0543343557730083,-0.00021220226473487488,0.002163299674472051,2975.1100000000006,5378.0623648865685,18610.87390538276,275,B0044,27,1.4906542391377111,22,0.8838610447283136,13,0,1.4906542391377111,0.8838610447283136,0.005863856654399457
3.4567536825256298,2.6382065057381183,4.182966025381988,0.21248009297237852,-1.8105860657133828,-1.997186957551534,0.575285445319716,32.315090431633784,38.900911326239694,3.8597954671823635,-6.2576599729701226,2.0278363373031927,-0.0002157170656498265,0.002203744390308345,2953.219,5355.615175411189,18507.51082646624,272,B0044,28,1.484397163943621,22,0.8801510059595706,12,0,1.484397163943621,0.8801510059595706,0.0058531577481598426
3.457596686753219,2.6803751950872314,4.183016347451806,0.20838885391119769,-1.7950692987909964,-1.9960209799250943,0.5963730669711749,32.11227103017126,38.637548513661336,3.8778910407998293,-6.201250635504546,2.0968684702815215,-0.00020488675620541376,0.0021583441272528823,2955.484,5312.901636690182,18352.242852298794,271,B0044,29,1.4725321936230114,22,0.8731158499938847,11,0,1.4725321936230114,0.8731158499938847,0.00575096141525675
3.456382425532515,2.695456060678521,4.1793816650979885,0.20664422966099968,-1.786985657468036,-1.9968995033172356,0.6070440598064027,31.74433650446741,38.14612160171512,3.7559942796774646,-6.168672747671055,2.130910631735734,-0.0002008178640247509,0.002127203922991347,2957.016,5290.681656345243,18260.935513129996,270,B0044,30,1.4663149382113208,22,0.8694294217671094,10,0,1.4663149382113208,0.8694294217671094,0.00721330705596932
3.4558985436662764,2.658317830680757,4.183025078755878,0.2113994178968586,-1.7928445896165708,-1.9963246097670304,0.5993747740448301,32.11351047936838,38.41020545726171,3.7505784358086034,-6.190930776021246,2.1072454309946833,-0.0002064814030379202,0.0021880059617815227,2948.219,5293.566281105646,18277.369075002163,268,B0044,31,1.4671298468877776,22,0.8699126096286673,9,0,1.4671298468877776,0.8699126096286673,0.006193133707994525
3.4536993651226653,2.650498351064384,4.182295217506064,0.21316736716650336,-1.7913668174036652,-1.997150820770342,0.6013101986951112,32.04801967333395,38.342879393411714,3.7003390306838324,-6.1809717517572365,2.112840801878037,-0.00020609966445108495,0.0022131577299608833,2935.5,5265.728473598989,18166.20516656249,266,B0044,32,1.4593858997633138,22,0.8653209524783756,8,0,1.4593858997633138,0.8653209524783756,0.006253667874879465
3.452694653937275,2.688935729076874,4.182630774542257,0.21033912359031662,-1.7891101484216256,-1.9973020414669824,0.6043794116960973,31.708021910539802,37.97725957749192,3.721036326074433,-6.167734811539702,2.1202454791330876,-0.0002024011389772255,0.00216868349631908,2913.797000000006,5220.436077868682,17994.65898899848,263,B0044,33,1.4467901368505207,22,0.857852484020062,7,0,1.4467901368505207,0.857852484020062,0.007521405418620075
3.44942355838508,2.687761244178016,4.182872685249836,0.2110293145987336,-1.7876594976231701,-1.997028487870564,0.6065619053145634,31.467203186429348,37.79705513935421,3.757866015565948,-6.155260819485085,2.1254054388755206,-0.00020351569850682742,0.0021768055690743896,2900.703,5192.6936579107805,17877.63903418993,261,B0044,34,1.4390669859638228,22,0.8532731576866395,6,0,1.4390669859638228,0.8532731576866395,0.006693041531837718
3.4464363236508913,2.668468130193828,4.179973909655392,0.2118298418286963,-1.7797845626759963,-1.996553527240556,0.6164549978304208,31.560453436032944,37.93561044482721,3.9260694468619435,-6.122560538932536,2.1572191691232505,-0.0001991502471532987,0.0022179625852903483,2914.031,5192.233849912918,17859.460972022807,261,B0044,35,1.4389892550462602,22,0.8532270683064193,5,0,1.4389892550462602,0.8532270683064193,0.005465136633012113
3.447035324752623,2.642056455668292,4.182978380469111,0.2153525342652927,-1.786101275708508,-1.9982510496408243,0.6085383907886678,31.887709097598353,38.32554543437737,3.86026287624584,-6.148269836911314,2.1330986076840706,-0.00020830004807149857,0.0022202283178755842,2901.968,5191.24279969255,17867.10494260809,259,B0044,36,1.4386198779578576,22,0.8530080517090874,4,0,1.4386198779578576,0.8530080517090874,0.005701993785983994
3.4510808838042264,2.6780728769094244,4.183054454837302,0.21243363071588164,-1.7774334664210216,-1.9967399870670337,0.6195302041127447,32.164811812502585,38.55610999749079,3.8183932177207316,-6.1233879207996695,2.17085430996574,-0.00020188973532614846,0.002174576505990876,2901.734,5164.911322858242,17791.4746282482,258,B0044,37,1.4313412096653504,22,0.8486922746547333,3,0,1.4313412096653504,0.8486922746547333,0.00560893801959268
3.450413161794029,2.6917750634373303,4.18231054917298,0.211987061346519,-1.7758066384425826,-1.99737913916284,0.62164367982224,32.13295425226488,38.62165239845955,3.7960118241038123,-6.114619257198836,2.176701148240313,-0.00020050551467099153,0.0021631508619259555,2887.407,5134.862625189562,17678.78796676836,256,B0044,38,1.422973037663468,22,0.8437304927378694,2,0,1.422973037663468,0.8437304927378694,0.004763419837410554
3.4446894399022403,2.68001440979752,4.182416637290177,0.21424006599278186,-1.78107743904082,-1.99678550219575,0.6149407220360766,31.751336888270355,38.18800348171553,3.799971149434664,-6.121831023388689,2.1510441370889626,-0.0002027407057590566,0.002204746469583237,2861.937,5106.207415372695,17548.754238951988,253,B0044,39,1.4150153099745095,22,0.8390120776123773,1,0,1.4150153099745095,0.8390120776123773,0.004810335197862647
4.054818943483505,2.5311035775191533,4.177605302188679,0.27823468750731417,-0.21883274923266322,-3.9896989741694777,0.9089999412709201,7.057089335323658,9.757496138930122,1.2511489765138728,-0.6437557554715618,2.6889364768570125,5.2483221050363444e-05,0.010552433429108127,1055.25,230.54699050064588,680.9492254329277,91,B0044,40,0.0572172710622218,4,0.03392612159799886,0,1,0.0572172710622218,0.03392612159799886,0.2763543967968077
4.048971725415953,2.5372412665469883,4.1758503096814,0.27972120792996397,-0.2291787146876666,-3.9906931282455655,0.9287258003949426,6.945113627374995,9.760471127293034,1.1455835619172552,-0.6783835553978019,2.763547834893551,4.879877015873576e-05,0.010609457765048382,1012.187,230.81725800823784,685.4131226437086,87,B0044,41,0.0573587470253984,4,0.0340100076457047,0,1,0.0573587470253984,0.0340100076457047,0.2762522261864918
4.048139868634576,2.5608994701667624,4.1760882615952974,0.2774250531431399,-0.23457936698907242,-3.990789539982711,0.9386276674726206,6.969210950143102,9.69821406411427,0.642212439471404,-0.6996551779786607,2.8134896236382843,6.012679625689158e-05,0.010567381823870087,991.172,231.5323429060137,692.762922418692,85,B0044,42,0.0574968754544523,4,0.03409190882332513,0,1,0.0574968754544523,0.03409190882332513,0.2747688668421796
4.04489102283376,2.487518572801469,4.176702751698478,0.28914880748760274,-0.23761419438252948,-3.9914245848072887,0.9439024206926067,7.1320933104899575,9.00106106019679,1.1328952666529333,-0.6996969561685089,2.794740135814209,2.088840566588465e-05,0.01090388234251301,982.094,232.22858328827587,685.4976026734838,84,B0044,43,0.0576308880988852,4,0.03417136960826462,0,1,0.0576308880988852,0.03417136960826462,0.2730684299129166
4.058712789171854,2.652711478763571,4.173920852315538,0.2528717761290411,-0.2099858295389897,-3.9916882386949055,0.8908960172926961,6.9052479876970985,8.446753567938917,0.8400380220158853,-0.6343774192855466,2.7004526241515,5.638942887205198e-05,0.009910862144754909,1063.609,221.87174043333079,672.2536768637344,95,B0044,44,0.0551169133397871,4,0.03268074602926323,0,1,0.0551169133397871,0.03268074602926323,0.2719796793269445
4.04058000450648,2.567871692937443,4.176081063674498,0.2800719260752111,-0.2518669105532582,-3.9926490229101614,0.9707497466911701,6.719645217752847,9.004482980571387,0.6237093826609341,-0.7570446375168944,2.932416725346115,4.513398379163945e-05,0.010266346322238232,1067.641,266.0181112214093,801.6056570733875,95,B0044,45,0.0674075526574801,4,0.039968296034151675,0,1,0.0674075526574801,0.039968296034151675,-0.002038056319051659
4.038574138704129,2.537541377739229,4.177001690332218,0.2870605562894,-0.25717248545758564,-3.9909440128041087,0.9802876135800143,6.752194119869617,10.10838939092693,1.7558908985614152,-0.7691229537696668,2.9478029882760253,1.2645167209059053e-05,0.01033056400629916,1048.687,267.08762824478913,800.8154572251694,93,B0044,46,0.0675676530317139,4,0.04006322514669594,0,1,0.0675676530317139,0.04006322514669594,-0.0020417812012631003
4.060984637180495,2.699632089744985,4.176258717683466,0.24680824450029842,-0.21689580653408766,-3.990888784116204,0.9045427713115396,6.682861474834709,9.084345421523768,1.4815093816898435,-0.6653574840575646,2.7835164069356373,4.0482875464359836e-05,0.009582508235025518,1039.984,223.81752114189408,688.026567086179,92,B0044,47,0.0556373104491564,4,0.03298930768003666,0,1,0.0556373104491564,0.03298930768003666,0.00037191300105917925
3.9901324953918995,2.502639203032668,4.177495150501219,0.3507774785280304,-0.3924814177291054,-3.990777296546928,1.1882345464213204,7.805372903557112,9.9732818280256,1.5063782016792535,-1.1681681602733593,3.556972349241341,1.9711186061076378e-05,0.01299102275023678,687.328,269.196929958138,802.8328192069962,61,B0044,48,0.0682243327610682,4,0.040452593530322406,0,1,0.0682243327610682,0.040452593530322406,-0.0021186889324365994
4.060072156375749,2.645057195756969,4.177754475108936,0.25242556894192214,-0.21680725503393133,-3.991727704958517,0.9046669062692531,6.452537181339348,7.130613484534643,0.6501684759705194,-0.6606132099643119,2.7672570372060976,5.0260112601694126e-05,0.009803323502166032,1047.531,225.47799574843168,688.8435092918699,92,B0044,49,0.0560524534315144,4,0.033235460476885664,0,1,0.0560524534315144,0.033235460476885664,-0.00018710801834546099
4.036259706472422,2.5457909784374686,4.176437545781662,0.28622353463348155,-0.2627044986257249,-3.991158236131923,0.9902655232521889,6.89796196003197,9.420302039012588,0.7314554374345081,-0.7893702033443605,2.9924255886076057,1.3072886390649948e-05,0.01021223597714361,1038.375,271.46912068094025,817.8942210523389,91,B0044,50,0.0686822013010505,4,0.04072407980492026,0,1,0.0686822013010505,0.04072407980492026,-0.0002549297287140817
4.034899045788163,2.525156138635263,4.1766732396736,0.28905748305901496,-0.2660568669142741,-3.9909330027161993,0.9950532700945378,6.643140512754006,8.596928821276874,0.5053113862568288,-0.7990736544211878,3.004373345864542,9.875686442638735e-07,0.010294215692927348,1030.703,271.88618787328573,818.5958461731333,90,B0044,51,0.0687475535334652,4,0.04076282942968287,0,1,0.0687475535334652,0.04076282942968287,-0.00023598010035026095
4.05627259287341,2.6675668355109194,4.176262440841608,0.2547293646049542,-0.22645846348554158,-3.990997288294168,0.9235650644459712,6.823596011664432,8.914167582596768,1.475803299472286,-0.6919940171005438,2.833039268740867,5.3474914483454094e-05,0.009834680285015492,1010.765,227.26842724705696,696.1858817543375,88,B0044,52,0.0565143989134748,4,0.03350936411300266,0,1,0.0565143989134748,0.03350936411300266,-0.00017541769286368025
4.056631496996698,2.6214259323214453,4.17780020929139,0.25850513417274923,-0.2243099150823807,-3.9914062156576913,0.9185686419546678,6.621700828774675,7.468130255797678,0.7424362564446693,-0.6818920742918971,2.802900408589178,8.514785723027152e-06,0.009791078268226729,1025.719,228.56893272035097,695.9578492285048,89,B0044,53,0.0567330718538736,4,0.033639022949022546,0,1,0.0567330718538736,0.033639022949022546,0.0022982521814389188
4.033722240018022,2.5339139586135624,4.177530439833207,0.29097901101563894,-0.27219298018702565,-3.992122190709,1.005686027011245,6.654177389025503,9.34228820478629,0.7996252415422356,-0.8187062410308765,3.0406849232772215,2.221337507978093e-06,0.010285371708300564,1016.859,274.37217092999776,826.964101421356,88,B0044,54,0.0694133756360175,4,0.041157618646198636,0,1,0.0694133756360175,0.041157618646198636,-0.00267218444090062
4.052548629680626,2.645937277014869,4.176559125063143,0.2604015696055826,-0.23539096687777275,-3.9931560142753657,0.9387359271704039,6.691030736897561,9.296386526511638,1.7328568252003531,-0.7191047882923307,2.8758818749483157,3.267138821791518e-05,0.009456741437230954,1021.079,239.02825166774636,731.2977872807952,85,B0044,55,0.0593176644466495,4,0.035171518311977686,0,1,0.0593176644466495,0.035171518311977686,0.0018729073708802003
4.031869983878109,2.5126783310210183,4.177198757478185,0.29513124584379197,-0.2757939587127618,-3.992595683096178,1.0111959256949163,6.789742456285512,10.402010089986526,1.429083136561103,-0.8274672873544102,3.048680100298644,2.088633331875868e-05,0.010467388520198876,1010.562,275.97904682861275,829.2587154240651,87,B0044,56,0.0698170725362273,4,0.041396984660533,0,1,0.0698170725362273,0.041396984660533,-0.0002139038005524202
4.0546007592526,2.676683003373552,4.175693660429193,0.254745469743662,-0.23192836333731057,-3.992785917898217,0.9337822798223991,6.652607169727167,9.139614420555528,1.6435658769853771,-0.7115520587679965,2.8753353427675483,2.351828534210935e-05,0.009552939689346686,1003.313,231.2802029246705,711.1075135553417,86,B0044,57,0.0574643508969407,4,0.034072623875396384,0,1,0.0574643508969407,0.034072623875396384,-0.0001899903966931793
4.029900462300052,2.509819479017468,4.176717865368056,0.29622525075251127,-0.27840440393795296,-3.991697440625882,1.0165220237129344,6.727197790202005,10.577915316418856,1.1264037174029307,-0.8350673209080841,3.0664980056754936,2.321363312574704e-05,0.01047014307560946,1006.187,278.4942667181619,836.8718251526979,86,B0044,58,0.0705377438399369,4,0.04182429588715987,0,1,0.0705377438399369,0.04182429588715987,-0.0027609343972126595
4.0528579449382525,2.659947287863178,4.175734240124533,0.2579144719653781,-0.2346864574044636,-3.9922087112758975,0.9387161921441668,6.704744929431838,9.153655205612418,1.6807430625968396,-0.7184709685956039,2.8845453334016877,3.2706492827505654e-05,0.00964527834545211,996.765,233.70550250153127,717.0719446849638,85,B0044,59,0.0580546605234449,4,0.034422639103271764,0,1,0.0580546605234449,0.034422639103271764,0.0022717430225145203
4.027030974078611,2.502902423851419,4.174858788640489,0.2979566233739594,-0.2817775496820992,-3.9930053753030488,1.0222415079494247,6.688129486124422,10.601194386353557,1.2752632528716672,-0.8447225804859758,3.082100832176455,2.658578639869075e-05,0.01053192207648906,999.422,279.5842408139576,839.4052246347654,85,B0044,60,0.0708399201529106,4,0.042003466793909906,0,1,0.0708399201529106,0.042003466793909906,-0.00230445114125222
4.048647775995237,2.597947039498895,4.175396670709832,0.26779621089690897,-0.23781178807825715,-3.9905824714445863,0.9439383035609836,7.135311524033081,8.524863523744626,0.7130818629173832,-0.7202406399075624,2.869670735322717,2.0431111400781647e-05,0.009969153568398345,990.234,234.60572355011377,712.0407326161197,84,B0044,61,0.0581718361305258,4,0.03449211661976889,0,1,0.0581718361305258,0.03449211661976889,0.0023290472811403006
4.006197810720952,2.688243972514366,4.176278504943042,0.31426830131715716,-0.3839746086117853,-3.992407076231904,1.1763962703122277,7.514206392471801,9.440256551104172,1.469922149654146,-1.1833001489292594,3.6377574929252434,2.0441690183113612e-05,0.011902178964018306,608.953,234.55655745759196,723.6980889030192,52,B0044,62,0.0583051571279828,4,0.03457116730302105,0,1,0.0583051571279828,0.03457116730302105,-0.00016816124620842033
4.001898132433219,2.6997767051836083,4.175998506248964,0.317113938692793,-0.3991042469889139,-3.992461574821749,1.1971586028549577,7.105939545905624,9.577062674735402,1.7345291483218879,-1.2326925646195839,3.7106843263175624,2.6442432498744828e-05,0.012011779390404246,586.719,235.00176325007195,726.7296783219265,50,B0044,63,0.0584559266936776,4,0.03466056385277046,0,1,0.0584559266936776,0.03466056385277046,0.0024163634292518597
3.9995228828543783,2.6926916057581445,4.176936753250137,0.32114502746816986,-0.4072004054361969,-3.9906773895407737,1.207643886794712,7.121133621766568,9.571995894192735,1.7491620106335155,-1.256487533116226,3.739801738427449,3.7424168438641825e-05,0.0122082266730195,575.922,235.4519265575802,727.308086410229,49,B0044,64,0.058629861106387,4,0.034763695650671805,0,1,0.058629861106387,0.034763695650671805,-0.00011504011658842045
4.053493486866572,2.6700548004006626,4.1734597535552,0.251369803258425,-0.2265541392450527,-3.9900184345675953,0.9235516887095844,6.525840333846862,7.124889090041003,0.5406892958931016,-0.695141718147152,2.84447445871195,3.0965898299612e-05,0.009214812570199895,1050.406,237.28433661496393,730.013767245592,88,B0044,65,0.0589003321838338,4,0.0349240674141595,0,1,0.0589003321838338,0.0349240674141595,0.00238791759381536
4.052074849774992,2.610708527753601,4.175712749345959,0.26182815772729584,-0.2291913700387426,-3.9919951224872414,0.9287347311602125,7.0347000891113804,8.324153740739145,0.7311505460406849,-0.6951471985093521,2.8290263789280625,3.799556864340327e-05,0.009597420255845947,1040.75,237.89568204736338,723.356160910024,87,B0044,66,0.0590646770201104,4,0.03502151321672949,0,1,0.0590646770201104,0.03502151321672949,-0.00017856817791691987
4.028366353886938,2.500114336550371,4.176096844607635,0.2969316918544639,-0.2819333043565596,-3.9922653535751937,1.0220632035625388,6.8973768386013505,10.63955759206541,1.4024606151212924,-0.8470392324276358,3.087614577855325,2.489051623198288e-05,0.010261943416771228,1019.125,286.1755825169632,861.3391468987331,85,B0044,67,0.0724057998284407,4,0.04293193163142545,0,1,0.0724057998284407,0.04293193163142545,-0.0028201285400915794
3.9662515216379144,2.463640728476522,4.176353738400277,0.3729388809301956,-0.46093159458169275,-3.990796915640813,1.2745989485229283,8.12797412482593,10.376173431482592,1.59828603751289,-1.37777793496382,3.833419433802576,-8.30108388582271e-06,0.013197691078008021,618.844,286.3285145273056,856.4069420893476,52,B0044,68,0.0725563284689165,4,0.043021185328184434,0,1,0.0725563284689165,0.043021185328184434,-0.002820080355047781
4.052244387669817,2.5987325707723405,4.177102599239209,0.2632876783327766,-0.23199889868853293,-3.9911388227447215,0.9337647435433033,6.951583874586089,8.316021086973787,0.7506472635083413,-0.7044638352068239,2.847634257065819,1.8067158739962874e-05,0.009522975571984251,1039.547,240.3527929162698,731.584429972153,86,B0044,69,0.0595922298890959,4,0.03533431776770348,0,1,0.0595922298890959,0.03533431776770348,-0.00019247375654177917
4.024847285360175,2.4742429443982785,4.175820770125257,0.3022571423119279,-0.28835896667589855,-3.991443615973067,1.033414681387236,6.953046195579622,10.655557073631597,1.1985697164357818,-0.8641428559958153,3.116761089683021,-6.403004152780329e-06,0.010243789407927601,1004.328,289.60906477043744,869.5576480937241,83,B0044,70,0.0732170902276858,4,0.043412974089849364,0,1,0.0732170902276858,0.043412974089849364,-0.0028633516087703996
4.051149690799867,2.693112294857156,4.174362644498064,0.2522112814948654,-0.24020364123364235,-3.9937289569249135,0.9496733354713754,6.413311987885646,7.631714348736341,0.3289671742120907,-0.7433249185243115,2.9501836598535967,2.3722397047750273e-05,0.00910107832036888,1005.75,240.943923695263,747.3574994288251,83,B0044,71,0.0598410084998697,4,0.035481827308850855,0,1,0.0598410084998697,0.035481827308850855,-0.00015526629595185998
4.023626364549916,2.476301013332819,4.175874340371016,0.3029407381437358,-0.2918314525277321,-3.991810733048436,1.0392457240892665,6.779577103952525,10.509625598200184,1.0316566794357411,-0.875515972026666,3.1381040269199385,-9.906140650482268e-06,0.010219267725836857,995.797,290.401062355915,872.5258329854386,82,B0044,72,0.0734434705697157,4,0.04354720291391808,0,1,0.0734434705697157,0.04354720291391808,-0.00020753414825500083
4.0230998765187564,2.455959621392259,4.176007922304425,0.3044191687466937,-0.2917484860639784,-3.990343191482173,1.0390969580355982,6.978468873690951,9.204729619835248,0.6390979538056323,-0.874128464016511,3.1346525230259425,4.571546025599027e-06,0.01037575179960089,998.921,291.19556838654626,873.7991196765742,82,B0044,73,0.0737373960592326,4,0.04372148161880874,0,1,0.0737373960592326,0.04372148161880874,-0.0002362135180632191
4.047078241937264,2.595966933411927,4.176473294247625,0.26838570529731165,-0.2460711384456988,-3.991055043675492,0.9604196214554376,6.809785593582902,7.96351554428054,0.8228910008746808,-0.7494781421825694,2.9396821250256755,4.1106765024627126e-05,0.009753514489644082,989.141,242.84960561517954,741.8126202399598,81,B0044,74,0.0603231248972743,4,0.03576769098635743,0,1,0.0603231248972743,0.03576769098635743,-0.00014617900163568093
4.02025965935536,2.4476887634196065,4.176068533506241,0.30906827421353406,-0.298818492738235,-3.993323501641109,1.051284153783292,6.971049837313714,9.367163499816083,0.7065399514072311,-0.8936828189732557,3.167270775886845,7.802656795105872e-06,0.010487455930704772,979.203,292.7433780883993,877.4005297207121,80,B0044,75,0.0740961197823434,4,0.043934181463181066,0,1,0.0740961197823434,0.043934181463181066,-0.0001758059109315202
4.048987988645058,2.696514442504613,4.174058322711264,0.2539171829136263,-0.24619641320878316,-3.991161876623272,0.9603272762351135,6.579881562367587,8.36281681813677,0.46639879566979187,-0.7630020300687479,2.9872561340533514,1.3298422594749383e-05,0.009017576896134494,994.031,244.50447213753773,759.282338320061,81,B0044,76,0.0607171505329549,4,0.03600132256963046,0,1,0.0607171505329549,0.03600132256963046,-0.00017522840661703953
4.048190135327761,2.690051793810678,4.175423863730147,0.25831886153087497,-0.25222392819933964,-3.9915962217441727,0.9716702346315115,6.690126647286674,9.833929266126528,1.176074380800674,-0.7803586968312448,3.018557915048912,3.13354241119417e-05,0.009209107288653446,971.516,244.97863513943997,759.7918794988801,79,B0044,77,0.0608284422939796,4,0.036067311347971066,0,1,0.0608284422939796,0.036067311347971066,0.0025230056551472204
4.031325666700656,2.682527208849319,4.175023430172884,0.2808552962185819,-0.3018936240718056,-3.991136960671815,1.0557728954745957,6.925009518097775,9.82294821385076,1.3290170615233388,-0.9329159150422686,3.2762008192600414,2.543966123702353e-05,0.010049679711430283,810.563,245.12978251296255,758.9331546512655,66,B0044,78,0.0609288444479822,4,0.03612684329736602,0,1,0.0609288444479822,0.03612684329736602,0.00256171032225008
3.99633832641595,2.652291441667637,4.17570719288233,0.3245442803543445,-0.4070041672359562,-3.991424193255269,1.2077957106033648,7.831469751479566,9.64729446630716,1.2927522722544609,-1.251701718714008,3.730377715069879,3.8926605460125754e-05,0.01185126534596003,599.047,246.07918575369385,757.8054270554366,49,B0044,79,0.0612203873656202,4,0.036299709292042105,0,1,0.0612203873656202,0.036299709292042105,-0.00017945249366917992
3.5339557623459634,2.546878970446884,4.176924395260363,0.5612380654252981,-1.9943360872313463,-3.989885469699493,1.9946841363845835,6.3578218287881425,8.475214897845488,1.649036425492972,-6.019754210632719,6.07798114058944,-0.0005763587557639198,0.02800666049135312,109.078,245.99848741306346,743.0328688336077,10,B0044,80,0.061336775826916,4,0.03636872008226716,0,1,0.061336775826916,0.03636872008226716,0.0025518687910854806
3.5662543456123466,2.645930219491384,4.176472262163263,0.5275261592604309,-1.996129232362493,-3.992242021387917,1.9936605249637682,6.5954208155010985,7.906766993792881,0.958479834526934,-6.1512545836297345,6.189003788771617,-0.000581499643203767,0.026013400877854743,109.171,246.57304613130646,760.0964266071597,10,B0044,81,0.0615021959933087,4,0.03646680348568039,0,1,0.0615021959933087,0.03646680348568039,-0.00015700909207076036
3.480657456568583,2.5366466461777906,4.177637250505157,0.5687387617095716,-2.217653041798755,-3.991625583043432,1.9813090351280034,6.324536214740793,8.628110902694925,1.5288964947238752,-6.69510538047923,6.04516707008249,-0.0007202201240194715,0.02967189451771511,96.484,246.64247042566694,744.6658103307595,9,B0044,82,0.0615436456229027,4,0.03649138042106532,0,1,0.0615436456229027,0.03649138042106532,-0.00014304066578462032
3.559655619146663,2.619612898646795,4.178674620885059,0.536680217227365,-1.9957140019130044,-3.9917742802321072,1.995146293237388,7.644851838660085,9.541833690746394,1.4721025239034389,-6.120893780016148,6.169246688714608,-0.000548836276077769,0.026734385022712935,109.094,245.95056127312424,754.6725640455498,10,B0044,83,0.0613682829819075,4,0.03638740177665077,0,1,0.0613682829819075,0.03638740177665077,-8.788770678506002e-05
3.4710657400965403,2.48420676655347,4.180128549369836,0.5834115270205816,-2.2172078365634906,-3.99341095347209,1.9826958854349122,5.10818141008298,7.890349591233944,1.861352033679938,-6.652821823687269,6.023844306196151,-0.000862749493348484,0.03030974336858355,96.906,247.15085289330023,741.5089840075048,9,B0044,84,0.0616335088887399,4,0.03654466349499365,0,1,0.0616335088887399,0.03654466349499365,-8.262430462393917e-05
3.4889263102095542,2.5492794097929745,4.178617367574264,0.5631996153485346,-2.217892317465651,-3.991569924612713,1.981948373135126,6.978200107513246,9.207557697837885,1.4793981046233944,-6.7273846568317675,6.076624831331536,-0.0006369951180006822,0.029341591348556226,97.015,248.26020507706164,753.1888082258431,9,B0044,85,0.0619810308759487,4,0.03675072143828848,0,1,0.0619810308759487,0.03675072143828848,-0.00012885100980654097
3.438530012225991,2.6987042664288663,4.132709552803766,0.22508797480128487,-0.948665522461736,-0.9996908932907372,0.21283663074068362,7.831586108538486,10.171915363933092,1.1951609040970814,-3.263995602548588,0.7640786594873045,-0.00012268691391574562,0.0013489078694979594,5608.781,5327.56196412148,18327.070999544238,457,B0044,86,1.4779954511171076,4,0.8763552064788231,0,0,1.4779954511171076,0.8763552064788231,-0.2832986510247598
3.4576572257357188,2.6902025456609366,4.15897226684506,0.23183218395323696,-0.9429836446189774,-1.002764391386482,0.2246820037799069,7.730546352316417,10.296016892383854,1.1650791239795373,-3.262885878176414,0.8094816771681732,-0.00012135739123342104,0.001361164605369054,5703.296,5385.923058640663,18631.85924382828,463,B0044,87,1.494119871447679,4,0.885915939360287,0,0,1.494119871447679,0.885915939360287,-0.2865152451649553
3.4553887210557868,2.682194069736634,4.173670999223567,0.2430492173244514,-0.9448444362873196,-1.001809989064009,0.2213976791677018,7.787963683864436,10.396418259744522,1.1158667950110552,-3.2670565219959844,0.8013316866866612,-0.00012456629371214664,0.0013538412672330052,5668.032,5363.817673280419,18542.5258551875,459,B0044,88,1.488007820113173,4,0.8822918903111429,0,0,1.488007820113173,0.8822918903111429,-0.28532790742625314
3.453365325098602,2.698791325109984,4.173428084270444,0.24140667383083414,-0.9421563938919909,-1.0010193795008968,0.2265059300640993,7.849823078169805,10.675119900160505,1.1930175599678563,-3.255200185560476,0.8170459061874032,-0.0001229167358172592,0.0013297314452133543,5634.047,5316.562451119098,18364.596515992722,455,B0044,89,1.4748338592717107,4,0.874480588074294,0,0,1.4748338592717107,0.874480588074294,-0.2826400700765942
3.4533767517944844,2.6972261726105518,4.17295985340472,0.23678244229891232,-0.9414963206117185,-1.0008333686989588,0.22805575971748399,7.863220580243154,10.562265269293302,1.20689754826466,-3.2524638908741905,0.8207593078616697,-0.00012162770718300608,0.0013803559214362485,5582.375,5264.6091981805075,18181.811287363038,449,B0044,90,1.4604378044785566,4,0.8659446635819693,0,0,1.4604378044785566,0.8659446635819693,-0.27969135472052165
3.4460660596643384,2.6816548421625512,4.172771279792943,0.24492976637876154,-0.9389221140572902,-1.0006757296253446,0.23273226062894006,7.930106785779635,10.76625471358321,1.2011062691199152,-3.236494703919246,0.8369508848958399,-0.00012047920151652171,0.0013770444620748393,5567.329,5235.6644571507295,18042.267638357545,447,B0044,91,1.452380841576719,4,0.8611674084272964,0,0,1.452380841576719,0.8611674084272964,0.005122921908077682
3.4382387035909514,2.6758389635879234,4.15544388290786,0.24205083131062194,-0.9382244730141405,-1.001584094423824,0.23395640583927102,7.888437545923743,10.911129725577434,1.2619579535890657,-3.226472867172723,0.8384401315409119,-0.00011895356396128385,0.0013863741833561843,5528.453,5195.189505360253,17860.295520171316,442,B0044,92,1.441102888364986,4,0.8544803154406052,0,0,1.441102888364986,0.8544803154406052,0.010603396616538596
3.4385248959075603,2.6766750362925413,4.172195811279475,0.24432972030509578,-0.9336418704048167,-1.0011109661354312,0.2428150128626377,7.818043363205418,10.81913572086399,1.219638913003628,-3.21029264045961,0.8681526193406175,-0.00011933854197116226,0.0014008323913881292,5513.39,5155.275717483438,17721.345435800667,440,B0044,93,1.4300355978410688,4,0.8479181317309613,0,0,1.4300355978410688,0.8479181317309613,0.011594444454420793
3.4365202293034374,2.695622084623807,4.171402160517197,0.24412763083027847,-0.9277519140513346,-1.0013667929909769,0.2528477754875524,7.830974235734798,11.006306031992889,1.372582682807075,-3.1866236458225825,0.9002878839500974,-0.000114644371495709,0.0013872870357518963,5486.187,5097.550894412818,17503.47322132976,432,B0044,94,1.413943296719903,4,0.8383764434523543,0,0,1.413943296719903,0.8383764434523543,0.012178112510361494
3.4352027430527405,2.6908429071948605,4.170188354997629,0.24515407144955603,-0.9210832456029233,-1.0031105310166462,0.2638787147999917,7.878562179371438,10.614675024239112,1.2474817735227985,-3.161220417843036,0.9364946177127825,-0.00011183229553308471,0.0014089600799841548,5461.922,5037.598234121606,17284.802756644152,433,B0044,95,1.3972667497450315,4,0.828488335368888,0,0,1.3972667497450315,0.828488335368888,0.012634210946704982
3.4334546922415696,2.6963132256039875,4.170349799747877,0.2457107891281105,-0.9181073344708772,-1.0004034898094731,0.2683588184710227,7.960251571512366,10.78731375840829,1.2535520747325248,-3.1486587931746026,0.9508031870318686,-0.00011102003235926535,0.0014073921405085372,5438.157,4998.96933067966,17139.012958524254,430,B0044,96,1.3865375876825874,4,0.8221266398525241,0,0,1.3865375876825874,0.8221266398525241,0.013168650778826275
3.425091148228222,2.688965230347589,4.152127517238579,0.2452644539579802,-0.9147769465297864,-0.9998017351246392,0.2731043470924604,7.825815360855775,10.646148713943534,1.3555476548360796,-3.1282595833765487,0.9637459631986819,-0.00010623299609083058,0.0014373428912698568,5402.875,4948.351516118997,16916.38898718752,426,B0044,97,1.3724753685724698,4,0.8137886582149736,0,0,1.3724753685724698,0.8137886582149736,0.013725503958503183
3.43285332747351,2.697702269918439,4.169872871486082,0.2430436944817367,-0.9097059602545033,-1.001001283053754,0.28096794382142587,7.871717073752719,10.149343674038578,1.186911165634328,-3.116871694969415,0.9909663579625421,-0.00010721379949075517,0.0014454452374434463,5384.438,4903.105578255917,16794.40799056017,423,B0044,98,1.3598593948812812,4,0.8063082060791321,0,0,1.3598593948812812,0.8063082060791321,0.014035240591957487
3.4316708520467616,2.6908621173584564,4.17029400170211,0.24291093170155376,-0.9089147628345589,-1.000535766089263,0.28223768261147253,7.872850841533409,10.269672545542075,1.1515941443819073,-3.112666122405865,0.9946749060821128,-0.00010704000409418002,0.001473879418165446,5344.859,4862.841704452746,16647.761859217546,419,B0044,99,1.3486733410392264,4,0.7996756034435639,0,1,1.3486733410392264,0.7996756034435639,0.01305399113613528
3.4305423593747584,2.6956578221948044,4.16968317987712,0.2401806270549152,-0.9053632291923375,-1.000130333451389,0.2868678248168832,7.787673589037049,10.511836729394169,1.2125289868632987,-3.0982915513536615,1.0087370647970595,-0.0001057209569802385,0.0014866914444744965,5305.156,4807.811952954837,16448.81319083338,415,B0044,100,1.3334258933205057,4,0.7906348583020852,0,1,1.3334258933205057,0.7906348583020852,0.012768171284905127
3.4188541266416608,2.683891843696469,4.170671249766948,0.24986222965536858,-0.9122769052973728,-1.0006996840010498,0.277387743029354,7.997910807563725,11.2498423901219,1.3782171153534888,-3.1127892250274347,0.9768509958412177,-0.00011030361093407398,0.001458108853467997,5284.547,4827.061801186872,16466.32444878451,412,B0044,101,1.3387793081075827,4,0.793809085203494,0,1,1.3387793081075827,0.793809085203494,0.00955165591500089
3.42241373548389,2.6861736439095387,4.149844268077626,0.2406446778196274,-0.8993675928683105,-1.0012478773196167,0.29546289057412706,7.881896352735887,10.478668312226782,1.1875156576932666,-3.068514591879893,1.0342646467196541,-0.0001001316144911251,0.0014992505688345573,5267.843,4742.934498520772,16178.472045275092,409,B0044,102,1.3153320403016997,4,0.779906379884707,0,1,1.3153320403016997,0.779906379884707,0.011428665654153968
3.4160977003080477,2.6915218489806785,4.170207896534634,0.25007768239367234,-0.9110321130421604,-1.0000486043905183,0.27914575280615056,8.022448822976777,11.276068425006786,1.2795941615906257,-3.1052293183855126,0.9815935492839386,-0.00011012504132633567,0.0014570107151451002,5229.688,4770.239592058013,16254.577545423514,406,B0044,103,1.322963328110081,4,0.7844312373854243,0,1,1.322963328110081,0.7844312373854243,0.007379213354239989
3.415875051664848,2.698223036073629,4.169943833836458,0.2499078833479668,-0.9054157927585382,-1.0000156861218927,0.2873239918434247,7.977920186292173,11.18488048040138,1.360488708048548,-3.0841493520830783,1.0079777290907592,-0.00010739716006493178,0.001463989515039866,5206.954,4719.007272883038,16069.323359915108,403,B0044,104,1.3086991524155074,4,0.7759735086240671,0,1,1.3086991524155074,0.7759735086240671,0.007994837724743764
3.420770509924939,2.6884148666237397,4.168649657337103,0.24561946829125472,-0.8971488250209094,-1.0003532671448447,0.2985618853933338,8.016774436428086,10.572845919227095,1.129505569707205,-3.0582626470033767,1.0446790773927095,-0.00010439620791580426,0.0015141974573686166,5179.062,4650.729782661765,15849.767158953524,400,B0044,105,1.2897499583900436,4,0.7647378686021433,0,1,1.2897499583900436,0.7647378686021433,0.00873518698609237
3.412152763562302,2.699098319484438,4.168865124534303,0.2508355440368808,-0.9036459257898942,-1.0001270037964975,0.28956736365011154,8.104364904391632,11.286420953867148,1.4221399882991785,-3.0736939891206863,1.0140282899131474,-0.00010658558149733295,0.0014730324355880936,5144.109,4653.709591391533,15824.957541425838,396,B0044,106,1.2906172590904164,4,0.7652521215274686,0,1,1.2906172590904164,0.7652521215274686,0.009632409803433228
3.411365387592042,2.692387025960113,4.14775004325363,0.24715706243537902,-0.893479421104461,-1.000377670213083,0.3034152071167833,8.021367388918382,10.532008688910055,1.2951631211207308,-3.0355522274466376,1.0575796644231366,-9.999672965143257e-05,0.0014865766598178454,5142.891,4598.5421102990695,15618.947518522153,395,B0044,107,1.2752011253442166,4,0.7561113565392916,0,1,1.2752011253442166,0.7561113565392916,0.008026182991496577
3.4151055404827564,2.684075358151804,4.16768084822256,0.24725587375393934,-0.8950327018530826,-1.0013725571006211,0.3015867034232589,8.012944452376887,10.49676940873906,1.22462303820806,-3.044499855945368,1.0526444781062207,-0.00010436959851401202,0.0015322390535137806,5109.734,4574.609534672805,15557.083306496213,391,B0044,108,1.268607265737458,4,0.7522016265108226,0,1,1.268607265737458,0.7522016265108226,0.01087121247452454
3.4139726333379956,2.687825351809013,4.167944485512648,0.24957949086066564,-0.8916525424860515,-1.0005394687347553,0.3058583713101823,7.944197776199544,10.219372011443095,1.1740729012857372,-3.030642060644516,1.0664549750324588,-0.00010323637001926098,0.0015328841181001629,5078.937,4531.389754498912,15397.427195300139,388,B0044,109,1.2565759973225976,4,0.7450678665875847,0,1,1.2565759973225976,0.7450678665875847,0.010424631018581909
3.410670178184504,2.6932435794466025,4.167775501643388,0.2505271688577992,-0.8905662435522527,-1.0005198847037151,0.30686648785369286,7.904886527570053,10.307592528834146,1.3191462943532237,-3.023271306510221,1.0686348937649688,-0.00010284043272643758,0.0015280907456009193,5051.672,4502.807031228797,15282.117408967808,385,B0044,110,1.2486254509320869,4,0.7403537095051598,0,1,1.2486254509320869,0.7403537095051598,0.008224901491591297
3.3507147228969534,1.990881848788414,4.203467627142882,0.3835508485154758,-0.6795680439600006,-1.009116495266992,0.47042785815166455,9.485217152757082,15.71039018923076,2.5227421359719293,-2.1944143885798644,1.5550277758313673,-7.821693073004002e-05,0.0024353393161346782,6436.141,4366.087986120777,14098.399248111751,490,B0045,0,1.0819793880779518,4,1.0,6,0,1.0819793880779518,1.0,-0.0
3.343710562419324,1.987597263698,4.16699885717682,0.3953842527196791,-0.6847946624076122,-1.0087426406516653,0.4683194671635726,9.412485833762908,16.327881769438125,2.584883711460939,-2.2097932094299586,1.5509900200924143,-8.566600843826806e-05,0.002699190918685279,5650.265,3865.975208519212,12476.292837187586,429,B0045,1,0.927952404748273,4,0.8576433294137931,5,0,0.927952404748273,0.8576433294137931,0.1540269833296788
3.357113032625278,1.9885380767186824,4.187894400053388,0.3996993218277445,-0.6646163130202214,-1.0090556479293218,0.47574719973963786,9.14441346005273,16.190453016227536,2.6254724507521754,-2.1453051469932616,1.5748749254465042,-8.882690449967896e-05,0.002788534320151523,5590.907,3712.557669214274,11984.231646971868,424,B0045,2,0.885193608411576,4,0.8181242805226173,4,0,0.885193608411576,0.8181242805226173,0.09839288983318789
3.358646172572514,1.969241613952096,4.188401226248918,0.4037204554586566,-0.6509315601298676,-1.007865061542852,0.4801958666646293,9.074180330499932,16.44564599364816,2.7297916273475806,-2.0950371630350637,1.5843039993473516,-8.891717986618477e-05,0.0028455479062735253,5543.61,3603.340399683685,11597.652733600607,419,B0045,3,0.8581010699478283,4,0.7930844888571998,3,1,0.8581010699478283,0.7930844888571998,0.0746261060433745
3.3660643885240518,1.9830542841988097,4.188303916193977,0.40023479460797123,-0.6402275004489041,-1.0092390728045402,0.48340176089459336,9.063698357219925,16.652821920677077,2.740023718022706,-2.061072734998062,1.5933302247141239,-8.768734770852921e-05,0.002851281731573865,5499.046,3515.4863466981296,11318.089541902078,415,B0045,4,0.8409352213456689,4,0.7772192618562926,2,1,0.8409352213456689,0.7772192618562926,0.060261041683070726
3.367910347978234,1.980464521626357,4.18828020412361,0.4026658132120647,-0.6317025380405665,-1.0082097757590034,0.4856686347058002,9.076577071060372,16.626045153527933,2.765272820655414,-2.0292562094478814,1.5967388976582557,-8.654934568582754e-05,0.002878140000811748,5461.219,3444.60212160204,11066.402890881049,411,B0045,5,0.8245471942901911,4,0.7620729224379514,1,1,0.8245471942901911,0.7620729224379514,0.05148643875755214
3.357745333360116,1.9822192378370669,4.115223647482973,0.40437548661670575,-0.6176226155232352,-1.0081874076413238,0.4891897369881987,9.265023738219778,16.231693733501764,2.728837258467843,-1.9647712857386204,1.59051107486716,-7.213422693335737e-05,0.0028355116861373277,5451.281,3361.4447584821896,10694.439062814117,409,B0045,6,0.7935960418803983,4,0.7334668761945244,0,1,0.7935960418803983,0.7334668761945244,0.026871272573574932
3.3696607473704705,1.9987122390470569,4.166319111887713,0.40001556805694966,-0.627554191403777,-1.0098943079946223,0.4867951066867667,9.339350112299787,16.185673883928935,2.6900360640640493,-2.013717050945727,1.5972498809504818,-8.373593508671391e-05,0.0027964720950746126,5468.062,3425.5853692325854,10992.972101268571,409,B0045,7,0.8183676087159205,4,0.756361551553846,0,1,0.8183676087159205,0.756361551553846,0.0133651999391311
3.3747312015520436,1.97927314966301,4.188858082816243,0.40876678928372456,-0.6227956362441027,-1.0088447706775023,0.4879953621746443,9.308634523153344,16.52621032903044,2.740374088539349,-1.9996283337151424,1.603857276043917,-8.698814714371713e-05,0.0028916326545310234,5411.297,3365.4090748870103,10806.047789195985,404,B0045,8,0.7977644276409412,4,0.7373194318036915,0,1,0.7977644276409412,0.7373194318036915,0.012067328461377414
3.381799182114607,1.9640518711887227,4.189052979187811,0.39834424614079716,-0.6164358149352739,-1.008540571989902,0.48947509621307744,9.254145206672922,15.196414604557985,2.5717221526383387,-1.9829151335417003,1.608926721089588,-8.688508832185419e-05,0.0029248447666921475,5369.703,3305.00453551939,10632.543684689315,400,B0045,9,0.7993777411831636,4,0.7388105078445099,0,1,0.7993777411831636,0.7388105078445099,0.008311496032501054
3.385176591409285,1.9965583229383292,4.189280705297697,0.4018441407241525,-0.6124951744838439,-1.0084157672653469,0.49042715472167997,9.291749311540086,16.354435553014117,2.7268831366103976,-1.9690648783351314,1.611265683363978,-8.829375273073263e-05,0.002897743334067561,5327.406,3256.5657821560826,10470.339995141898,396,B0045,10,0.7783107440628891,4,0.7193397144519498,0,1,0.7783107440628891,0.7193397144519498,0.009247290045460387
3.3813096388474886,1.9676140964966768,4.189527524041756,0.4006633805500128,-0.6120748119063896,-1.0088566807748427,0.4904706001912369,9.310447961834724,15.57016420519042,2.6193108778997343,-1.9655387640938284,1.6093438867588208,-8.816784120399604e-05,0.0029225829908040746,5299.266,3238.056980888105,10399.013331346488,393,B0045,11,0.7803738231239117,4,0.72124647818863,0,1,0.7803738231239117,0.72124647818863,0.002644443751297332
3.3490369985986668,1.98770164017674,4.097057578524458,0.4081915634168042,-0.6158982943710155,-1.0080424431902402,0.4896032611018663,9.29775486780575,16.481904111846188,2.804775491149608,-1.9496414677987255,1.5841277946935706,-6.895151899002423e-05,0.0028087479895178903,5367.172,3301.575176392012,10452.110175548893,397,B0045,12,0.7713058245640294,4,0.7128655435240696,0,1,0.7713058245640294,0.7128655435240696,0.009412356830378221
3.3694542187312684,1.99572402940065,4.166427487441078,0.41241773704821716,-0.625377064856349,-1.0087189699625896,0.48716434806386366,9.245632947295453,16.686364651804713,2.8078600847369515,-2.0019340303866557,1.5968575323186265,-8.091921975009483e-05,0.0028481779402978785,5406.812,3375.353475532339,10806.112276021402,399,B0045,13,0.795279016979026,4,0.7350223356766291,0,1,0.795279016979026,0.7350223356766291,0.0004970821323830421
3.3771129586319466,1.9723902186884,4.189116912804917,0.41210253018594595,-0.6180221346577055,-1.010914036070883,0.488987024062316,9.21860683892004,16.527315358470222,2.763978003175536,-1.982594400797898,1.605911064686452,-8.768857785221274e-05,0.0029017134442602534,5353.094,3303.3276724361194,10597.62462086002,394,B0045,14,0.7824128169919247,4,0.7231309816186214,0,1,0.7824128169919247,0.7231309816186214,0.0033929848382477923
3.382104218416538,1.976007577264544,4.189394418073402,0.41002837132421227,-0.6121745879630046,-1.008249683063318,0.49033462325023375,9.19413015419709,16.325076195754107,2.7388424066505217,-1.9644673657454286,1.609753430716335,-8.70314974283329e-05,0.0029511966630139516,5280.031,3227.65655789377,10358.418667345391,388,B0045,15,0.7649414992231182,4,0.7069834302314894,0,1,0.7649414992231182,0.7069834302314894,0.0026738489679541955
3.3859954600090036,1.9786838559411903,4.189251613691141,0.40911910559817166,-0.6064321892488668,-1.0084247134366529,0.49165889192459655,9.188267060937262,16.18780234880546,2.721197203135184,-1.9458628241918952,1.6132419995829006,-8.828164185201859e-05,0.0029553805735233725,5248.593,3176.9900685639445,10195.139135865782,385,B0045,16,0.7544899426779375,4,0.6973237669695607,0,1,0.7544899426779375,0.6973237669695607,0.005176776089194845
3.3830345538672018,1.9866467601774969,4.18999236240837,0.4084565890567944,-0.6063996219926951,-1.007946613751651,0.49178677014533234,9.211910760834266,16.54868871782283,2.7700981410251804,-1.9434406844652852,1.6115215778165184,-8.935502460984814e-05,0.0029335252901820986,5203.375,3149.7950033536263,10095.959608400222,380,B0045,17,0.7504048978314295,4,0.6935482377020717,0,1,0.7504048978314295,0.6935482377020717,0.004180185346519982
3.37881379914347,1.9915335628511552,4.165973150657214,0.4060283053107908,-0.6022530715841198,-1.0076971244709267,0.49249543578006794,9.15685740939557,15.893386512216576,2.6538741181496257,-1.9236190990241182,1.6069147047905363,-8.461151784870465e-05,0.0029186475220234426,5166.812,3104.0916044601763,9914.060409476007,376,B0045,18,0.7407258109620256,4,0.6846025156522294,0,1,0.7407258109620256,0.6846025156522294,0.010910641203400084
3.389059266953008,1.9935644864605024,4.195641973763218,0.4195637021739833,-0.5861859230293525,-1.0082380238297786,0.49546179821640896,9.104538013834128,16.273556126855052,2.7891257506959946,-1.867975980415797,1.614188207906996,-8.480957556580999e-05,0.002921877111496984,5340.281,3123.7120671349044,9955.223399690783,388,B0045,19,0.7308525593793626,4,0.6754773403564208,0,1,0.7308525593793626,0.6754773403564208,0.010312051522512421
3.3783919657677504,1.9937078109097683,4.189381114418313,0.4122571167675055,-0.6037251705699035,-1.008015294958034,0.4922168714724633,9.196243634400288,16.57769275391533,2.746801870682156,-1.9279076464480789,1.6071536531876336,-8.839595032540205e-05,0.0029531645097042626,5103.0,3075.5957186374176,9822.591238833014,370,B0045,20,0.7287255851177903,4,0.673511522629199,0,1,0.7287255851177903,0.673511522629199,0.007243182821065575
3.3779346242690624,1.984098818516829,4.189726548094093,0.4158258492933414,-0.6039804007945984,-1.0101830059414636,0.49225545320139286,9.224293881462565,16.451931737613187,2.740434045357905,-1.9278978913873126,1.607375435657502,-8.960185184030498e-05,0.002988726591279431,5051.172,3045.9410414296244,9723.071808572859,365,B0045,21,0.7161023377036263,4,0.661844713119465,0,1,0.7161023377036263,0.661844713119465,0.00767752099486223
3.3727225247575885,1.9818309446595743,4.166289777836687,0.4124764973030113,-0.6017545658130975,-1.0094830851519123,0.49268252065995893,9.239291915944644,16.660404158556567,2.7468114358245015,-1.915445422212127,1.6029706574629599,-8.732072201690611e-05,0.002956087275391293,5027.563,3021.2341542718573,9617.926381637037,363,B0045,22,0.7129204834988017,4,0.6589039415669894,0,1,0.7129204834988017,0.6589039415669894,0.007496882866525567
3.380735960428841,1.9984963466197727,4.189756191273931,0.41062335209099493,-0.6038091172028306,-1.009270147494984,0.4922624959793883,9.220514425854448,16.192781213892964,2.719800260594279,-1.9296799728575273,1.6081357617573062,-9.101022417717204e-05,0.002975794090864782,4993.765,3012.033686991388,9627.873103533346,360,B0045,23,0.7141991829499618,4,0.6600857565490951,0,1,0.7141991829499618,0.6600857565490951,0.0053053256024127695
3.3889133424072204,1.9886589228929203,4.1890449974281685,0.39915210082458596,-0.6004829437675547,-1.0108313950708208,0.49293990141014526,9.140591023627803,14.742856005940368,2.5250021430694405,-1.9246208872057924,1.6121425901326394,-9.14520484789114e-05,0.0030076081082815653,4962.469,2975.08408906752,9536.881095378787,357,B0045,24,0.7190570819844222,4,0.6645755824071367,0,1,0.7190570819844222,0.6645755824071367,0.0023590954789880713
3.3855430731736647,1.983664414073366,4.189274783071479,0.4005606692330707,-0.6033075067931543,-1.0080797400452108,0.49233270795178635,9.05273466167465,14.693521549329,2.549981190454562,-1.9311508102631505,1.6081633564174396,-9.2800293333991e-05,0.0030359885783856626,4907.859,2955.9157948641537,9462.517898510825,352,B0045,25,0.7173975428775917,4,0.6630417832191702,0,1,0.7173975428775917,0.6630417832191702,0.002265608448039713
3.375688256474184,1.9705703151314151,4.189518201774546,0.4129302136006311,-0.6065620900458145,-1.008906381541965,0.4915839625149346,9.311519157220646,15.86983818237976,2.663189590472588,-1.9348259535822574,1.603204118650127,-9.311076772205771e-05,0.0030404122353239354,4888.656,2961.187361874344,9446.890236186406,350,B0045,26,0.7071027496463946,4,0.6535270056322469,0,1,0.7071027496463946,0.6535270056322469,0.0017999176114463333
3.37794278508875,1.971779249329659,4.166301702021804,0.4040235589370315,-0.601440239072105,-1.0084556602023516,0.49264958503124523,9.167853966731156,14.829662137922766,2.5650480445372694,-1.917288201700498,1.6028994631728144,-8.951799606200027e-05,0.0030384447569619115,4866.25,2920.9537844219794,9312.323874654126,348,B0045,27,0.703531206505542,4,0.6502260710856127,0,1,0.703531206505542,0.6502260710856127,0.0018778553986519286
3.373558298075209,1.9938420365930107,4.19002918934191,0.4152537030221347,-0.6098007335968902,-1.00994980914745,0.4907888490698482,9.287848514483294,15.906462051621896,2.6313040288481173,-1.94433070024569,1.6003992693462865,-9.352415536943881e-05,0.0030116293608607584,4836.125,2945.3527872911736,9392.249395769448,345,B0045,28,0.6941108278958862,4,0.6415194554943578,0,1,0.6941108278958862,0.6415194554943578,0.004017671010815116
3.368742642573582,1.9993629637641337,4.1895524054233135,0.4164636746020461,-0.6120661413012833,-1.0082413706235676,0.49040268953106897,9.322184761530549,16.353770501511462,2.68499458389965,-1.9491399955568132,1.5977509544376602,-9.478862634220389e-05,0.002988060696040956,4801.485,2935.9446162803615,9350.321824631292,342,B0045,29,0.6914114388869608,4,0.6390245937265006,0,1,0.6914114388869608,0.6390245937265006,0.005529128619492285
3.3718000664169727,1.9932756058141663,4.189008492340535,0.40647557295300696,-0.6132829070943792,-1.0081786693703223,0.4900523274579309,9.289681276195049,15.076528277493722,2.572054650479302,-1.9569627593925463,1.5975652745214628,-9.810238399647367e-05,0.002982258977358946,4760.938,2915.887671505412,9304.199452110408,338,B0045,30,0.6971551798505504,4,0.6443331430638339,0,1,0.6971551798505504,0.6443331430638339,0.00404847260540826
3.366360304166582,1.9801057444800891,4.189696962609597,0.4193001878532025,-0.6139518980958842,-1.0080303326541913,0.48993322368202613,9.365909184464234,16.045850353764667,2.629459814461655,-1.953697017479465,1.595671407392178,-9.480144093218141e-05,0.003052496847765044,4740.907,2908.4314337349106,9256.209135316185,336,B0045,31,0.6832460217432723,4,0.631477853711246,0,1,0.6832460217432723,0.631477853711246,0.004771345580624464
3.342277843498783,1.9944009127947364,4.0900107068393625,0.42221338916105466,-0.6004805193877815,-1.0082541248682169,0.4928693970102708,9.328022708662925,16.24823467681854,2.8142727716486364,-1.8806463877176427,1.5775457964418893,-7.009615716875772e-05,0.002921200216589496,4914.532,2949.6645621907637,9238.426298969174,347,B0045,32,0.6822029317493292,4,0.6305137965347076,0,1,0.6822029317493292,0.6305137965347076,0.004265654951242559
3.3722684174392836,1.9913126738513705,4.166284738890519,0.4168976828857538,-0.6129419979147948,-1.0086099504503174,0.4902047605441924,9.373114023056761,15.761879553141288,2.60100868510782,-1.953091310497883,1.597880408929311,-8.480803004172493e-05,0.0029483506839918334,4998.656,3060.3306105869824,9752.238796350402,353,B0045,33,0.7289529213213379,4,0.6737216340287807,0,1,0.7289529213213379,0.6737216340287807,-0.0069684186850903496
3.357634548884028,1.9818085465777888,4.188598948796885,0.42399584720889455,-0.6242152942509949,-1.0089146761829488,0.4874545741252204,9.306835708093752,16.349393593197068,2.7353922283584806,-1.9843762644427465,1.588030944214621,-9.287157830542157e-05,0.0029572429396477916,4890.015,3049.6814864536923,9696.199719818535,345,B0045,34,0.7139321758287004,4,0.6598389800169324,0,1,0.7139321758287004,0.6598389800169324,-0.004504147388347923
3.3697954619483568,1.999993313622792,4.188722662834883,0.42055358082005717,-0.6139171694764338,-1.011018341220977,0.49004787906561065,9.339526786032339,16.22246271510604,2.6881940401739683,-1.9555565919941837,1.5980250426589218,-9.378047551738126e-05,0.002978976501581352,4842.11,2970.426319791036,9463.29436678458,341,B0045,35,0.6957731747455482,4,0.6430558496881651,0,1,0.6957731747455482,0.6430558496881651,0.0002764010210004386
3.3766733742445987,1.97465958029416,4.188679542275547,0.41051357014573464,-0.6092419901647167,-1.0088132806643768,0.4910075886950892,9.1327535688995,14.780023826016944,2.5507492875930438,-1.9442271020600432,1.6012344126465272,-9.343119283916351e-05,0.0030506368083619826,4798.281,2923.0563099192304,9328.320974068793,337,B0045,36,0.7018312962317095,4,0.6486549595722481,0,1,0.7018312962317095,0.6486549595722481,-0.003717054897687433
3.356692310359256,1.978180955008712,4.1894790557667125,0.42416674488782047,-0.6214369612467493,-1.0088474838548318,0.48832500778595767,9.343849839453913,16.357147782799643,2.685502783092167,-1.9730819093624132,1.588507625252797,-9.94622846319109e-05,0.0029841560550535693,4739.188,2942.5237651908974,9343.801964365732,332,B0045,37,0.6911808244378487,4,0.6388114524673849,0,1,0.6911808244378487,0.6388114524673849,-0.0017955785377038902
3.3716599583869122,1.9845097801200728,4.165443751495042,0.4138661949104426,-0.6049628311237817,-1.00822558167956,0.49186468886614965,9.257582649630315,15.304013119865168,2.5752024984974864,-1.9228972078548239,1.5976160039887624,-9.060595434786689e-05,0.003049809796242299,4733.156,2860.6944793462058,9093.80993169107,331,B0045,38,0.6843279752855028,4,0.632477829823686,0,1,0.6843279752855028,0.632477829823686,0.008924989207167023
3.358461612325261,1.9921664972023336,4.189848639216605,0.42639024124118863,-0.620638817556179,-1.0089040108456189,0.48843399549605593,9.38425161776499,16.298057069520368,2.691973958294032,-1.9699851774955022,1.5885486891188596,-9.630721311806956e-05,0.0030345982389331657,4670.61,2897.0196990987206,9196.338974888915,326,B0045,39,0.6741394908812485,4,0.6230613062590797,0,1,0.6741394908812485,0.6230613062590797,0.007958536989490384
3.3733153872943236,1.9991203083414104,4.165425573897933,0.411931533314803,-0.6013875939812509,-1.008891006761111,0.49262821396889,9.144982402264807,15.088230300481198,2.544527713252722,-1.9112074222160438,1.5990752967397648,-9.056516267419287e-05,0.0030846366967353786,4635.0,2785.389725127172,8852.816327437757,323,B0045,40,0.6670070174301739,4,0.6164692458837479,0,1,0.6670070174301739,0.6164692458837479,0.00575323146307487
3.367632771675607,1.9790832878431532,4.188987638858462,0.41657832601534267,-0.6146269558442435,-1.0086883164534273,0.4897505261408963,9.26257479341655,15.201775291002932,2.5944575511165398,-1.955206673656107,1.5932853983175124,-9.75068755105912e-05,0.003089922156636383,4615.86,2835.5372691839107,9020.97197581737,321,B0045,41,0.6804085117374855,4,0.6288553360948731,0,1,0.6804085117374855,0.6288553360948731,0.004284556898844794
3.363321307304569,1.9986367632788744,4.189580414945199,0.422272953624553,-0.6171094630530605,-1.008109937595666,0.4893489672784754,9.40011028670591,15.820509282900383,2.6262915823067563,-1.9602792808618155,1.5913649922508124,-9.762149214196866e-05,0.0030695710796034494,4580.75,2825.5050439236784,8976.594447373325,318,B0045,42,0.6617864063235485,4,0.6116441899130427,0,1,0.6617864063235485,0.6116441899130427,0.005878883622860043
3.346491714827562,1.9713723245890475,4.16611714089707,0.42214357813554665,-0.6209228615247188,-1.0087699262516547,0.4884034144914111,9.419332811255556,15.58071439830652,2.708851017905638,-1.9607601261122607,1.5786958889087797,-9.444976881858577e-05,0.0030620472938885953,4557.406,2828.61789157734,8933.054901625475,316,B0045,43,0.6623168733492338,4,0.6121344645259701,0,1,0.6623168733492338,0.6121344645259701,0.004402220387253797
3.3599039237162853,1.98430560045228,4.188826402459722,0.41362887374946794,-0.6204303388657685,-1.0089150089693268,0.488546874483951,9.207828068558017,14.525034072927795,2.6491933363924365,-1.9699001580428774,1.5859316279657758,-9.858394794238067e-05,0.0031048064224703177,4524.032000000007,2805.560552626946,8908.82066584514,313,B0045,44,0.6679358357181778,4,0.6173276894901958,0,1,0.6679358357181778,0.6173276894901958,0.0012407310326141285
3.349639562276425,1.9946795397137125,4.189296725569063,0.43047217671665805,-0.6244948594173985,-1.0103825696902464,0.48737805939480133,9.478974220669317,16.256345838594637,2.6591373484312735,-1.9755826900986366,1.5806421587406851,-9.846594099775365e-05,0.0030838434712806436,4502.938,2812.279137202938,8897.944052311383,311,B0045,45,0.6488990885270688,4,0.5997333180993264,0,1,0.6488990885270688,0.5997333180993264,0.003621585780621017
3.352423027875088,1.9789936656967484,4.189791506946971,0.42948921748226,-0.6219881914832105,-1.008360553211059,0.4879743523456259,9.37536325812961,15.916519503570711,2.6515733922370854,-1.9686343821833823,1.5829530328000487,-9.916298438417369e-05,0.003126907459631535,4483.094,2788.214787202082,8826.012662031995,309,B0045,46,0.6503639129625527,4,0.6010871557524503,0,1,0.6503639129625527,0.6010871557524503,0.0060089197549865634
3.3563090390508155,1.9690947658783289,4.189224626327275,0.4243089104106655,-0.6249048536030644,-1.0094489912636213,0.4874170452799586,9.348977069227304,15.322696472607957,2.5643034198125805,-1.9827504595986876,1.58417626116569,-0.00010407125597065925,0.0031185553436339636,4448.36,2765.0455252705506,8761.818610890628,301,B0045,47,0.6572077690202801,4,0.607412466690106,0,1,0.6572077690202801,0.607412466690106,0.0009157274606536702
3.340602870094091,1.9951107736579323,4.165757111360098,0.4318667144643051,-0.6235638134980177,-1.0088647594062352,0.4877958772426371,9.539830147989116,16.435471374813734,2.709148318277686,-1.9634213798221514,1.5743038392789772,-9.398267454971578e-05,0.003083195294763769,4440.531,2769.1626546843772,8720.239270421547,305,B0045,48,0.6363517458476216,4,0.5881366621762071,0,1,0.6363517458476216,0.5881366621762071,0.005193025500322457
3.348511229053965,1.965197509539028,4.188761935596181,0.4215414528368804,-0.627718646983615,-1.0085879672096902,0.48666145551939943,9.436879605277216,14.7528730574534,2.6025747858474753,-1.9875749083749539,1.5778154660944619,-0.00010056371180944557,0.0031476890607668394,4416.547,2772.886818897876,8780.864094440994,303,B0045,49,0.6536449360948587,4,0.6041195824035112,0,1,0.6536449360948587,0.6041195824035112,0.0028581799246638175
3.3328844784891074,1.9820270227741767,4.188802708146619,0.43473899515488995,-0.6340722598435242,-1.0081206341074491,0.48488412192705393,9.4879310296259,16.57328291132994,2.7476623457765417,-1.996544490971164,1.5666387206887142,-0.00010282591239077508,0.003102801148005942,4382.937,2780.117053649888,8755.698265379597,300,B0045,50,0.6391428272150887,4,0.5907162689582044,0,1,0.6391428272150887,0.5907162689582044,0.0019512522623960082
3.3518219079975298,1.9731005832473116,4.18882331762149,0.41820342712286684,-0.626972097350462,-1.012324540932804,0.4868313640301289,9.300314416191522,14.528444176948046,2.579916102611295,-1.9863582077597886,1.5779974452273904,-0.00010142328181836157,0.003182281225971886,4347.453,2726.5248512514613,8638.82286200941,297,B0045,51,0.6482206049496236,4,0.599106241849149,0,1,0.6482206049496236,0.599106241849149,0.00042866160258581143
3.268327350028982,1.9974420919351863,4.189363830091343,0.440518731353031,-0.7596521990041524,-1.0095045117473536,0.43203770053968205,10.076022301978172,15.828293567742277,2.470649447336814,-2.3983827253221643,1.4175815203236235,-0.00012831011333963048,0.0034485410963623233,3581.188,2729.1985159562573,8617.514536027153,245,B0045,52,0.6287957471922729,4,0.5811531662440237,0,1,0.6287957471922729,0.5811531662440237,0.005682404365601435
3.3368580984170784,1.9759474231215743,4.087899947377259,0.42539364389148215,-0.5857626315966499,-1.0083299001575527,0.49551690280609645,9.254842453288928,15.05093934814998,2.890730866463376,-1.8193377865507592,1.5709219706799613,-7.15649010194801e-05,0.002951584091468335,4746.5,2779.2933365762683,8633.783524304376,323,B0045,53,0.6380571850193401,4,0.5897128836740565,0,1,0.6380571850193401,0.5897128836740565,-0.0003410878343437007
3.339305489603821,1.9944210992064384,4.164689190245494,0.44360092473166657,-0.6234849422351091,-1.0094473741371577,0.4878056565108835,9.58411609363967,16.878888140585346,2.839863433467297,-1.959636195569712,1.5741067122493337,-9.076237625321215e-05,0.0029752478651797606,4679.156,2916.3203358358255,9167.466247223967,318,B0045,54,0.6554825047832906,4,0.6058179222320509,0,1,0.6554825047832906,0.6058179222320509,-0.0003675137376863757
3.339570448565296,1.972391693643957,4.1883794105875705,0.44580086790729995,-0.625755737381111,-1.0100876092585305,0.48723923571582056,9.566905713744635,16.752865016509336,2.794371784948531,-1.9701883657257184,1.5764409514564082,-9.722916487605992e-05,0.0030529993551076753,4596.578,2877.055669691869,9059.610635147375,312,B0045,55,0.6484934835397033,4,0.5993584449808227,0,1,0.6484934835397033,0.5993584449808227,-0.001870131264922903
3.3451677206996573,1.9932621672542288,4.188367290905127,0.43930891860501536,-0.6206303941303277,-1.0110407655502038,0.4886410388334237,9.486246140892044,16.630725230629476,2.748601966606968,-1.9561881579044178,1.580673227298469,-9.838706323703423e-05,0.0030433110112646285,4544.641,2822.2648547045765,8897.61469513311,308,B0045,56,0.6454071687844921,4,0.5965059740472555,0,1,0.6454071687844921,0.5965059740472555,0.0005626872330263044
3.3544794166161487,1.9848873247448808,4.189241965038727,0.4308280846348997,-0.6149058946531849,-1.0078016297171766,0.48976691791138827,9.492943245052498,15.270710849004711,2.544810179329354,-1.9438033224661317,1.586408858700666,-9.853874140465778e-05,0.0030671618595992417,4526.938,2784.4173597226654,8802.895885363692,306,B0045,57,0.6427008031845645,4,0.594004664290574,0,1,0.6427008031845645,0.594004664290574,-0.0027810111984583052
3.3411905698302573,1.9683654551310577,4.189229122156955,0.441027346309686,-0.6208754134190153,-1.0081100082305772,0.48840080908120426,9.621291466671476,16.438070093673065,2.655077018956857,-1.9548484288437524,1.5787139223963025,-9.935068181860334e-05,0.003092588138928657,4487.438,2787.4044213959255,8777.824670913777,303,B0045,58,0.6352454880802477,4,0.5871142233205658,0,1,0.6352454880802477,0.5871142233205658,0.0005623393878184668
3.3372444928972818,1.9924043536128275,4.106243161598799,0.43514833284256044,-0.5953707956325988,-1.009973121232977,0.4937010114900618,9.480811280043975,15.659914658719188,2.668706720576031,-1.8526240237213913,1.571317839216004,-7.948169132158504e-05,0.003041466255706233,4513.312,2688.2677466894447,8366.834982671859,304,B0045,59,0.6156760019587869,4,0.5690274775497204,0,1,0.6156760019587869,0.5690274775497204,0.007961300564900742
3.3510332188429146,1.9776141524479487,4.132596928052376,0.43144453517213394,-0.5897510821772117,-1.0110530492189724,0.49476665047604446,9.448949676434,15.265721279585906,2.5887085007471473,-1.8467356316914219,1.5846665018601327,-8.485234523156785e-05,0.00304709629513542,4568.438,2694.6551642467625,8438.92015073243,307,B0045,60,0.6170833682807023,4,0.5703282105742334,0,1,0.6170833682807023,0.5703282105742334,0.006282023051800189
3.3573066817086326,1.996982635601323,4.18912672162077,0.43243595684153674,-0.612901822920554,-1.0077262022738762,0.4902168648146,9.522656892771677,15.459947276103474,2.519195217292027,-1.9366009830371504,1.5870263038946624,-9.814822310586558e-05,0.003077633880597756,4499.656,2759.9843149300114,8722.367970676938,302,B0045,61,0.6434227390858672,4,0.5946719005699871,0,1,0.6434227390858672,0.5946719005699871,0.000396885939724978
3.3367004271481884,1.9822999400765693,4.18937088770508,0.44586633305242196,-0.6232202673264151,-1.0088787623235531,0.4878683025512172,9.570096566546104,16.472719613709117,2.653406184068177,-1.9577017174837597,1.5743048232754828,-0.0001005680524117518,0.003086535418570327,4430.984,2763.6167794519956,8683.261268559756,297,B0045,62,0.6278124433742752,4,0.5802443653658993,0,1,0.6278124433742752,0.5802443653658993,0.0029776719620578486
3.3507625069372007,1.9703495135592828,4.189359078886884,0.4363658847129575,-0.6137007803105949,-1.0075105897625538,0.4899495025676609,9.488568418373822,15.321947787344948,2.527085954572064,-1.9344329198570527,1.5832475087054547,-0.00010042920828168039,0.003150682710180124,4411.141,2709.248055287681,8541.087941175536,295,B0045,63,0.6290078315253372,4,0.5813491813764755,0,1,0.6290078315253372,0.5813491813764755,0.0012475313109820974
3.3452602996349197,1.980504790064301,4.107093365455889,0.4386949639606151,-0.5721341781091527,-1.0068312874472778,0.49743233378333473,9.378195494421618,15.469187485474004,2.7516700116159587,-1.7736155294960656,1.5762707789555344,-7.231399560325386e-05,0.002901616644980232,4883.312,2793.5323550455596,8661.980299466608,325,B0045,64,0.6266355568292261,4,0.5791566491320995,0,1,0.6266355568292261,0.5791566491320995,-0.002191910974087841
3.3478192813331984,1.9754246490329652,4.165486716481237,0.4468777181665032,-0.6067408181545574,-1.0077613985685372,0.4912123891424891,9.495184531517388,15.90915813248566,2.646099776954671,-1.903452486796613,1.5811305071788555,-8.970215734792961e-05,0.0030230340356937695,4663.907,2831.454301553449,8884.955116939962,310,B0045,65,0.6495813516716594,4,0.6003638875464973,0,1,0.6495813516716594,0.6003638875464973,-0.006499596678191421
3.3500352436555985,1.9843068510361204,4.189250217496488,0.4490587941202833,-0.6091205801279866,-1.007878767792016,0.4909475346893865,9.474914433741436,16.128312311530546,2.70809147223716,-1.9148711076980696,1.5846881644580182,-9.787506320930394e-05,0.0030474746717008812,4581.328,2791.3049557225613,8775.98014537717,304,B0045,66,0.6337485177966306,4,0.5857306754451517,0,1,0.6337485177966306,0.5857306754451517,0.0019348442578473346
3.3590566596536764,1.9881721268958945,4.189075663187289,0.4422843518469912,-0.5996804433722752,-1.0110523170001116,0.4931125308328202,9.411639640493867,15.803292200329722,2.622232182322149,-1.8880210862312954,1.5918448725727479,-9.713656649561246e-05,0.003075626105738611,4553.031,2732.316639346445,8603.27386380524,302,B0045,67,0.6298550929085645,4,0.5821322474797331,0,1,0.6298550929085645,0.5821322474797331,-0.0004085299068578463
3.3495911750877263,1.9809529177782503,4.189728966453982,0.4435071876936871,-0.6062605227298314,-1.009350303830025,0.4914724738180639,9.476832839675836,15.46350630780127,2.609731270181066,-1.905166666168909,1.5842514247885031,-9.907710931984784e-05,0.003076805328453631,4486.5,2722.46271809271,8556.44655391728,297,B0045,68,0.6183063778386736,4,0.571458555173629,0,1,0.6183063778386736,0.571458555173629,0.0021402907373327283
3.3462597198775272,1.9697892783360584,4.189240671585531,0.45099308756754436,-0.6055249640579493,-1.0077970558442526,0.49177748359191076,9.49822266009937,16.26952559815265,2.719621872918208,-1.8989888030807853,1.5837552604544194,-9.848449892241823e-05,0.003130554563324588,4450.625,2696.981817413723,8458.34687790438,294,B0045,69,0.6069476168507777,4,0.5609604245132347,0,1,0.6069476168507777,0.5609604245132347,0.0039375879956896846
3.4409645322869102,2.1792997733612083,4.23781853684158,0.33232746015937215,-1.0031661082518326,-1.01435518394686,0.06407345776861419,9.035891964302168,13.880080551261509,1.7857483951526454,-3.448809196841821,0.398851688577776,-0.00031520424016589225,0.0006086658070019777,6436.141,6466.487521290782,22224.86869270155,490,B0046,0,1.7282392323598248,4,1.0,25,0,1.7282392323598248,1.0,-0.0
3.4252545586780085,2.1744736968146285,4.162338775528476,0.3240382986311047,-1.0024459582241103,-1.0149368694391114,0.0685874814152673,8.872109574065124,12.941526372487642,1.672891571055152,-3.43041659452723,0.400367502029771,-0.00034818940281813995,0.0006404942739531169,5650.265,5674.181222760008,19416.326557861554,429,B0046,1,1.5161488467923143,4,0.8772794983493625,24,0,1.5161488467923143,0.8772794983493625,0.21209038556751048
3.425904453303529,2.195666899317151,4.180873304847234,0.32557649993219817,-1.0023572232862559,-1.014076992350372,0.06901069925614796,8.6284456728549,13.359691095670462,1.8071380565871473,-3.4306285932111833,0.40234840109240655,-0.0003522383432806996,0.0006363019829235423,5590.907,5614.176536324734,19214.148067912203,424,B0046,2,1.503121190703977,4,0.869741389131376,23,0,1.503121190703977,0.869741389131376,0.1125590208279239
3.423608435843718,2.1796283675041006,4.182266567788393,0.3278278941096774,-1.0022919216677797,-1.0139326738131618,0.06937786567195105,8.63136091760955,12.683911154117247,1.7750318379403627,-3.428075117175215,0.4049169851516178,-0.00035807679584389445,0.0006506911748527851,5543.61,5566.4389827839905,19037.016793929473,419,B0046,3,1.48586566102824,4,0.8597569324932892,22,0,1.48586566102824,0.8597569324932892,0.08079119044386163
3.4211455348547464,2.1952581561866973,4.180656549578995,0.32966156654984013,-1.0022939530561292,-1.0141216340191552,0.06969389982223284,8.67696820980418,13.065399804685724,1.7083248273356437,-3.425573910225153,0.40693869167774216,-0.00035744765746117453,0.0006317310506488476,5499.046,5521.77381596045,18869.797803800866,415,B0046,4,1.4694562316392716,4,0.8502620494460146,21,0,1.4694562316392716,0.8502620494460146,0.06469575018013829
3.418211640329191,2.1940346005371705,4.180899052149243,0.3296981689014063,-1.0024377453810243,-1.0146327995843631,0.06997292040717905,8.714755394110101,12.802479603911388,1.7823871548717962,-3.423100683157138,0.40753553669217135,-0.00035982595442736264,0.0006319074479506709,5461.219,5484.653911654243,18726.86216810108,411,B0046,5,1.458955459264481,4,0.8441860547699462,20,0,1.458955459264481,0.8441860547699462,0.05385675461906878
3.3913871477101263,2.1978529182010296,4.121126965024616,0.3222078627624074,-1.0021665244093547,-1.0146720016504305,0.0702596518477059,8.941517894800649,13.585554405586658,1.934139569212134,-3.395425810245616,0.40114075148731493,-0.0003486460598543601,0.0006327768027244175,5451.281,5473.33651741581,18542.34601613647,409,B0046,6,1.4556853555098297,4,0.8422938955749567,19,0,1.4556853555098297,0.8422938955749567,0.012092698256496925
3.405195390316552,2.190965071547283,4.158094572470294,0.3337396410833955,-1.002235007588667,-1.0150359928774078,0.07022498876282673,8.956808204433374,13.94301293338268,1.7487417719205796,-3.4093631559980055,0.4106948007206437,-0.0003558615314813997,0.0006165910835174762,5468.062,5490.574866706926,18674.63793398341,409,B0046,7,1.456232262380321,4,0.8426103487952349,18,0,1.456232262380321,0.8426103487952349,0.009377785664731197
3.4089875975783017,2.1866396618663058,4.180141305155931,0.3347838829374165,-1.0021923537852624,-1.0152062278681104,0.07060791129977599,8.857079944726477,13.134169173843691,1.7871708772579353,-3.412895360866494,0.4123190140872727,-0.00036467971667302986,0.0006328448700482549,5411.297,5433.5467956697685,18501.319586999285,404,B0046,8,1.4440592236675138,4,0.8355667413565903,17,0,1.4440592236675138,0.8355667413565903,0.008361287472145217
3.405344636824463,2.183328288428697,4.179370029585307,0.33859194934471304,-1.002036442615774,-1.0155359732475864,0.0708829132744265,8.951187295260016,14.086951683642924,1.7906043513639591,-3.4086874987426565,0.4159203507204522,-0.0003681285492930922,0.000628365108373231,5369.703,5391.031091604531,18336.39363124512,400,B0046,9,1.428294264765868,4,0.8264447641404387,16,0,1.428294264765868,0.8264447641404387,0.008232393374680713
3.4032461605763142,2.169516718963703,4.178701514525068,0.3382523610266554,-1.0019449254309927,-1.0142040713603584,0.07129200319860898,8.966158040889411,13.314723048488911,1.8060601532498715,-3.4061912285143863,0.41609182897390995,-0.0003732492231370853,0.0006441632122963487,5327.406,5348.160382469588,18178.40428305218,396,B0046,10,1.4199848948034668,4,0.821636766609301,15,0,1.4199848948034668,0.821636766609301,0.00779411289220282
3.3967709514446076,2.1506636217123933,4.178686122362143,0.3444375115603829,-1.0019368953910395,-1.0140802271588931,0.07153298384314215,8.972930848723113,14.173291675329546,1.7758182829606313,-3.3996642386628673,0.42167083882715417,-0.0003790918069115806,0.0006463042078724929,5299.266,5319.954696383174,18048.202609804466,393,B0046,11,1.4043226018516568,4,0.812574194334267,14,0,1.4043226018516568,0.812574194334267,0.010272550731634578
3.3721964614287634,2.1813781395662764,4.104216707532647,0.3261895981863464,-1.0020744940471753,-1.0152535112311678,0.07115915122164963,9.032800036514974,13.959348125513564,1.9937188638969612,-3.3757401036216206,0.40498228806148456,-0.0003533116727940464,0.000617637918601258,5367.172,5388.778424714197,18151.706006362274,397,B0046,12,1.4234351301615986,4,0.8236331542005146,13,0,1.4234351301615986,0.8236331542005146,0.006559426443744476
3.3962096829403037,2.197114951660172,4.155511867054,0.3354824349037891,-1.0019365649129635,-1.0150882170381768,0.07099489495574869,8.8666091485246,13.523198161538613,1.8402490861450091,-3.3992285365383936,0.4130572207162822,-0.0003575464327961516,0.0006028291168736719,5406.812,5427.913292145069,18412.00707738723,399,B0046,13,1.4339948857967295,4,0.8297432779828061,12,0,1.4339948857967295,0.8297432779828061,0.0020128675741568625
3.3989726713804767,2.157995006136477,4.17891702072451,0.342779453664496,-1.0017349404979956,-1.0138597436043135,0.07154140825109408,8.91721938287038,13.750234723504356,1.8415229710460208,-3.4011762162856347,0.4202250194817439,-0.0003731896733022189,0.000630334300882173,5353.094,5373.0295184032075,18240.218997409676,394,B0046,14,1.4185177047756572,4,0.820787815838865,11,0,1.4185177047756572,0.820787815838865,0.0019553119980421753
3.39769311615204,2.198419108542039,4.178285871350945,0.33873781327021807,-1.001588196535767,-1.0144360732666853,0.07211743272575671,8.923958703020183,13.400973711086476,1.8697936767390662,-3.3992915269268966,0.4176773321750011,-0.0003705859270544346,0.0006186995478588977,5280.031,5299.174527081082,17982.57445402819,388,B0046,15,1.4056313337829422,4,0.8133314575110198,10,0,1.4056313337829422,0.8133314575110198,0.0028707122041049084
3.3923860221630204,2.151164339585934,4.178074763829319,0.34463156005118034,-1.0016469274447983,-1.014261294595994,0.07245757927642106,8.991317663963024,13.648707282364962,1.857894925035853,-3.394098957678673,0.4228087837463244,-0.00038194497967665854,0.0006377532910574044,5248.593,5268.060103489586,17847.59848160031,385,B0046,16,1.3890214025155618,4,0.8037205593457811,9,0,1.3890214025155618,0.8037205593457811,0.0030602398672189947
3.387564802409393,2.152208745567858,4.177918597629585,0.347537740041608,-1.0017210974492488,-1.014489076885478,0.07272619337844462,9.016720196858456,13.959820884900516,1.8290522818169372,-3.389475201378559,0.42554491801982175,-0.00038504797099327403,0.0006417436963129846,5203.375,5223.142831386736,17670.057483658424,380,B0046,17,1.3723339082737365,4,0.7940647814133248,8,1,1.3723339082737365,0.7940647814133248,0.01022024437757243
3.3755889260430436,2.165968185309718,4.151019587024004,0.3454299517233836,-1.0015714385037338,-1.0134987135278009,0.07315982263516758,8.999593683204713,14.349640095291218,1.8660032366666237,-3.3770364319065083,0.4244840394247649,-0.00037923764264872686,0.0006231166517888396,5166.812,5185.8459556256275,17480.44669366796,376,B0046,18,1.3615778905990563,4,0.7878410957838802,7,1,1.3615778905990563,0.7878410957838802,0.014483399039534639
3.3771442240108183,2.199378116446157,4.178852366259435,0.3471988973924628,-1.0017131896387048,-1.013723806647551,0.07202149127811634,9.073580268946476,13.720010432160604,1.8984179456160217,-3.379062211997617,0.42364518457288286,-0.0003651591806855115,0.0005948343014519887,5340.281,5360.336513324993,18077.385804792062,388,B0046,19,1.4100282016237429,4,0.8158755889937873,6,0,1.4100282016237429,0.8158755889937873,0.0016979006303828648
3.3739069772216053,2.1709534591124666,4.177296277706522,0.3515723712524985,-1.0014759387718013,-1.0133151573794763,0.07374779784012316,9.035703497783533,14.214578668306734,1.8155150794725927,-3.3748015161299794,0.43020358131556014,-0.0003883744156038307,0.0006203024059168721,5103.0,5121.516590290801,17254.854678928823,370,B0046,20,1.3395671374926488,4,0.7751051546628394,5,1,1.3395671374926488,0.7751051546628394,0.013212839258058695
3.3730377771688125,2.1705625280743464,4.176859724330072,0.34915371013625646,-1.001751590105337,-1.0145892320656984,0.07422699920764325,9.0428494070086,13.7206185074268,1.8434248951112466,-3.374843770485986,0.42945712264762437,-0.000392302269754037,0.0006341801213938531,5051.172,5071.012207488169,17080.429036970803,365,B0046,21,1.3291515487117478,4,0.7690784492242184,4,1,1.3291515487117478,0.7690784492242184,0.011973970760762809
3.361814920655554,2.1762627754763426,4.148811503971785,0.34836235373699836,-1.0013919768296455,-1.013852308100358,0.07454412264370576,9.103478864398264,14.307049577086085,1.8524947532324578,-3.362436395181276,0.428893950683312,-0.00038711785613080197,0.0006204183195846963,5027.563,5045.630555760879,16938.79465878249,363,B0046,22,1.3181687033905718,4,0.7627235157662043,3,1,1.3181687033905718,0.7627235157662043,0.010833040976632935
3.36759601245628,2.16031962283908,4.17607839536505,0.35039753354392483,-1.0012785845104528,-1.0149029063735249,0.07479096762269463,9.08626820310501,13.73206507015365,1.876803730735365,-3.36767038409846,0.43087285215289817,-0.0003988174414065458,0.0006447104690897819,4993.765,5011.241022486129,16852.35820064915,360,B0046,23,1.312423708466101,4,0.7593993261419322,2,1,1.312423708466101,0.7593993261419322,0.00983083642659106
3.3619567307164724,2.144904732455604,4.175479903911147,0.3558298131162476,-1.0011100184599881,-1.0129489271534275,0.0751181023601137,9.113491912356011,14.550153842364988,1.8796290561153122,-3.361369299428349,0.4354922628023946,-0.00040444518944688116,0.000644265084478405,4962.469,4979.101586849007,16714.28572910271,357,B0046,24,1.2993237532162487,4,0.751819382923096,1,1,1.2993237532162487,0.751819382923096,0.022140889681498833
3.360770876263507,2.196218583907234,4.175276949812811,0.3507027692758381,-1.0010016783342919,-1.013842187549723,0.0755086117723608,8.977476169539525,14.437029519118854,1.9828452523918954,-3.359753011982849,0.43180151026236496,-0.00039846918463092604,0.0006185578024268483,4907.859,4923.956562584646,16523.129627497496,352,B0046,25,1.2877483042174591,4,0.7451215549939245,0,1,1.2877483042174591,0.7451215549939245,0.010363766655037932
3.3581255157395584,2.1691838412748474,4.175506752243359,0.35089478259800383,-1.0011852000845294,-1.0136988771283435,0.07582102622657118,9.205520238536876,14.364000921258654,2.076349689460274,-3.357671367778386,0.4324878705487465,-0.00040556342303766675,0.0006579804799749511,4888.656,4905.605723345423,16449.29937929148,350,B0046,26,1.2865282739749122,4,0.744415616707313,0,1,1.2865282739749122,0.744415616707313,0.008524654947367117
3.347714666699619,2.1947559967284405,4.145965438635247,0.3491445701376315,-1.0010003485675925,-1.014252701339216,0.07604406631869383,9.14555330973735,14.693349843683665,1.9848581433436514,-3.3467261444562517,0.43128880493534516,-0.00039537277143271063,0.000612854767923638,4866.25,4882.348242619664,16319.546512713372,348,B0046,27,1.2719636386987183,4,0.7359881750641172,0,1,1.2719636386987183,0.7359881750641172,0.009241012938370697
3.353800882166825,2.1877179876194037,4.174989626740224,0.34999076900655496,-1.0010290829534054,-1.0140278357417702,0.07633470691042869,9.111354213090989,14.058016587648105,2.0126255676778837,-3.3527090812208034,0.4322434094676535,-0.00040531825134501495,0.0006496511421605979,4836.125,4852.394330154815,16249.230702018303,345,B0046,28,1.2714495345417192,4,0.7356907022678904,0,1,1.2714495345417192,0.7356907022678904,0.00819483478487637
3.350657273692142,2.1508230766314127,4.175655686812431,0.35468453445011466,-1.0009585460015413,-1.0134629302760532,0.0766594704309302,9.163824507961877,13.779152574880364,1.911117477413044,-3.349296998441507,0.43681305762029,-0.00041597617318070386,0.000657001309009217,4801.485,4817.3467380676975,16116.67518330325,342,B0046,29,1.2615423884659074,4,0.7299581937758316,0,1,1.2615423884659074,0.7299581937758316,0.0075562729500682655
3.349047830330531,2.190167787518222,4.174757798171361,0.3542335819797706,-1.0009004370775454,-1.014033434715715,0.07714527631142737,9.165326915001913,14.383739114376208,1.915585040546853,-3.347405765253438,0.4370940300772916,-0.000411390661836821,0.0006280980619630922,4760.938,4776.693570816934,15972.769092558026,338,B0046,30,1.2421201619204132,4,0.7187200352027421,0,1,1.2421201619204132,0.7187200352027421,0.009125628459409185
3.3446343037059103,2.18851427579806,4.175734259626989,0.3546864709704731,-1.0008534371371294,-1.014031038623518,0.0773762050967187,9.179753755489338,14.589504036127655,2.037174496179128,-3.3427741829055826,0.4376703917186618,-0.00041351159608755267,0.0006465320955125356,4740.907,4756.4239152301525,15884.01211088026,336,B0046,31,1.2402537441669796,4,0.7176400818499385,0,1,1.2402537441669796,0.7176400818499385,0.009254905961586513
3.3205030122204913,2.163748582486284,4.087128849753504,0.3411515185635458,-1.0011746350209894,-1.01490431160623,0.07618646797837002,9.27415763140438,13.891154624298236,2.1026533452660656,-3.3202979062690994,0.4246264227942373,-0.0003850970345172321,0.0006377614619625408,4914.532,4931.876710389993,16354.425926309998,347,B0046,32,1.2851130012242886,4,0.7435967064985156,0,1,1.2851130012242886,0.7435967064985156,-0.0026298725051140614
3.349264182688189,2.153820870810703,4.147121879450348,0.3542577553777758,-1.0011690143333174,-1.0140051761194069,0.07549293913937094,9.271981913108279,14.673096336965486,2.04906532649199,-3.3489243711237346,0.43463444723654593,-0.0003935628671289682,0.0006183788485618261,4998.656,5016.030542217861,16776.208506278515,353,B0046,33,1.3043327841699193,4,0.7547177264277919,0,1,1.3043327841699193,0.7547177264277919,-0.006576649925640022
3.3574536928825296,2.1856873619664867,4.17500990248918,0.3539215448292644,-1.0009996740645901,-1.0138060897113894,0.07632639707367735,9.033984664610193,13.896967367053858,1.890863884899757,-3.356375609111,0.43626645863964925,-0.0004009669852403415,0.0006088903435594974,4890.015,4906.435574754863,16449.01605365038,345,B0046,34,1.2778639041619957,4,0.7394022078859627,0,1,1.2778639041619957,0.7394022078859627,-0.0032643031392176614
3.3535254761184166,2.1586585951828057,4.175207914830006,0.3547163385613316,-1.0008611138640546,-1.0150239115464577,0.07675475520141557,9.172120651818531,13.908543615362126,1.9993949233257693,-3.351878163311873,0.43725230539031257,-0.0004109633470416477,0.0006521127472066949,4842.11,4857.855188471152,16267.726274603228,341,B0046,35,1.272346459165154,4,0.7362096840191669,0,1,1.272346459165154,0.7362096840191669,-0.0060452594489481815
3.347073227310051,2.149734467121552,4.174827125492382,0.3600341848804339,-1.000811467966266,-1.014982845931098,0.07719073587862811,9.093365400458568,14.617560660341365,2.024203726313366,-3.345158648858844,0.44207406590944565,-0.0004167275784517516,0.0006340065168218818,4798.281,4813.815773477643,16089.029329061717,337,B0046,36,1.2477883952768762,4,0.7219998087724714,0,1,1.2477883952768762,0.7219998087724714,-0.0015069302219793191
3.348504626898048,2.180494984747436,4.1748101416565255,0.3565937571742071,-1.000971558605881,-1.0139301973708983,0.07774016783021992,9.119927887302934,14.288124170416689,1.9247448496163877,-3.347066787508465,0.44040737171048305,-0.0004150525812301144,0.0006287574993906768,4739.188,4755.456926127234,15899.353568450171,332,B0046,37,1.2352499196655526,4,0.7147447509213642,0,1,1.2352499196655526,0.7147447509213642,0.009972616311747196
3.3328169133314747,2.1583931144361963,4.144890688492612,0.35774403706385666,-1.0007926094103774,-1.013587060727205,0.07791513996961526,9.185345552194319,14.875868929885128,2.054836998733411,-3.3308585051808426,0.4412506530748616,-0.00041412153680440934,0.0006309016499774724,4733.156,4748.665288534157,15802.496518533724,331,B0046,38,1.229251291851949,4,0.7112738033226265,0,1,1.229251291851949,0.7112738033226265,0.015016298463594068
3.343773088070051,2.1973084174346607,4.174530382960434,0.35301114494059443,-1.0006667122739987,-1.0133237853999737,0.07842886857522478,9.156968538676207,13.880179808466218,1.9589930590596918,-3.34118417230337,0.43833906537241446,-0.0004172336861091014,0.0006412865951777243,4670.61,4685.4819280093925,15643.478082247817,326,B0046,39,1.223890910501634,4,0.7081721601878415,0,1,1.223890910501634,0.7081721601878415,0.010794598732072336
3.33676988143417,2.194834923129504,4.1743300924480256,0.3581167078199952,-1.0004434396725717,-1.0129735089678258,0.0789164978401347,9.08775088318824,14.631961684725407,2.0215971104628943,-3.3333483450105525,0.44318374386617654,-0.0004209900253386086,0.0006397581663761569,4635.0,4648.884685887546,15488.133519154915,323,B0046,40,1.205423323571373,4,0.6974863786221467,0,1,1.205423323571373,0.6974863786221467,0.013384627118756232
3.333058450714012,2.153169565361056,4.173688629517977,0.3620655963278742,-1.0004321685718414,-1.0140945273469484,0.07912574228229924,9.184456763175827,14.768164211079869,2.0729029970952686,-3.3295316352021604,0.4464438795391514,-0.0004315077885641303,0.0006523969795101005,4615.86,4629.723269569768,15406.687261458184,321,B0046,41,1.1957824090008151,4,0.6919079179611226,0,1,1.1957824090008151,0.6919079179611226,0.010401197255212224
3.3307168993094938,2.1789077465484965,4.174343502341572,0.36076542207230294,-1.0004986868063772,-1.0146645679773671,0.0796511201431181,9.215049403610458,15.037938036453404,2.086736220040668,-3.327365049370807,0.4465450227650489,-0.00042923266988683777,0.0006504469396011479,4580.75,4594.9397076472,15280.18033596138,318,B0046,42,1.190072949669846,4,0.688604290069761,0,1,1.190072949669846,0.688604290069761,0.00903539399914135
3.3218468956700393,2.16713614374112,4.14222437268915,0.3569229864598587,-1.000373674220122,-1.0135210185380688,0.07983213237535938,9.185331012909922,14.290141125898849,2.003829569165328,-3.3181803821889417,0.4434401016281415,-0.0004268549247552847,0.0006335812807978109,4557.406,4571.039463321247,15160.329503055415,316,B0046,43,1.179201763233652,4,0.682313965077341,0,1,1.179201763233652,0.682313965077341,0.010009905723659385
3.327359417043662,2.175632256591337,4.173393414123743,0.35978797674114443,-1.0001870072907715,-1.0128647179210617,0.0801979522816562,9.046655941616262,13.996450231420782,2.0227183057156797,-3.3228344504264866,0.446208226374224,-0.00043486761096253867,0.0006491704632326129,4524.032000000007,4536.903858150083,15071.219061078918,313,B0046,44,1.169504032514554,4,0.6767026292521171,0,1,1.169504032514554,0.6767026292521171,0.010877375597415995
3.3259632346577273,2.199283556452788,4.173536996898156,0.3592356725099358,-1.0001225394585929,-1.0135831957851476,0.08042242704077106,9.26195924957788,14.935082428364884,2.09138909971099,-3.321193449186708,0.44610559809811606,-0.0004320804936208386,0.0006425352618158941,4502.938,4515.418265468298,14993.75097122436,311,B0046,45,1.16772376849918,4,0.6756725264850695,0,1,1.16772376849918,0.6756725264850695,0.007539911014438605
3.322240958381916,2.176786994904175,4.174582549013794,0.36312314783425154,-1.0001481029921278,-1.0125088172166772,0.08061127299938986,9.252994157098664,14.99164974108056,2.061472547169968,-3.3174796027592435,0.449292812141943,-0.0004388587690643514,0.0006539805925578355,4483.094,4495.751726218263,14911.678887067934,309,B0046,46,1.1579256145829042,4,0.6700030834283367,0,1,1.1579256145829042,0.6700030834283367,0.00757135888358218
3.325985699672719,2.19883821425474,4.174588307825947,0.3599945124954452,-0.9999638117239763,-1.0140396121078876,0.08184940740015167,9.26310734626783,14.811846373564524,2.0664411982084756,-3.320475921092617,0.44938568315449773,-0.00043669055258453975,0.0006501382395583111,4448.36,4460.796309382903,14798.781130876148,301,B0046,47,1.1499812813376982,4,0.6654063047553063,0,1,1.1499812813376982,0.6654063047553063,0.008018333666429544
3.3114789937571287,2.165246924019346,4.140409334076233,0.35618825635711365,-1.0003136352879307,-1.016160339741845,0.0812016278894991,9.331127163327569,14.247555903096725,2.0697591304506906,-3.307348978426513,0.4446225906100898,-0.0004379327099024394,0.0006660917024094487,4440.531,4454.036160912203,14726.16402659091,305,B0046,48,1.150285902223034,4,0.665582565587506,0,1,1.150285902223034,0.665582565587506,0.0057831722021235875
3.3170441017303047,2.159522238937832,4.1724288341154105,0.3642671793472577,-1.0001598810351362,-1.0136323841516852,0.08145426677802395,9.266824205941363,14.332240013732582,1.9591872002745685,-3.3122307380004443,0.45183211898724446,-0.0004490319293685906,0.0006527061984571494,4416.547,4429.425226750238,14668.337907778092,303,B0046,49,1.1349452274085248,4,0.6567060891557319,0,1,1.1349452274085248,0.6567060891557319,0.006911761021205854
3.314496922697215,2.1831972567411246,4.172310550176221,0.35902528866351713,-1.0002538884639347,-1.0151417452145364,0.08183700858361591,9.20992133972331,14.276871638701772,2.1458524791890383,-3.3098817377282352,0.4477943433979144,-0.0004475141486529465,0.0006627456825538716,4382.937,4396.26027501359,14548.028373728212,300,B0046,50,1.1380960963513609,4,0.6585292562750975,0,1,1.1380960963513609,0.6585292562750975,0.005925534429563806
3.315933995614132,2.191895759269081,4.1745648072291,0.3592864361520222,-1.0001281764463046,-1.0129399611534418,0.08223855570993004,9.1721362476023,13.777310967702926,1.9961590011636077,-3.310871908429802,0.44902112631616714,-0.00044837551417695344,0.0006614016085302541,4347.453,4360.268395830353,14434.16899864619,297,B0046,51,1.123711172150547,4,0.6502057997006441,0,1,1.123711172150547,0.6502057997006441,0.006842888486471433
3.2963331961890048,2.198908641131297,4.101731329888953,0.35491419416905207,-1.0007810921100906,-1.0136804581659815,0.07889710257319592,9.25834987796474,14.96165525093106,2.1708109605642374,-3.2942376708372594,0.4393074408977609,-0.0003925744964983666,0.0006032862046847554,4746.5,4762.488448295895,15675.100786240324,323,B0046,52,1.214119211354098,4,0.7025180244845376,0,1,1.214119211354098,0.7025180244845376,-0.012827586003279956
3.3205927834140843,2.1759612427269523,4.14324574268369,0.36097943937380167,-1.0005274848759138,-1.0138752417282513,0.07949324375293584,9.311634785976043,14.622124863653871,2.118383562065381,-3.317452183126461,0.44592003521326584,-0.00041366805327390553,0.0006187562354189223,4679.156,4693.987110981965,15563.420760146422,318,B0046,53,1.211944797522819,4,0.7012598573335063,0,1,1.211944797522819,0.7012598573335063,-0.012331779059956994
3.3321448974569696,2.1740843812957524,4.174381858889519,0.36064374813605965,-1.0003494909916653,-1.0134453544249995,0.08027044818026421,9.306501252940654,14.181162993443126,2.0421759435929774,-3.3282052712826795,0.44753201273136267,-0.0004293269656096324,0.0006428935142397642,4596.578,4610.57285617431,15340.645357084137,312,B0046,54,1.1971248679331925,4,0.6926846963765415,0,1,1.1971248679331925,0.6926846963765415,-0.012435928104933547
3.3300589536831566,2.1699286892596934,4.173792780760516,0.36192951663404355,-1.0001304668043078,-1.0132265455749991,0.08071758569103585,9.361883663268088,13.989284902759552,1.97796693134985,-3.3253027733921527,0.44912903661526193,-0.0004343919470217713,0.0006376046082596127,4544.641,4557.596049235948,15154.381677625612,308,B0046,55,1.1822892151870987,4,0.6841004376302356,0,1,1.1822892151870987,0.6841004376302356,-0.008838623767147568
3.326398154149516,2.15658205310809,4.174292933831419,0.3678841176963526,-0.9999751500715209,-1.0127770109447685,0.0810515332474906,9.565977385225588,15.042601535042603,1.9892990423092576,-3.3210652620540952,0.45443748023700414,-0.00043939423394989886,0.0006385223181298125,4526.938,4539.3159488662795,15076.483833985803,306,B0046,56,1.1645336676778395,4,0.6738266588750718,0,1,1.1645336676778395,0.6738266588750718,-0.00816449910545849
3.324081152870965,2.159229413482601,4.174080626824366,0.36732409450287556,-1.0001108627417226,-1.0138936920010262,0.08142925267707737,9.613253810213061,15.027421071078606,1.9892307142318142,-3.3191254285900293,0.45454311902827715,-0.00044221479535414595,0.0006416456185911535,4487.438,4500.393950499954,14936.604619648519,303,B0046,57,1.1535559567518647,4,0.6674746962992741,0,1,1.1535559567518647,0.6674746962992741,0.012112650920446643
3.2901896835135895,2.1981836512731,4.089380393518967,0.35183803592025376,-0.9997380074680035,-1.0184755755177433,0.0812993883182785,9.659706152498446,14.577396723095212,2.1558649030733887,-3.2843364038236103,0.4404773403417586,-0.0004120810822666712,0.0006111158436150882,4513.312,4524.661441054457,14865.094352688924,304,B0046,58,1.1601987101282063,4,0.6713183501476312,0,1,1.1601987101282063,0.6713183501476312,0.010349217478922545
3.3123680120679446,2.172247401410494,4.142442473931475,0.3658150654960674,-0.999942885934547,-1.0139384129430251,0.08093119762036177,9.660074492266734,15.36587842843583,2.1058765549860334,-3.30707771571243,0.45223513141403154,-0.00042446457850431855,0.000610558121121204,4568.438,4580.7010482371115,15149.914410836862,307,B0046,59,1.1711716308206082,4,0.6776675409812515,0,1,1.1711716308206082,0.6776675409812515,0.00519064742251687
3.3202672940295272,2.167855497701561,4.174041322689958,0.3690492673530547,-0.9999545027275712,-1.0134236160019647,0.08156381044327152,9.610732084606383,15.29268403662172,2.060919028817458,-3.314776728984059,0.4561161029074203,-0.0004394206638740451,0.0006298941715682963,4499.656,4512.080985256007,14958.60815361316,302,B0046,60,1.1563410270783216,4,0.6690862037076866,0,1,1.1563410270783216,0.6690862037076866,0.005189637621755417
3.3220005581957603,2.197413864039741,4.174154842675988,0.3638478320634991,-0.9997765998111345,-1.012621804825029,0.0821859626988051,9.509606751933422,14.698902260428524,1.9718815350945709,-3.315791477854161,0.45275681022393593,-0.00043896939559526384,0.0006260864705462704,4430.984,4442.584447289641,14735.57156468185,297,B0046,61,1.141082456193516,4,0.660257234546993,0,1,1.141082456193516,0.660257234546993,0.004690242296864699
3.316995919062792,2.1808859045895868,4.173817719824036,0.3675697555818649,-0.9995908082297772,-1.0138097315277292,0.08253616644055925,9.55376799961061,15.066788669768552,2.018984936535345,-3.310109640671331,0.456245526300304,-0.0004451158808000864,0.0006314536157188518,4411.141,4422.066466907812,14645.193362093174,295,B0046,62,1.1352383596118123,4,0.6568757023654074,0,1,1.1352383596118123,0.6568757023654074,0.0036635194280104865
3.304824958917925,2.1634350552847827,4.122428601972404,0.3623258951821804,-0.9999417105324964,-1.0118756251887793,0.07865923064170964,9.689325427035971,14.884443210062466,2.097922467374811,-3.2998860856398577,0.4448242571446216,-0.0003939490051008456,0.0005955860667602045,4883.312,4895.8094308906975,16155.596970980145,325,B0046,63,1.2530847858282803,4,0.7250644253210565,0,1,1.2530847858282803,0.7250644253210565,-0.018577215140014803
3.3235919579934095,2.1839323108066178,4.143823070139112,0.36234904427173076,-0.9998017376659812,-1.012656973957246,0.08058463065897224,9.54652406934783,14.454392118638458,2.032656772187091,-3.3178978277110174,0.44905275693147456,-0.0004137167750350356,0.0005949911412274387,4663.907,4675.755101667148,15518.352748309364,310,B0046,64,1.2050453590356518,4,0.6972676794231909,0,1,1.2050453590356518,0.6972676794231909,-0.006774745643008728
3.3336764636844887,2.196284886273677,4.173823759594136,0.3617192117816279,-1.000249176467669,-1.0140280598156248,0.08141390417024365,9.486110245180768,14.172939173239188,2.014600657481199,-3.3293311520419846,0.4511449589662251,-0.00042530608706230905,0.0006131423181747968,4581.328,4595.279698396165,15296.85139283941,304,B0046,65,1.19119860196273,4,0.6892556190477215,0,1,1.19119860196273,0.6892556190477215,-0.006971514976881687
3.32512940887575,2.1526544597098902,4.174042864835579,0.3698193105366857,-1.0000755059089512,-1.0143271740416917,0.08160712736582586,9.528985199683015,14.797843662102167,2.0906892616556627,-3.320114434919181,0.4574644685424247,-0.0004381135458110017,0.0006282351218650486,4553.031,4566.2599044713415,15161.28873310495,302,B0046,66,1.17463817374538,4,0.6796733645153222,0,1,1.17463817374538,0.6796733645153222,-0.006711143510372786
3.3265245824041667,2.1963314779954723,4.173923325104936,0.3660917892383615,-0.9996836231447859,-1.0135805482915097,0.08220930319925739,9.519831150565885,14.86814851282613,1.9472397592492694,-3.3200865328997584,0.4552859947990873,-0.0004341026599484751,0.0006088317113861181,4486.5,4497.993030776216,14940.066495479507,297,B0046,67,1.1555432048235512,4,0.6686245649253746,0,1,1.1555432048235512,0.6686245649253746,-0.004060969042347784
3.325662411014798,2.189500804437932,4.174510564064746,0.3629951732612294,-0.9996591394483646,-1.014505539753993,0.08260493544791198,9.50863223906921,14.051631055988958,1.982043030426371,-3.3190548313070294,0.45327496405939766,-0.00043934101634265156,0.000637024350631366,4450.625,4462.092472838982,14816.430806665587,294,B0046,68,1.1538041170229467,4,0.6676182876878015,0,1,1.1538041170229467,0.6676182876878015,0.019856133761066718
3.4752664759657903,2.470611866932728,4.246764125510136,0.28433499707641363,-0.9527668403077523,-1.00110134824347,0.20124197190332235,8.272422519178683,12.376815880696888,1.453783057648066,-3.3177181134270195,0.7522619599123304,-0.00013942049197381644,0.0013938266660546204,6436.141,6141.362437677236,21377.077189086587,490,B0047,0,1.6743047446975208,4,1.0,24,0,1.6743047446975208,1.0,-0.0
3.4765588189090355,2.477661652422805,4.186635709569866,0.27217713912606145,-0.9838885014038209,-0.9981417400029184,0.10658325200189397,8.210715424489035,11.314903320182369,1.2387148677454765,-3.420103574838843,0.4548181139344697,-0.0001793564222232187,0.0015047412179910824,5650.265,5574.728528076537,19371.63972890373,429,B0047,1,1.5243662105099025,4,0.9104472858585215,23,0,1.5243662105099025,0.9104472858585215,0.14993853418761827
3.4707669643372343,2.4707098734854784,4.199922751479228,0.2782061491833235,-0.9838892612061609,-1.0003069695936524,0.10718817178967104,7.954455063989402,11.624528187721143,1.4152104627183466,-3.4142897626363555,0.4596021477317363,-0.00018436057879725327,0.0015176785952045499,5590.907,5516.34728193396,19136.180295034235,424,B0047,2,1.5080762969973425,4,0.9007179259172385,22,0,1.5080762969973425,0.9007179259172385,0.08311422385008915
3.4675514337042928,2.465457800547402,4.199568876812779,0.27808334092416015,-0.9789465319710104,-0.9982799264042614,0.12734717235771573,7.985864710265717,11.0929238810592,1.3765134444342424,-3.3951188046518137,0.5173561954743624,-0.00017252938151530406,0.0015982254292002084,5543.61,5441.842859401604,18865.97851073961,419,B0047,3,1.4835577960067696,4,0.8860739364832826,21,0,1.4835577960067696,0.8860739364832826,0.06358231623025039
3.4628386272032645,2.465765118194009,4.1993968014662295,0.28224384870130087,-0.9762620303137102,-0.9986834889880236,0.13660538733448188,8.009426990342208,11.020979145558456,1.321759611099181,-3.381618691985785,0.546652299096724,-0.0001692305098412393,0.0016103933843177015,5499.046,5382.867299248733,18638.280013006355,415,B0047,4,1.4671391666146525,4,0.8762676993307483,20,0,1.4671391666146525,0.8762676993307483,0.05179139452071707
3.4591836330966035,2.4700482803033514,4.198907847432783,0.2805787826778443,-0.9711681299821951,-1.0016128378277855,0.15301517407145637,8.033626730077737,11.05909419348262,1.3591661687809755,-3.361068679139604,0.5953638417494727,-0.00016159912027294274,0.0016360487600341467,5461.219,5317.289476958342,18395.89114981446,411,B0047,5,1.448858156982267,4,0.8653491316743638,19,0,1.448858156982267,0.8653491316743638,0.04508931754305077
3.440865649757287,2.484128874181115,4.163303236325632,0.27683465141748076,-0.9709334670284248,-0.9983585499996894,0.15342464945356454,8.150799939416203,11.877028657628198,1.5119045013973855,-3.342391411893476,0.5922777425631154,-0.00015859897284315716,0.0015589943685521048,5451.281,5306.697861422173,18261.652979117,409,B0047,6,1.4458534180949325,4,0.8635545128053375,18,0,1.4458534180949325,0.8635545128053375,0.015702558482994
3.44810227661685,2.483034750266961,4.181797294694067,0.28290323875304185,-0.9610547420763002,-1.001368895703553,0.18050806944423764,8.230899786348077,11.559250858608888,1.3209744547635303,-3.3162864197886472,0.6805476449944698,-0.0001490518635665972,0.0015975199119716143,5468.062,5267.348534136819,18169.41670359861,409,B0047,7,1.431118266178283,4,0.8547537541839961,17,0,1.431118266178283,0.8547537541839961,0.015391606163811878
3.4496654644975946,2.49830336362436,4.197837203348764,0.27977111975208924,-0.9582923588349711,-1.0008569581108415,0.18771850959733916,8.146945225413083,11.34743713793976,1.3762753118274,-3.3079318455125692,0.702312373054401,-0.00014853688155433805,0.0016209808138691719,5411.297,5197.682614726638,17936.226562573785,404,B0047,8,1.419274551657853,4,0.8476799436617847,16,0,1.419274551657853,0.8476799436617847,0.012856648869783304
3.4449123724079618,2.49851157426792,4.197777018222757,0.2850824520913082,-0.9553719838321842,-0.9983176454232487,0.1946897334358615,8.251894856354932,11.693269060729056,1.3495251212887043,-3.2933578490005173,0.7258333352605847,-0.00014813187957065152,0.0015991676273854226,5369.703,5142.029788805898,17719.426816005405,400,B0047,9,1.3999974221808271,4,0.8361664306420813,15,0,1.3999974221808271,0.8361664306420813,0.013428348886765074
3.4418308643708455,2.4919375577484737,4.197306543877358,0.28221806463046634,-0.9527836491780217,-0.9987614170997864,0.2013646100471934,8.23497518866995,11.557441727679937,1.4080615390183822,-3.281330635829914,0.7456203763967484,-0.00014462097141392075,0.0016558591100601144,5327.406,5087.241067208179,17513.905432282292,396,B0047,10,1.3885156686114437,4,0.8293088059439815,14,0,1.3885156686114437,0.8293088059439815,0.012068497674164647
3.4344681780842876,2.4683068422721184,4.19770091242359,0.2907259406499872,-0.949814677088373,-0.9997148821455012,0.20753634887068967,8.269239827690175,11.667407771157473,1.3515926065298642,-3.2640266750957894,0.7670586804853291,-0.000144371190080155,0.0016715973118768775,5299.266,5044.469438128587,17329.203945319598,393,B0047,11,1.3652234669528964,4,0.8153972395267488,13,0,1.3652234669528964,0.8153972395267488,0.016125990228407217
3.430115214310407,2.479195639185483,4.1533796403143945,0.27311720626695946,-0.962374774611937,-0.997480494103194,0.17682201780683054,8.236583239584068,11.311016339650983,1.5394563290627714,-3.3032020983213246,0.6619872998615794,-0.00014976458459903965,0.001590780624945756,5367.172,5178.344399756555,17768.194700795553,397,B0047,12,1.4060442272970963,4,0.8397779626140351,12,0,1.4060442272970963,0.8397779626140351,0.005014807776237351
3.442078085056046,2.4933737831605582,4.1809212253928045,0.27902708249350994,-0.9528782892582865,-0.9986334774069276,0.20051609910107937,8.16126508624072,11.175603921563273,1.4132538113349646,-3.282164108125107,0.7418489603267675,-0.0001419205184114999,0.0016170017872049215,5406.812,5163.786326481762,17780.477014866083,399,B0047,13,1.405754161352578,4,0.8396047170054104,11,0,1.405754161352578,0.8396047170054104,0.0027040780610550373
3.4424678812268277,2.491571322470993,4.198049966629152,0.28251007358934205,-0.9497638833815831,-0.9987804112417712,0.20734894649892138,8.25301239256121,11.15023736338702,1.4096147969417179,-3.271566678078065,0.7649785787550004,-0.00014325566819493792,0.001640405813812278,5353.094,5095.457367437213,17546.167945920748,394,B0047,14,1.3867662881727878,4,0.8282639660220997,10,0,1.3867662881727878,0.8282639660220997,0.002646226801607865
3.4338551425476287,2.471859124111365,4.19764856730434,0.28675476453100107,-0.9517106306260905,-0.999389466856038,0.20339936422743216,8.291638340695691,11.81131136026599,1.503935634229976,-3.269925970762277,0.7520871139440329,-0.00014800216569526398,0.0016594408643700138,5280.031,5036.955649037001,17300.661271735786,388,B0047,15,1.3705053061420225,4,0.8185518857796807,9,0,1.3705053061420225,0.8185518857796807,0.003602072493884245
3.4327517306039357,2.488914813470205,4.1969633661005,0.2837963895568055,-0.9434304652541514,-0.9976329826755008,0.22036136794575611,8.318107121376224,11.699803023226297,1.478801961090949,-3.2397107602117203,0.8050764340486163,-0.00014064057082884595,0.0016665072130064296,5248.593,4962.4330294769225,17034.82969632079,385,B0047,16,1.34974311148236,4,0.8061513985174807,8,0,1.34974311148236,0.8061513985174807,0.0030960710941073
3.4273855541261473,2.472852533936716,4.196227134476293,0.2878272123291579,-0.9400482502771171,-0.9979036135281564,0.2268732596162597,8.303021352537922,11.234017863419322,1.4062732920825805,-3.2225912368188396,0.8264007162492263,-0.00013820333094620207,0.00170898297249539,5203.375,4902.164108594324,16799.211176478668,380,B0047,17,1.3251533367939785,4,0.7914648399526456,7,1,1.3251533367939785,0.7914648399526456,0.016178178100623563
3.4184685184601045,2.4822189935935484,4.176260352394772,0.2885868788232025,-0.9371553622323052,-0.9983031482652808,0.23315004234951897,8.32601397527908,11.729632241368254,1.4079811515920417,-3.2035518454615644,0.8449603118069989,-0.0001321441897337765,0.001690314930669553,5166.812,4852.112397585477,16579.488839266698,376,B0047,18,1.3111943869635805,4,0.7831276779905801,6,1,1.3111943869635805,0.7831276779905801,0.018911954877799488
3.4156755122328164,2.481264290061195,4.199835388165491,0.2913387097780891,-0.9234823229846594,-0.9989433150461876,0.2570770290030893,8.388106987601862,12.186162994585318,1.534862052875029,-3.1527889934388473,0.9222262299619983,-0.0001263103423717186,0.0016442531735593987,5340.281,4939.823488346363,16859.208406471207,388,B0047,19,1.3394234405932892,4,0.7999878426165894,5,1,1.3394234405932892,0.7999878426165894,0.009468569515899717
3.4189443106786306,2.487540187711501,4.195847527614419,0.2885981410630757,-0.930472095057463,-0.9988068791837494,0.24459607106311157,8.304841644444155,11.147409475641334,1.355990395864389,-3.1797175079236455,0.8815518486081947,-0.0001325913111264932,0.0017228060597409556,5103.0,4757.864382585845,16253.553041437002,370,B0047,20,1.2849157142560723,4,0.7674324034052742,4,1,1.2849157142560723,0.7674324034052742,0.017117918377190032
3.4147835574863517,2.4907582384317,4.195387366763826,0.2873263908738879,-0.9322821459755778,-0.9985415333431112,0.2413148982380613,8.319029412369582,11.681014963080823,1.440021956610382,-3.1819840233740613,0.8697050305901511,-0.00013579725467349456,0.001714213809032995,5051.172,4718.887354504969,16100.706920964996,365,B0047,21,1.281719159327807,4,0.7655232199436679,3,1,1.281719159327807,0.7655232199436679,0.013604790430910585
3.409591730169167,2.493163832069928,4.174064296873529,0.2864319849937852,-0.9267897523084677,-0.9978750591581058,0.2514114263675573,8.401755924951388,11.29683746494969,1.3686964068048468,-3.1571815912706955,0.9004456325322118,-0.00012670639632276538,0.00173031226522628,5027.563,4668.869983508277,15899.940942691052,363,B0047,22,1.2600051642942829,4,0.7525542576909527,2,1,1.2600051642942829,0.7525542576909527,0.013029634499939125
3.407645240350967,2.479240941037315,4.194958886516552,0.29056442416523226,-0.9316504925123936,-0.999192550425453,0.2428919464944617,8.395347720509116,11.88239860330653,1.463571529517149,-3.172751832962822,0.8737709253013807,-0.00013459319909942736,0.0017527011026160404,4993.765,4662.686715681128,15874.289426071127,360,B0047,23,1.266070385993126,4,0.7561767892032425,1,1,1.266070385993126,0.7561767892032425,0.00902480019409091
3.407201115194828,2.4915265338912347,4.194794488425212,0.29229417940297314,-0.9255669375549472,-0.9986749467627316,0.2532228197643199,8.419292173692186,11.79170575767619,1.4215331549150718,-3.1502283877581854,0.9073441819635489,-0.00012993678530322936,0.0017548360733252721,4962.469,4602.454790236428,15659.188757328167,357,B0047,24,1.2413590294280803,4,0.7414176143019554,0,1,1.2413590294280803,0.7414176143019554,0.019612882233041785
3.402851724115477,2.495727313119633,4.194210512385239,0.2916749413758398,-0.9273633082574366,-0.9974120790687706,0.2501628083170414,8.293327119939335,11.72661603963688,1.5687506914712332,-3.15198078738924,0.896040315931297,-0.00013211312414785714,0.0017562170520915889,4907.859,4561.30715687874,15497.800602513185,352,B0047,25,1.2298873703485311,4,0.7345660186674811,0,1,1.2298873703485311,0.7345660186674811,0.011005668781508238
3.398740761774466,2.4979742120513757,4.19378669081209,0.29310708428014587,-0.9267828902753352,-1.0012611494596309,0.250818708901862,8.49190236531868,12.464631760563272,1.6734213287427282,-3.1461025248570476,0.8975567912117827,-0.00013141242395718337,0.0017466426389047588,4888.656,4540.894444021022,15409.72363428219,350,B0047,26,1.228088614506696,4,0.7334916886522722,0,1,1.228088614506696,0.7334916886522722,0.010726108964222191
3.3945066004903923,2.495109477398993,4.1718864589662426,0.2907595352551611,-0.9236824517720293,-0.9975908962365796,0.25636041029447065,8.437149776270967,11.863547747838409,1.5225554999338935,-3.1307964214547597,0.9134852702966716,-0.00012569547290143966,0.0017585204589829657,4866.25,4504.65317313029,15262.53718794927,348,B0047,27,1.2139857189070042,4,0.7250685532318206,0,1,1.2139857189070042,0.7250685532318206,0.00920388907745573
3.39192930556013,2.4851956352139384,4.19388971043665,0.29686961932360884,-0.9289085100178415,-0.9986484518139436,0.24762784604719698,8.429621946088576,12.460832791038596,1.6278318211595446,-3.146842490631528,0.8868008842577721,-0.00013338783780044588,0.0017708574593713754,4836.125,4502.7735452267825,15248.869905096386,345,B0047,28,1.2173435064564189,4,0.7270740349459761,0,1,1.2173435064564189,0.7270740349459761,0.009745375907341414
3.39128980672992,2.4873308484835266,4.193873318394839,0.2952361690401796,-0.9282275865985665,-0.9987472813404836,0.24854364513954444,8.46306110156025,12.213639136225725,1.5077728364007719,-3.143777374910199,0.8890410704068882,-0.0001360607931993007,0.0017635049904869357,4801.485,4467.122897100235,15124.799185202704,342,B0047,29,1.2073445944515917,4,0.7211020564059323,0,1,1.2073445944515917,0.7211020564059323,0.0068028869952977186
3.3932667889977304,2.488620645344286,4.193344395761288,0.2935425150923969,-0.9244391789678553,-0.9988826270225112,0.25489687343946904,8.459204966688853,11.534784991217848,1.4601902061371372,-3.1316583453208544,0.9090107679293944,-0.0001320161077499199,0.0018096185787739672,4760.938,4411.859516207271,14940.962860291853,338,B0047,30,1.18804049227045,4,0.7095724335924766,0,1,1.18804049227045,0.7095724335924766,0.008369375615616237
3.3838600818009588,2.476969143594387,4.19356398488292,0.300132596908711,-0.9270544586298616,-0.9976143324063644,0.2506449170321967,8.493224799915222,12.42977502748968,1.6123028029341702,-3.132058125674601,0.895291517886601,-0.00013408855264409052,0.0018130045147712803,4740.907,4405.764610266198,14880.52507073823,336,B0047,31,1.186304749886542,4,0.7085357391738499,0,1,1.186304749886542,0.7085357391738499,0.008356772924030809
3.3866520851320576,2.4790054948940434,4.142510591712848,0.2847952352538696,-0.9460868598841972,-0.9986321522662404,0.21421364012038846,8.466232868159803,12.428323073625249,1.6019918965639897,-3.2035902304616766,0.7762287111685896,-0.00013881781663576713,0.001704683637318124,4914.532,4662.5595080602,15783.053762665913,347,B0047,32,1.2613935471028506,4,0.7533834871445302,0,1,1.2613935471028506,0.7533834871445302,-0.009481565639169265
3.402095154295076,2.479600589435018,4.174381011699289,0.29371598293784834,-0.9356871602351079,-0.9975353876339268,0.23485761359161242,8.553128334903379,12.48741336421358,1.5695080246950415,-3.1819554275879844,0.848071207336821,-0.00013407185096533754,0.0016996592948831642,4998.656,4688.945780431896,15940.013035054464,353,B0047,33,1.2648246158850651,4,0.755432737015607,0,1,1.2648246158850651,0.755432737015607,-0.00949622188572925
3.404625504614091,2.46837363838224,4.194961577545829,0.2933185117448005,-0.9401469539731849,-1.0005201322759871,0.2265649641695833,8.342818484380935,11.343734065329729,1.4362904754344386,-3.199207410186039,0.8219183181671436,-0.00014220518613739918,0.0017825479561953583,4890.015,4609.510814866991,15680.28026922412,345,B0047,34,1.24664945489822,4,0.7445773888214354,0,1,1.24664945489822,0.7445773888214354,-0.00786097208932568
3.3977378433240313,2.497016493627855,4.194728577808066,0.29649531997602196,-0.9395699773936357,-0.9990584594637684,0.22755080461637311,8.481468325698998,12.641653349352346,1.5752417780724366,-3.190244442559939,0.8245620479943515,-0.00014170012434628118,0.0017366658633734802,4842.11,4562.081838168562,15485.477598401645,341,B0047,35,1.2333924152795082,4,0.7366594517429575,0,1,1.2333924152795082,0.7366594517429575,-0.009070384601811643
3.39454078926717,2.4751740867556524,4.194123941573546,0.29804597856074916,-0.9358360923749524,-0.9979572313546616,0.2346607841038261,8.425193812256257,11.969937687736325,1.5826795687603072,-3.173789144369756,0.84665944087693,-0.00013968262172911155,0.0017945609592283547,4798.281,4502.618112955735,15266.064899480894,337,B0047,36,1.2129250072037692,4,0.7244350295518608,0,1,1.2129250072037692,0.7244350295518608,-0.005324051463445434
3.397135252361952,2.499811739255094,4.194413177433493,0.2925306083331327,-0.9347239037948782,-0.9985176632293312,0.23619614896724136,8.471726206300676,11.438399477589398,1.450186068577562,-3.1717130078934637,0.8500542943097574,-0.00013811191786632616,0.0018020727728998247,4739.188,4441.951249947121,15067.54725687185,332,B0047,37,1.1999106597943647,4,0.7166620435105678,0,1,1.1999106597943647,0.7166620435105678,0.012296577461697166
3.384557786350807,2.494550023378076,4.172002506353698,0.29580136996824413,-0.9317054169779714,-0.9982543809866457,0.2418741231056701,8.510483818712029,12.144441411939049,1.5885356717377939,-3.149026420640492,0.8662469680728206,-0.00013332844648988233,0.0017759688799712787,4733.156,4421.883107924498,14940.216797942398,331,B0047,38,1.1902559038393383,4,0.7108956165888245,0,1,1.1902559038393383,0.7108956165888245,0.014913742409145359
3.38207924956575,2.477337702429082,4.194068049662567,0.3026814490144442,-0.9431234654151266,-1.0001312935854785,0.2207176473722184,8.530222967717657,12.67224284322037,1.5665628268668026,-3.186886584971414,0.8016528975115029,-0.00014707866376953392,0.0018049129831753127,4670.61,4418.505059960689,14925.37724230196,326,B0047,39,1.1892563795455853,4,0.7102986378745739,0,1,1.1892563795455853,0.7102986378745739,0.011478615070526966
3.3808097620789024,2.478325379623597,4.193464344236471,0.3016569393208846,-0.9364521415339061,-0.9979392762794396,0.23333900102182203,8.420605358837513,11.984785271459067,1.5679582304789064,-3.161771279407604,0.8402711368666943,-0.0001424964261618216,0.0018355541104803472,4635.0,4353.414832000973,14693.589673011757,323,B0047,40,1.167069685125939,4,0.6970473498459693,0,1,1.167069685125939,0.6970473498459693,0.013264546030713831
3.382026759648077,2.494831087986124,4.192797311893991,0.2980372620985294,-0.9330135422416266,-0.999100265494274,0.23995148344848408,8.51215713252602,12.101959002780742,1.634208003877515,-3.1504969538947694,0.8599744850496226,-0.00013937356951142655,0.0018194178694435474,4615.86,4319.267922581758,14579.98621824018,321,B0047,41,1.1615348403090369,4,0.69374159273429,0,1,1.1615348403090369,0.69374159273429,0.01027803337894646
3.376424700878435,2.495678140540268,4.193468094113346,0.3016705821365086,-0.9354455085688509,-1.0171989370447034,0.23522562723867915,8.54602737861718,12.396974763839234,1.6383305724401118,-3.1535677779249323,0.8451330414603812,-0.00014167260020720378,0.0018240350101762484,4580.75,4297.948894528816,14484.491855306978,318,B0047,42,1.1555563844349988,4,0.6901708832245835,0,1,1.1555563844349988,0.6901708832245835,0.008870855071873195
3.3729563491800936,2.4729308126474736,4.16991637056524,0.29515697073157215,-0.9350017140200774,-0.9986136164374132,0.23603335356093558,8.4485741292899,11.455115215105929,1.5664502443249688,-3.1488235924361287,0.8445478879664386,-0.0001378501374065527,0.001871679837451405,4557.406,4273.812526017797,14388.278178444936,316,B0047,43,1.1488524666097713,4,0.686166882252563,0,1,1.1488524666097713,0.686166882252563,0.008280687445913416
3.378642488252421,2.494578415325497,4.192396921446495,0.29370984683516205,-0.9345624675488318,-0.9974310644719284,0.23699862068650743,8.334392904335672,11.39345446641458,1.6021384892266108,-3.152042070406174,0.8482025840513001,-0.00014241711906438524,0.0018608628430428768,4524.032000000007,4240.894716835717,14298.78801532658,313,B0047,44,1.143572986788779,4,0.6830136451625336,0,1,1.143572986788779,0.6830136451625336,0.009136678551361266
3.370172138170829,2.492546798627854,4.192623205881946,0.303652063611796,-0.9405823229183861,-0.9979515372361276,0.22552268599418482,8.548983420432004,12.6352725981059,1.6650648724591723,-3.165432294493875,0.8139905320303561,-0.00014771564060883942,0.0018326068387968266,4502.938,4249.238401399279,14295.328900109209,311,B0047,45,1.1418015379428537,4,0.6819556246011421,0,1,1.1418015379428537,0.6819556246011421,0.0050536294366170685
3.367920943746027,2.4752083843332136,4.1933895299679325,0.3058014554974564,-0.940166082376245,-0.9976588428393416,0.22634993603002157,8.545644001542279,12.45444631401429,1.6339929285241213,-3.1618634071587235,0.8167811709020847,-0.00014813626232270042,0.0018696932718335138,4483.094,4228.807965506287,14217.034343477986,309,B0047,46,1.136058647502255,4,0.6785256095702547,0,1,1.136058647502255,0.6785256095702547,0.005095238561356385
3.3731133787458676,2.4974098896142385,4.192510832064287,0.3011090441631974,-0.9385550163357156,-0.9980113940759702,0.229287331013595,8.530684068571667,12.18400994607025,1.6360957981724895,-3.1607432726537077,0.8252067616928843,-0.00014895825438805937,0.00183256335630593,4448.36,4187.719327980612,14086.672358098032,301,B0047,47,1.1236364680969286,4,0.6711063034704141,0,1,1.1236364680969286,0.6711063034704141,0.006383983267614024
3.3570684734893477,2.470530852621601,4.1689267149519535,0.3048112046308941,-0.9458548848985765,-0.9999712649338626,0.21460302910363482,8.5880890540764,12.849012968534735,1.660369439084535,-3.1714462118337,0.7777412067632643,-0.000151326730295059,0.0018486570353298535,4440.531,4214.717369242859,14127.10136085625,305,B0047,48,1.1320498900328944,4,0.6761313277156185,0,1,1.1320498900328944,0.6761313277156185,0.0033605153153753787
3.3691516897861753,2.4800604125308974,4.191753022543457,0.29989741492436606,-0.9389122330771017,-0.9974683513415104,0.22851690515890463,8.520717953543993,11.44307926801482,1.5164128228082407,-3.15817064624123,0.8215151818729224,-0.00014900995355242297,0.0018960613179258405,4416.547,4160.540161216747,13990.200799974693,303,B0047,49,1.117010176215815,4,0.6671486655899155,0,1,1.117010176215815,0.6671486655899155,0.005312562114592767
3.3578225461504885,2.482310382215253,4.192116566565046,0.30604915292372337,-0.9483861774789661,-0.998613125908309,0.20941848624317394,8.509426489984776,12.895633770945397,1.7650692401986021,-3.180397377335616,0.7620355380277988,-0.0001589575027683948,0.0018600392766306103,4382.937,4172.063826453144,13986.744630544956,300,B0047,50,1.120043039721982,4,0.6689600822485446,0,1,1.120043039721982,0.6689600822485446,0.004351699644174323
3.3676285575809373,2.499914991218416,4.192241727517348,0.29536760910309956,-0.9414049088928775,-1.000314056557349,0.2240477623250941,8.454153696786289,11.573902587010837,1.5794437183027668,-3.164851102532908,0.8053726074219546,-0.00015168241935957952,0.0018933804050179368,4347.453,4106.969406772843,13802.753795677452,297,B0047,51,1.1059773445917065,4,0.6605591652859539,0,1,1.1059773445917065,0.6605591652859539,0.006016260582109689
3.372493003925355,2.47468810834507,4.151696493245396,0.29208429577264144,-0.9331169601303769,-0.9989815716960124,0.23920343787305523,8.476574571858773,11.984288635557064,1.6598041222821636,-3.14310567862335,0.8538065583764141,-0.00013024598246699556,0.0017724806876182465,4746.5,4442.060699641703,14958.306817647815,323,B0047,52,1.1907902374762016,4,0.7112147542121009,0,1,1.1907902374762016,0.7112147542121009,-0.013430753875854596
3.382136756328252,2.4936019875098454,4.173641970261601,0.30015562659759226,-0.9478477265636571,-0.997917941666946,0.21047072757678253,8.567006275916873,12.836265571184011,1.649134185095062,-3.2035692069169004,0.7687499825674495,-0.0001476403752021229,0.0017343022190631939,4679.156,4450.3093438243095,15036.373287802518,318,B0047,53,1.2012387088454022,4,0.7174552378530215,0,1,1.2012387088454022,0.7174552378530215,-0.013837763762501565
3.383822718764627,2.4794043785439617,4.194390827243979,0.30387697242722594,-0.956443523785203,-0.9980570526982784,0.19087029055890006,8.607327084258758,12.655987301395294,1.6215332738966446,-3.2347798096520615,0.709660100660818,-0.00016383965356895816,0.001778457106316768,4596.578,4412.6625265036055,14919.634408056143,312,B0047,54,1.1906909549024802,4,0.7111554564205633,0,1,1.1906909549024802,0.7111554564205633,-0.014736155737333024
3.3860339727551585,2.495823360233662,4.194161811786053,0.29749672800376487,-0.9528668500629852,-1.0010833967174453,0.19964666577170595,8.707959029152644,12.20963360823446,1.5833832209905494,-3.2240787960710198,0.7344435902130662,-0.00015921027814236397,0.0017968146895906943,4544.641,4346.486755258049,14702.417122665192,308,B0047,55,1.1764375730308343,4,0.7026424411425586,0,1,1.1764375730308343,0.7026424411425586,-0.01127890666177045
3.3841395923852935,2.4834980820953168,4.194190653204952,0.3024543935015258,-0.9523529313575727,-0.9969202436286994,0.20014303486589588,9.003534328496398,12.780134013784457,1.6076077739573948,-3.2206847283405073,0.7375248499430277,-0.0001597360508925662,0.0018116998120389582,4526.938,4327.560773699089,14630.386025130596,306,B0047,56,1.1628110372792353,4,0.6945038177558939,0,1,1.1628110372792353,0.6945038177558939,-0.01136673853750576
3.3827771801616184,2.4920392941768497,4.194292935889806,0.30080225929704657,-0.9518066439769568,-0.997543073671386,0.20112257347057627,9.02852617906244,12.658108002877777,1.5894688580148084,-3.2170861129383765,0.7394233572508182,-0.000159007744230292,0.0018223929140630812,4487.438,4287.408368194912,14486.947722923265,303,B0047,57,1.1516152840582583,4,0.6878170104369552,0,1,1.1516152840582583,0.6878170104369552,0.007834990683588661
3.364536091766799,2.488243242390158,4.146356741131726,0.29483143895051134,-0.9517057744990748,-0.9975286494682144,0.20071378758700925,9.027729535660669,13.24936801902594,1.6957056961145582,-3.19968242632008,0.7327058264977382,-0.00015159848733932156,0.0017658224188043252,4513.312,4312.0830673477085,14492.818663816382,304,B0047,58,1.1583673498348623,4,0.6918497683909584,0,1,1.1583673498348623,0.6918497683909584,0.008574271802107968
3.3787603150369994,2.498187334581169,4.172368631167838,0.2990127373018747,-0.9457722537487265,-1.006932903094604,0.21395598880372582,9.071608131387514,13.102537521023756,1.667928256038043,-3.19258620341529,0.7781434709472401,-0.00014712586650172545,0.001768757809713631,4568.438,4336.452355684014,14633.750430074575,307,B0047,59,1.1692285288386206,4,0.6983367469640976,0,1,1.1692285288386206,0.6983367469640976,0.004292485212771924
3.38042492580436,2.4982213366801296,4.193697451503613,0.30269751059629774,-0.9517682668620395,-0.9983451614477944,0.2013263955281193,9.050284055951,13.019156020970016,1.639243771379131,-3.2146344920625127,0.7403933220912452,-0.00015918016354682146,0.0017887809841465548,4499.656,4299.232227427901,14516.648158351378,302,B0047,60,1.1588148476218465,4,0.6921170421882771,0,1,1.1588148476218465,0.6921170421882771,0.0035245450817975588
3.3757552328187086,2.4715997205282143,4.193432136090228,0.3049335326273056,-0.9577750037054298,-0.9976242692758268,0.18752291258874051,8.986064263951343,12.612257184300963,1.6035610986114406,-3.2307330346890835,0.6979385574618386,-0.00016836755679804845,0.0018540761886419793,4430.984,4260.744653098944,14368.36384831226,297,B0047,61,1.1439588147705455,4,0.683244085877098,0,1,1.1439588147705455,0.683244085877098,0.003770444501737957
3.3744651760728988,2.4972991957929973,4.193707973256604,0.30380763925441956,-0.9541869981546398,-0.99985435313252,0.1960805400429566,9.036875447987502,12.968805846071126,1.648459583972686,-3.216857170714626,0.7236250387533706,-0.00016363453487322436,0.0018228684392116955,4411.141,4226.218419092314,14243.746721814254,295,B0047,62,1.1383941068159398,4,0.6799204926231046,0,1,1.1383941068159398,0.6799204926231046,0.0026442354484637054
3.3850807989789566,2.475863858583421,4.166980224197571,0.2943106425694348,-0.9269695970852067,-0.9974759876799106,0.24930925435695764,9.095394308322597,13.123905320087225,1.6488277738812336,-3.134344049193595,0.8897094243977572,-0.0001284370505160838,0.001689076035618589,4883.312,4540.2842997733715,15347.601829532789,325,B0047,63,1.2213102850395667,4,0.7294432443719845,0,1,1.2213102850395667,0.7294432443719845,-0.01258858704094088
3.3900890450634233,2.482088014003299,4.175112042490111,0.29987410018055277,-0.9526683776410486,-0.9988968847011238,0.1988089079474642,9.009063913586548,13.179418154583676,1.6429527063403204,-3.2282884586731324,0.7336602483740406,-0.00015431321102270677,0.0017276349273273107,4663.907,4459.784340828038,15108.989993679008,310,B0047,64,1.2031062978889062,4,0.718570679381464,0,1,1.2031062978889062,0.718570679381464,-0.006775553810057122
3.3919885847746993,2.484545959502679,4.195168632438667,0.3011477715416912,-0.9591403423116251,-0.998023029768851,0.18542050058463108,8.958051495293551,12.742282067813369,1.6480219628296322,-3.2519310962585437,0.6933355264768164,-0.0001674589252349878,0.001752029725261178,4581.328,4411.838229027651,14953.505330562957,304,B0047,65,1.1897147112197684,4,0.7105723823500851,0,1,1.1897147112197684,0.7105723823500851,-0.00617997271958437
3.3862399608298266,2.481724014979985,4.19482784099826,0.3037794935918173,-0.9554277687381623,-0.998068559065162,0.194007805875634,8.972563208541265,13.23162562344335,1.7187885476729834,-3.23343212896758,0.7197272575773981,-0.00016261688409543833,0.00178005092413706,4553.031,4367.590998373893,14776.910440699075,302,B0047,66,1.177422568842014,4,0.7032307425341058,0,1,1.177422568842014,0.7032307425341058,-0.00669275081429368
3.383817098626054,2.475682459777723,4.194470276921028,0.3051150553507353,-0.9577201485364993,-1.000419995099013,0.18733223221408007,9.037146843138395,12.857920538298638,1.591575731195991,-3.2386361906684233,0.6991179187014768,-0.00016812637433905663,0.0018078794242226688,4486.5,4314.781209289089,14586.283906503006,297,B0047,67,1.158443027293818,4,0.6918949677247088,0,1,1.158443027293818,0.6918949677247088,-0.004009784095575642
3.3818846696550433,2.4992087242533025,4.194180006661532,0.30111269804110674,-0.9573123780210179,-0.9976414843513568,0.18833060211560623,9.009035929017505,12.67528068575023,1.6344188150021928,-3.2349805188523586,0.6999066435396023,-0.00016704046667748493,0.0017935688379672949,4450.625,4278.431381988383,14453.154939287386,294,B0047,68,1.1567087516841796,4,0.6908591493558421,0,1,1.1567087516841796,0.6908591493558421,0.012920306671077419
3.4658606296374312,2.6876065414465464,4.223690952621402,0.25195309750600897,-0.9275960004271296,-1.000740182998641,0.2530192929066826,7.9114909421254485,10.85194413164328,1.2264637876449498,-3.217318507496589,0.9111082607355884,-0.00011313477888553749,0.001251342536862531,6436.141,5976.361873392534,20722.8687184813,490,B0048,0,1.6579955793677608,4,1.0,30,0,1.6579955793677608,1.0,-0.0
3.4593246298099665,2.6835427959445024,4.161851896835355,0.24532063703018747,-0.95963764625613,-1.0008913420360177,0.18858327021435203,7.958927971485882,10.829468947828506,1.0672069434816003,-3.3215834891867657,0.6947539005660497,-0.0001339396143138271,0.0013134006273085481,5650.265,5434.8226941589155,18806.660197726884,429,B0048,1,1.5076933476098775,4,0.9093470250293444,29,0,1.5076933476098775,0.9093470250293444,0.15030223175788326
3.4552294701778714,2.6769979855651798,4.175466417206107,0.2518900375063333,-0.9640819411783536,-1.00468755228754,0.17774220043242087,7.708927821830712,11.053444137693344,1.2879129720968239,-3.3324760823100616,0.6610705325176243,-0.00013946755503013386,0.0013320870091970756,5590.907,5403.205182854661,18671.921344149672,424,B0048,2,1.4989223343608031,4,0.9040568943690329,28,0,1.4989223343608031,0.9040568943690329,0.07953662250347882
3.4575807060974952,2.6934384147921957,4.174693750587349,0.24561002644308652,-0.9590403279797144,-1.0003370114328405,0.19067785615388091,7.711890755969547,10.582379295049948,1.2102089217830143,-3.316813307762659,0.7011352439757269,-0.0001327405524372718,0.001382389154157189,5543.61,5329.080846365524,18425.2517009701,419,B0048,3,1.4782919502497789,4,0.8916139274710806,27,0,1.4782919502497789,0.8916139274710806,0.05990120970599396
3.4576403855897397,2.6967591738883163,4.174741021763634,0.24646557167486038,-0.9561581387967848,-1.0024109953994933,0.19727097134130908,7.733691649876036,10.227762694291696,1.1242487774403558,-3.306407881488127,0.7230190396613111,-0.0001290681661195582,0.0014137281563746473,5499.046,5269.855956902666,18218.052985576927,415,B0048,4,1.461856891390611,4,0.8817013203063286,26,0,1.461856891390611,0.8817013203063286,0.04903467199428746
3.4540569996464043,2.6855475478766424,4.174511213058054,0.24694271619528063,-0.95562492940014,-1.0007359400857092,0.19810594521172506,7.713793706750157,10.448166696977866,1.175117210241405,-3.300949297195064,0.7249336554083166,-0.00012910368585775323,0.0014306833555581026,5461.219,5230.604401959265,18062.793448159606,411,B0048,5,1.4509592706473475,4,0.8751285520318686,25,0,1.4509592706473475,0.8751285520318686,0.041407261744082643
3.436367401137892,2.691750203742161,4.14121689573938,0.24577171703518763,-0.9577937939731281,-1.002031773364646,0.19288452028687408,7.8513931260036465,11.087645565750543,1.3170088391967765,-3.291739548156468,0.7043770547116274,-0.00012750462037752555,0.0013669716198969864,5451.281,5233.426646343016,17981.22016971921,409,B0048,6,1.451746997147108,4,0.8756036597520356,24,0,1.451746997147108,0.8756036597520356,0.011189270092553905
3.4466304878843594,2.689384375743919,4.158004815622747,0.24987804627803933,-0.9502347980955429,-1.0007316751284792,0.20954408353936832,7.905320525605018,10.331525897326843,1.1083306169357297,-3.275070683468574,0.761811346051137,-0.00012381982664127968,0.0013914893979557587,5468.062,5206.976755758607,17941.16531256978,409,B0048,7,1.444392866287476,4,0.871168104584611,23,0,1.444392866287476,0.871168104584611,0.010905893614665407
3.4469353939775913,2.6855540838129546,4.173957792716822,0.2497423904620442,-0.95236200437101,-1.0005511265640192,0.20557482082239228,7.847675607740912,10.695473118282326,1.1928812094270071,-3.282570162022574,0.748662015479749,-0.0001281229286723975,0.0014205693743127763,5411.297,5165.003437397785,17797.918365411053,404,B0048,8,1.432738323965376,4,0.8641388082058207,22,0,1.432738323965376,0.8641388082058207,0.009110725256880592
3.4438356242957933,2.689152622424136,4.173757067290182,0.254367199882586,-0.9494102232020358,-0.99971357088635,0.21179866610371736,7.926506175979814,10.588614300598088,1.1304655719210586,-3.2690007044110927,0.7698296769875518,-0.00012645392015516653,0.0014105321569996,5369.703,5109.277383691757,17587.152177831278,400,B0048,9,1.417241201438662,4,0.8547919060068272,21,0,1.417241201438662,0.8547919060068272,0.008923137990389796
3.4417182002819104,2.678956108681276,4.172904801080625,0.25162154553833815,-0.9492095088363941,-1.0019089598735609,0.21294534399893103,7.937097401174621,10.7107611721746,1.1705662583466252,-3.2662514310671016,0.7722807368387451,-0.00012630104959882136,0.0014461020434857759,5327.406,5067.795116798993,17433.039214386135,396,B0048,10,1.4057559944573452,4,0.8478647421927377,20,0,1.4057559944573452,0.8478647421927377,0.009040655238000461
3.439456123966976,2.688287422782237,4.173032965850683,0.2546017828031505,-0.9438502376761829,-1.0010368726226484,0.2240464631245583,7.9661274485105595,10.52686289722462,1.117069269793415,-3.2447884806621725,0.808767989124942,-0.00012315089442971553,0.0014290706966801226,5299.266,5012.230866731287,17226.18695090434,393,B0048,11,1.3902706269897065,4,0.8385249299155881,19,0,1.3902706269897065,0.8385249299155881,0.012295274031480296
3.4300387550398135,2.680621623320638,4.133304141515335,0.23952805169522504,-0.9514090951270098,-1.0014340929938248,0.20697823863880527,7.886742523689043,10.680714357791624,1.3410644353179975,-3.263218669968892,0.746656758051032,-0.00012344833381179894,0.0014018232565226,5367.172,5118.1301301122785,17550.18567987093,397,B0048,12,1.4196659307880326,4,0.8562543522156978,18,0,1.4196659307880326,0.8562543522156978,0.004945387099888699
3.442487347026378,2.693587841641054,4.156655311996452,0.24488096526774095,-0.9441558237541219,-0.9997588632259335,0.22239992565486777,7.810373532807223,10.479304841863389,1.1989575952733023,-3.2493657111328274,0.8014015480989162,-0.00011931062505898857,0.0014232507760521386,5406.812,5115.871896710749,17601.666471965094,399,B0048,13,1.4190563985232272,4,0.8558867201952084,17,0,1.4190563985232272,0.8558867201952084,0.0027363850884297492
3.4434500367152183,2.6905447145318244,4.172913024979518,0.24869578491964917,-0.943749133811343,-0.9998144854501804,0.22368118987389524,7.869709498966687,10.378581035006627,1.179398500620672,-3.2485027638901816,0.8067233466219537,-0.00012230604818423818,0.0014332865162517549,5353.094,5062.5991544240305,17421.35983175685,394,B0048,14,1.404272356704056,4,0.8469699040087572,16,0,1.404272356704056,0.8469699040087572,0.0025937689469211823
3.4369770767738053,2.6889512479861937,4.172334722190024,0.25196265330211914,-0.948030574788209,-1.00055829140422,0.21490183197012092,7.873285917762758,10.851484720266557,1.2478342008092194,-3.2571739442961047,0.7776415694202302,-0.00012640443538559855,0.0014288960208292375,5280.031,5017.021006099833,17232.478232775873,388,B0048,15,1.3916140490958342,4,0.8393351987262203,15,0,1.3916140490958342,0.8393351987262203,0.0028283890723022065
3.4351167375068576,2.6767423992621824,4.171533861821569,0.2519284998944136,-0.9424402883201639,-1.000296719098956,0.2262112273750109,7.888295790156799,10.70498211965856,1.2422427107125336,-3.235532091645754,0.8139175940316836,-0.0001232862343810923,0.0014627977356987348,5248.593,4957.179495853859,17013.49655767962,385,B0048,16,1.3749618350294734,4,0.829291617022154,14,0,1.3749618350294734,0.829291617022154,0.0030617583920466095
3.4352880614818906,2.692752260117709,4.172113180559959,0.25130097980516464,-0.936561624298611,-0.9998388108585378,0.237575778958578,7.90514873318139,10.26828159930382,1.1377270680703202,-3.2141197233988525,0.850802566846757,-0.00011857162753286305,0.001471979936583104,5203.375,4883.546827267623,16754.612593106714,380,B0048,17,1.3545155713071164,4,0.8169597001118847,13,0,1.3545155713071164,0.8169597001118847,0.013030071896183238
3.426473499744202,2.69610071870072,4.152547964911409,0.2530962723377127,-0.9359740520534714,-0.9997539612146188,0.23876233943624456,7.9278743808781424,10.42028909453994,1.1395089610236113,-3.2033484848452596,0.8529683739278625,-0.00011511448741895418,0.0014476101099012452,5166.812,4845.832516859167,16578.76588781132,376,B0048,18,1.3440223073315984,4,0.8106308147360146,12,0,1.3440223073315984,0.8106308147360146,0.015006818238325748
3.4231723044699156,2.6813752744142234,4.176821150785954,0.258997634394945,-0.9249433480673207,-0.9998450687021054,0.257977279995139,7.950376644939932,11.025933551300648,1.2331609054770682,-3.161313816293174,0.9164975729556021,-0.00011391286304949057,0.0014146232031267444,5340.281,4948.050578567207,16906.789128089236,388,B0048,19,1.372384475860572,4,0.827737113981872,11,0,1.372384475860572,0.827737113981872,0.006377576168696786
3.428797713311107,2.6946752970811247,4.171686901258687,0.25322576989742407,-0.9296783941589581,-1.0005731202327626,0.25013667293325564,7.891054732187375,10.196289899952207,1.0944994834361739,-3.1824843399861025,0.8903584915589312,-0.00011671112991314947,0.0014794807994931252,5103.0,4753.695121964404,16268.210759956846,370,B0048,20,1.318410575267441,4,0.7951834080101633,10,1,1.318410575267441,0.7951834080101633,0.014640694765678619
3.4246615589655973,2.6954700046169733,4.172000465131976,0.2525508496697396,-0.9340469067277114,-1.0035187304131965,0.24217789759612865,7.911933312913009,10.67776116366158,1.1755892543512794,-3.194081696384479,0.863254054117889,-0.00012117517740617039,0.0014706195838800394,5051.172,4728.172540199559,16163.787465024005,365,B0048,21,1.3112727599578604,4,0.7908783209529936,9,1,1.3112727599578604,0.7908783209529936,0.012737815014322607
3.420260120001828,2.696945913635699,4.151092092342163,0.25192265264865377,-0.9282929869770825,-1.0002204688393834,0.2523638809237207,7.9731250548171255,10.197605675555666,1.092366483354195,-3.16897052645475,0.8950333788485341,-0.00011267784841129446,0.0014839449222563362,5027.563,4676.818463699813,15961.255447038213,363,B0048,22,1.2970172419001187,4,0.7822802774870528,8,1,1.2970172419001187,0.7822802774870528,0.011499665881399546
3.4176468335228454,2.678219557836974,4.171107672675929,0.2562846354511761,-0.9361639727698597,-1.00063095764688,0.23869442919435646,7.988820643678426,10.817583822184044,1.171439911339507,-3.195020473964012,0.8512579362792688,-0.00012289052569339293,0.0014983001544479045,4993.765,4685.814376718528,15987.944445141307,360,B0048,23,1.2995219526631718,4,0.783790963519164,7,1,1.2995219526631718,0.783790963519164,0.008900070933685323
3.4172601086559014,2.6929901554909765,4.170406220123355,0.2585062978491375,-0.9299928998106647,-1.0004747296268892,0.2494670865631256,7.990220402102304,10.516072793190034,1.1494312573651864,-3.1720663867613483,0.8866804563358395,-0.00011895697498008886,0.0014866700503472165,4962.469,4624.948506812318,15769.983869049807,357,B0048,24,1.2826154066729571,4,0.7735939845883386,6,1,1.2826154066729571,0.7735939845883386,0.01795381383752299
3.4115448650857543,2.684969781882089,4.169460748536267,0.25959572491808997,-0.934806579329965,-1.006586673096361,0.24114972280677072,7.882690956878554,10.549697060839051,1.3215562292169203,-3.1836193142057194,0.8584808466126741,-0.00012254869620346783,0.0015004450984784127,4907.859,4598.541963804705,15655.854687701845,352,B0048,25,1.2752890152407,4,0.7691751601213573,5,1,1.2752890152407,0.7691751601213573,0.008624312005348234
3.4065891490442124,2.6836073579697186,4.170165006607723,0.2618998761764979,-0.9370645194852636,-1.0026150245180556,0.23669459127928483,8.054682377673142,11.262651366620426,1.4012611844629617,-3.1870886846920343,0.8436872888706708,-0.00012437637666324076,0.001495507527591007,4888.656,4592.26728099791,15614.073425990618,350,B0048,26,1.2735572473264072,4,0.7681306652289445,4,1,1.2735572473264072,0.7681306652289445,0.007543102526290646
3.404850768576602,2.6880496504528555,4.148906074950599,0.25856124294538724,-0.9310772172053213,-1.0001495156365343,0.24757782653523924,7.989516678064296,10.67022537319244,1.2544520720860906,-3.163683184463604,0.8773323851239675,-0.00011667723561395545,0.0014993411749954306,4866.25,4541.420266471128,15425.787382998735,348,B0048,27,1.2594114333938535,4,0.759598788480547,3,1,1.2594114333938535,0.759598788480547,0.0075211617012530315
3.4037388246513496,2.6866245843324728,4.170272562112315,0.2630267491039539,-0.9394586031577282,-1.000662603416492,0.2329493338871704,8.031961049301984,11.290252755528313,1.3293807404017746,-3.192482569787572,0.8310963007541335,-0.00012644625329941657,0.001491574178149533,4836.125,4554.932684843967,15473.761707886437,345,B0048,28,1.2631632585495876,4,0.7618616564896189,2,1,1.2631632585495876,0.7618616564896189,0.007271738822716855
3.4068285577090975,2.698617918096401,4.170271899546104,0.25866498064833215,-0.9358379166065879,-1.001004029933717,0.2393000003986662,8.043229181254354,10.973350060572036,1.194760868312064,-3.182361224772915,0.8509711171626875,-0.00012540916966137167,0.0014891356394952401,4801.485,4504.576829644859,15313.531644744688,342,B0048,29,1.2491717310136363,4,0.753422835717077,1,1,1.2491717310136363,0.753422835717077,0.006688735131864165
3.4086789774100317,2.699107325579607,4.169452174938924,0.2579674002654644,-0.9322392887454545,-1.0009807316550958,0.2459535571666997,8.03181115051043,10.3391489283262,1.1704889381561956,-3.17074443100702,0.8724451780150244,-0.00012184340773290834,0.0015222322778168861,4760.938,4449.968041034746,15130.865980175095,338,B0048,30,1.233984347835307,4,0.7442627490634559,0,1,1.233984347835307,0.7442627490634559,0.008260933481078592
3.3973450050321667,2.6835548325192,4.170146996930818,0.2659197088395426,-0.9406998132859437,-1.0015794381065346,0.23006570783842242,8.097013437245893,11.22843469416495,1.3264745227498387,-3.1903959046770884,0.821152614536567,-0.00012923420792219274,0.001514112369489591,4740.907,4471.772377222927,15161.659877326652,336,B0048,31,1.240031992028868,4,0.7479103125846248,0,1,1.240031992028868,0.7479103125846248,0.0067050510595078276
3.3993392010348766,2.681569834191177,4.12494331073437,0.24937260316111612,-0.9537093572867028,-1.000338666801855,0.20275296209599117,8.022533123805395,11.142187018109254,1.3108436790892324,-3.239656599686314,0.7295124781475013,-0.00013004610820482342,0.0014466093197610134,4914.532,4700.762101530989,15963.356422552222,347,B0048,32,1.30370857198071,4,0.7863160723732748,0,1,1.30370857198071,0.7863160723732748,-0.008859427717371294
3.4116534333763227,2.683679055503892,4.151287967783268,0.2588481917046283,-0.9460022622334843,-1.0008223865758237,0.21928049986238163,8.108172025448226,11.266783334689707,1.3029099513013036,-3.2243547439774645,0.7881043381991384,-0.0001254414598800436,0.0014385793206661873,4998.656,4741.868676752918,16156.99075638743,353,B0048,33,1.315055963470538,4,0.7931601144389089,0,1,1.315055963470538,0.7931601144389089,-0.01037854098419011
3.417645007960136,2.682654869893668,4.170265534323388,0.2561915635435603,-0.9477332619889278,-1.0014803549820417,0.21573860624742927,7.8977220071348055,10.42585253276335,1.1824969690059137,-3.235397495668423,0.7769693991794667,-0.00013023561787092386,0.0015024139759380693,4890.015,4647.481800166539,15860.769833030467,345,B0048,34,1.2888738300982074,4,0.7773686770562382,0,1,1.2888738300982074,0.7773686770562382,-0.007940419816914224
3.4079105797438367,2.682384467590376,4.170979556153871,0.2639087582764168,-0.955996398502354,-1.0011333619216,0.19770035398748925,8.04149350152151,11.216029100406416,1.2763946371179304,-3.2551754902910064,0.7199693203368742,-0.00013873866150170575,0.001480998600321715,4842.11,4643.225358992466,15805.390367542343,341,B0048,35,1.2877137595885193,4,0.7766689945455463,0,1,1.2877137595885193,0.7766689945455463,-0.010745882350642466
3.407164499269471,2.686240486840372,4.169424514471797,0.26255342262758397,-0.9495988780290303,-1.0008607894638553,0.21189940403945173,7.954120438181095,10.782099455149345,1.3307849405404952,-3.2315336206090666,0.7643062148892477,-0.0001336739923776683,0.001491828598859415,4798.281,4570.003551510109,15547.819330064556,337,B0048,36,1.2673379985315465,4,0.764379600466014,0,1,1.2673379985315465,0.764379600466014,-0.00546120130053569
3.411264697940678,2.6969281633328235,4.170624380836064,0.25852283809960735,-0.9487217927497306,-1.000768040220572,0.21342643486363938,7.997450587692992,10.321202935071105,1.1746268749256576,-3.2319777978419855,0.7684945551571823,-0.00013268769614095368,0.0015149122434597873,4739.188,4509.687799400442,15358.15798742987,332,B0048,37,1.250594345697306,4,0.7542808685739633,0,1,1.250594345697306,0.7542808685739633,0.01062284525668078
3.399055092260418,2.697244348677796,4.149740744130536,0.2611263140857149,-0.9484783034454789,-1.00042503459904,0.2137210022837283,8.033089769228212,10.97070399517944,1.3418771027364107,-3.2194282436513197,0.767949732473361,-0.00012996220475746303,0.0014867438846789347,4733.156,4503.116344525488,15279.959328618063,331,B0048,38,1.2487131179395878,4,0.7531462287829238,0,1,1.2487131179395878,0.7531462287829238,0.013268569106190054
3.397998613644679,2.682663772646134,4.170538290499679,0.2665958506083215,-0.960288282497019,-1.0015325180388504,0.18772764831208155,8.032822875095608,11.121182366824469,1.250347412464456,-3.259788860251213,0.6870953123341665,-0.0001464639046188583,0.0015045723750529278,4670.61,4500.309773520779,15271.672179665853,326,B0048,39,1.248002326082933,4,0.7527175232631383,0,1,1.248002326082933,0.7527175232631383,0.008174300803054901
3.3968749308721438,2.6897565950033164,4.170102316006519,0.2662099234524243,-0.9538841832821683,-1.0062480227973458,0.20297683785644643,7.971994643634386,10.805368665446066,1.2897192350741127,-3.23595008143707,0.7348562104015907,-0.0001389620682655995,0.0015369389871208374,4635.0,4435.8750533939365,15043.38630959802,323,B0048,40,1.2300895244599586,4,0.7419136334060827,0,1,1.2300895244599586,0.7419136334060827,0.011524847025712149
3.3949285391136215,2.6851150517360427,4.169002458595089,0.26569656696689486,-0.9534653843148169,-1.000237361904988,0.20355211377428842,7.985840586212385,10.90427632418744,1.3725770465897749,-3.2326643708630667,0.7360484248665639,-0.00014002751343820477,0.0015306512629704764,4615.86,4415.496956832353,14965.547993337375,321,B0048,41,1.2244197121500937,4,0.7384939546201917,0,1,1.2244197121500937,0.7384939546201917,0.008583657276290558
3.3923053503439844,2.691698678764574,4.169722967056448,0.26784389954024757,-0.9561814714709561,-1.0009932577793423,0.19733119044954145,8.055923800450703,11.177549576040898,1.3441419356785063,-3.2394647004636936,0.7166018985880426,-0.0001428188929657353,0.001530529997504489,4580.75,4394.74313012468,14884.239106871046,318,B0048,42,1.2186682845116386,4,0.7350250505350263,0,1,1.2186682845116386,0.7350250505350263,0.0063852122371335085
3.393507466288284,2.688395997689043,4.147796072295514,0.2584095262168435,-0.949495711589349,-1.0006542561971037,0.2119107480227022,7.982156595851859,10.375532122783676,1.264579669764389,-3.2169867002416264,0.7597383538692543,-0.00013270939826865921,0.0015551388864025691,4557.406,4341.274115311889,14704.087443437144,316,B0048,43,1.2037865236033616,4,0.7260492962607286,0,1,1.2037865236033616,0.7260492962607286,0.00898531886724525
3.397997936501643,2.696650926823416,4.16937546220786,0.25797801058219444,-0.9491950189128958,-1.0009626594711905,0.2130742301542275,7.842796481143621,10.314092555911314,1.3344523422965204,-3.2198742902503823,0.7640445001427676,-0.0001349213947604105,0.0015834681145004627,4524.032000000007,4308.822116464278,14611.907821337785,313,B0048,44,1.1947642300832226,4,0.7206076089411644,0,1,1.1947642300832226,0.7206076089411644,0.01064761919994206
3.3882925257712984,2.6969697387700067,4.170164354666364,0.26853569491576396,-0.9617018565505489,-1.0010181767758786,0.1840835398216437,8.079939832789865,11.367431862943256,1.3583270869152841,-3.254578248884628,0.6744603433775692,-0.00015049067604832458,0.0015279402256588468,4502.938,4346.29296589608,14703.559121911227,311,B0048,45,1.2052091893871495,4,0.7269073599380337,0,1,1.2052091893871495,0.7269073599380337,0.004976067014561813
3.3877256181336417,2.6967087456075824,4.169926901474105,0.2686391719105087,-0.9582791920312705,-1.0003688126988763,0.19266232610324016,8.064765751727984,11.06954549641082,1.305241850653473,-3.241991526984768,0.701258684734873,-0.00014676785327415835,0.001542587609866086,4483.094,4311.654379808219,14582.275722580958,309,B0048,46,1.1955746593628465,4,0.7210964095686865,0,1,1.1955746593628465,0.7210964095686865,0.00576901055744945
3.3892443793813447,2.6919470298999477,4.169479557902343,0.2681959267280601,-0.9604573336465301,-1.000126079444024,0.1867690700573799,8.047690080561159,10.977331626368253,1.3201876164834625,-3.2510355957042956,0.6828705594785183,-0.00015231362534847323,0.00154010839077883,4448.36,4287.744227876434,14498.155241583321,301,B0048,47,1.1888497102149884,4,0.7170403377482644,0,1,1.1888497102149884,0.7170403377482644,0.0059637148593300274
3.379247569665043,2.686563173222129,4.1466990810536295,0.26639430643711887,-0.964049565042912,-1.0021900619093496,0.17744464864484072,8.077528255423264,11.25041370680882,1.2983623094802896,-3.2539510934630345,0.6513939105813833,-0.0001512484665571143,0.0015380622179735513,4440.531,4297.186168087638,14499.514402061814,305,B0048,48,1.1915605250807406,4,0.7186753329795459,0,1,1.1915605250807406,0.7186753329795459,0.0024451997045241924
3.3916390352444328,2.696173744376241,4.168333177873153,0.2622501026155267,-0.954156405475968,-1.0003664269909844,0.20190943000493913,7.993540199499143,10.261913330935936,1.2138410289189194,-3.2310422796304143,0.728597912964375,-0.00014374380357203237,0.001574645222607753,4416.547,4229.198452340279,14316.955065320026,303,B0048,49,1.1726587153109655,4,0.7072749348090135,0,1,1.1726587153109655,0.7072749348090135,0.004421102954451417
3.3795641863547807,2.687805922420921,4.1690272272079385,0.2691899973431098,-0.9703946548779708,-1.0012571198673526,0.16065066967702255,7.973181959906695,11.209451387068038,1.424699829416647,-3.27578841351953,0.6009171118247828,-0.0001669414862199478,0.001543599128068421,4382.937,4270.412017122511,14411.501907092721,300,B0048,50,1.1841133872494156,4,0.7141836817809554,0,1,1.1841133872494156,0.7141836817809554,0.004219160427546775
3.3905357196785717,2.6954427225266566,4.169215137661718,0.25961363181134445,-0.9568118198331175,-1.0018658991684293,0.19629348443010564,7.915947250994455,10.39465598668322,1.2565875537762974,-3.2390364676802976,0.7096857626762727,-0.00014668097420117966,0.0016116619471716518,4347.453,4175.392855267834,14130.648454963439,297,B0048,51,1.1576825122317769,4,0.6982422188804828,0,1,1.1576825122317769,0.6982422188804828,0.007578429426213918
3.3909861606032004,2.6861121256233056,4.135364610542779,0.25755678333313325,-0.9536560997964092,-1.0023792621826997,0.2028228748950568,7.938268366482139,10.71880829888557,1.389710197214767,-3.230289728230625,0.7303811497280317,-0.00013235512509612274,0.0014607082543315962,4746.5,4541.407368620688,15378.425540653556,323,B0048,52,1.259355851168598,4,0.7595652647329886,0,1,1.259355851168598,0.7595652647329886,-0.014101228190721926
3.3970417211274984,2.6816961536149058,4.1506494675081695,0.26620810672120293,-0.9718532283937391,-1.000168699926821,0.15601342205658658,8.024531067354474,11.267543040114028,1.3171665767295542,-3.29888094281714,0.5886626710905372,-0.00015717997605262568,0.0014610428046191665,4679.156,4564.769127130032,15489.586877787919,318,B0048,53,1.265883375278026,4,0.7635022620269846,0,1,1.265883375278026,0.7635022620269846,-0.014864570039457093
3.4053897793262036,2.6935260886313634,4.170594556050919,0.26368584305646586,-0.9745908346175696,-1.0029269600514006,0.14760373065553592,8.026701986317695,10.977215485451683,1.2308539245775711,-3.3159147835431213,0.5628564899188933,-0.00016560648615039164,0.0014926867594897658,4596.578,4497.714387233283,15298.506486542581,312,B0048,54,1.247259867318412,4,0.7522697182305073,0,1,1.247259867318412,0.7522697182305073,-0.01492023040148931
3.4044637089502996,2.6819098951639786,4.170902199360611,0.2635601494156174,-0.9743182693533817,-1.0009156470599612,0.14850906260644706,8.083086131954136,10.698980931953203,1.1906708373101142,-3.313988121234383,0.565325338319872,-0.00016685924429869816,0.0015318736900600107,4544.641,4445.77709705708,15117.242387616952,308,B0048,55,1.232808747256218,4,0.7435536997790559,0,1,1.232808747256218,0.7435536997790559,-0.00973907200136046
3.40066115678775,2.6836569825858465,4.1707733769162845,0.269940756636037,-0.9773202136961056,-1.0001085078242802,0.13826301501227203,8.282945581406354,11.200778779435032,1.1855325726624548,-3.3204008076507416,0.5371359856311941,-0.00017538432992086526,0.0014991513530901426,4526.938,4442.720725199257,15089.12045539773,306,B0048,56,1.2319592783041904,4,0.7430413528448431,0,1,1.2319592783041904,0.7430413528448431,-0.014855353214482702
3.399557901522936,2.686405541586876,4.170606882649154,0.26892720431290895,-0.9769934301900784,-0.9997514170880324,0.13869669259703998,8.296254318972048,11.067122162658642,1.1782844492775026,-3.3181188011508915,0.5376351719782948,-0.0001750844999000215,0.001514140435338392,4487.438,4402.454773661655,14947.15214563447,303,B0048,57,1.220785786262778,4,0.7363021961302799,0,1,1.220785786262778,0.7363021961302799,0.007714012981164009
3.3869933616946555,2.685608364298082,4.128047138171167,0.2596233468073573,-0.9767440428637847,-1.0014756423920743,0.13847069909448737,8.280354632475289,11.217197558663642,1.2521073917415964,-3.3051934243378693,0.5309556981616,-0.00016797324338011784,0.0014755133358626898,4513.312,4426.803059806327,14975.22421801585,304,B0048,58,1.2275441303266783,4,0.7403784096907994,0,1,1.2275441303266783,0.7403784096907994,0.007667848990269554
3.3947531020283486,2.685972991906515,4.150268203613492,0.26762238384365317,-0.9738169504529767,-1.0292876659492052,0.14878642871306022,8.346898191755683,11.59325762914515,1.259553425192369,-3.3028716592418528,0.5666601409975716,-0.00016342508720847726,0.0014789996595487873,4568.438,4466.971266140408,15145.596771658173,307,B0048,59,1.2386788414290355,4,0.7470941761505647,0,1,1.2386788414290355,0.7470941761505647,0.0017162051778753184
3.3979955411966936,2.689198249643033,4.1705243721131415,0.2706474910731909,-0.9802233649908892,-1.0011525386558742,0.12729562073938228,8.337878264565942,11.534047303435644,1.2367313652469536,-3.3273170430717163,0.5046894459858762,-0.00018269706329016302,0.0014870074209997611,4499.656,4429.788765034629,15032.192540094646,302,B0048,60,1.2283577755407058,4,0.7408691499702987,0,1,1.2283577755407058,0.7408691499702987,0.0008901943431024239
3.399587991995103,2.6983204775942364,4.170294880009359,0.26714548430200585,-0.9801797978590467,-0.9994560675644152,0.12813703191523632,8.259622932500356,10.92572543982624,1.1571535592067965,-3.3285950165414895,0.5055650156142739,-0.00018172161989605528,0.0015132191914945658,4430.984,4362.076988050078,14808.995659939977,297,B0048,61,1.2095481507570451,4,0.7295243520602624,0,1,1.2095481507570451,0.7295243520602624,0.0044822255094290496
3.395118621843109,2.693240203211685,4.170568686817898,0.2710289439804623,-0.9833769221524863,-1.0001444836054942,0.11523526354610888,8.290496900072908,11.346378697595553,1.2097271370114169,-3.3346862953402883,0.46988085144528696,-0.00019238054153520185,0.0015086270332773503,4411.141,4357.247256648298,14771.233812183615,295,B0048,62,1.2082142070681048,4,0.7287198000424283,0,1,1.2082142070681048,0.7287198000424283,0.0025143158389346444
3.402660754515897,2.6866110987705887,4.152589435404936,0.26152748318614566,-0.9565798060844432,-0.9998506480954517,0.19521435953626987,8.321321846834685,11.439171740202124,1.2217707307837211,-3.252192543485981,0.7099108793808044,-0.00013471751817030708,0.0014077399624942962,4883.312,4687.4340796604165,15931.614406706258,325,B0048,63,1.2998734542832149,4,0.7840029674740703,0,1,1.2998734542832149,0.7840029674740703,-0.014465864791307315
3.409317486730915,2.699083135691788,4.151970239591361,0.2612023022786713,-0.9772401913298513,-1.0004944197478995,0.1373718979710871,8.23807744072398,11.147240167890732,1.2013019384975379,-3.3288981920322165,0.5313620430502966,-0.00016628863529686351,0.001420054149802268,4663.907,4576.646999832019,15585.965100947164,310,B0048,64,1.2691220651743778,4,0.7654556387046152,0,1,1.2691220651743778,0.7654556387046152,-0.00608864474906845
3.4133709426845633,2.6907134698484554,4.170962379739071,0.26296457922539446,-0.9839943201059,-1.0008604029243209,0.11343029718393723,8.189029507624946,10.831285577855546,1.2240652208827123,-3.3551627347058846,0.4626387295030215,-0.000185590274945438,0.0014774576781709811,4581.328,4527.617113824483,15433.267001913378,304,B0048,65,1.2555144634690785,4,0.757248378157824,0,1,1.2555144634690785,0.757248378157824,-0.005431337585674534
3.4068009615962724,2.684500860538322,4.171135033653532,0.26877893389959917,-0.9871874196801942,-1.0019448914018847,0.09886207593686744,8.234868029314756,11.236293148641268,1.283745085404475,-3.3589573782805693,0.4250739564568863,-0.00016944620599094754,0.0019751132259054117,4553.031,4514.836650865861,15357.224530859916,302,B0048,66,1.2519876926897655,4,0.75512124897654,0,1,1.2519876926897655,0.75512124897654,-0.008487908386544073
3.4061690632747035,2.687835669252526,4.170873392468351,0.27061189919358775,-0.9901111158822024,-1.0012709000931328,0.08156975576738178,8.238279702155017,11.08616967823061,1.128255535168044,-3.3672586147692516,0.3810738041964769,-0.0003221376452350249,0.0005285509598598454,4486.5,4454.997641968709,15151.479103764066,297,B0048,67,1.2374982003019996,4,0.7463820867205759,0,1,1.2374982003019996,0.7463820867205759,-0.005856798646778971
3.406745720524415,2.690437364566134,4.170920111392399,0.26548338866216487,-0.9865545525457216,-1.0011831011426036,0.10015330260782823,8.219372551773532,10.751912617606896,1.1418860030787825,-3.3565358916545187,0.42600559584569164,-0.00016962519616646352,0.0020301202262359495,4450.625,4411.009930673644,15002.56184705017,294,B0048,68,1.2231273969878986,4,0.7377145103452633,0,1,1.2231273969878986,0.7377145103452633,0.01534921145906325
3.0828389099409663,1.9808329057464715,4.082016063841389,0.3672575674000287,-1.993560711727946,-2.0157846600725544,0.19293040133780215,11.988576567861957,19.02185891684059,3.430030461977064,-6.127123490194618,0.9269213694211392,-0.0008743048689470668,0.0017316196560004805,2349.64,4697.220200732431,14440.84174157135,215,B0053,0,1.06914178861943,4,1.0,54,0,1.06914178861943,1.0,-0.0
3.1103286425468237,1.9735558560671436,4.178658528567033,0.4015446051233847,-1.9952648424142538,-2.0158554217685096,0.18562225212881595,12.059863244911188,18.304754041202315,3.2542255946184744,-6.187465778587076,0.9717052759479068,-0.0008418609102718147,0.0015731705583879915,2560.688,5122.763881431953,15887.0584513993,233,B0053,1,1.1540727934432229,4,1.079438485828398,53,0,1.1540727934432229,1.079438485828398,-0.08493100482379279
3.1104628288221936,1.9558143264177168,4.192255020207044,0.41963172945920213,-1.9952720113784062,-2.015745008559969,0.1872703733601147,11.967885395858058,19.33942752368694,3.1338875709597436,-6.187164713707468,1.0042257027093466,-0.0008655997152017927,0.0015225833630259603,2522.375,5046.5087319570885,15646.216542246317,229,B0053,2,1.1501525413826983,4,1.0757717578955326,52,0,1.1501525413826983,1.0757717578955326,-0.040505376381634095
3.115027942360279,1.99748310559266,4.192588912486402,0.409301125630312,-1.9947394897780593,-2.0158186517663363,0.18884245762359272,11.985900972885712,18.729143210051177,3.158751896035587,-6.194389207299414,0.9900281859913889,-0.000862515263837828,0.0015477100119954872,2488.719,4977.9769400628,15458.132355777692,225,B0053,3,1.1305863853936766,4,1.0574709523360688,51,0,1.1305863853936766,1.0574709523360688,-0.020481532258082174
3.109376043532363,1.974695202836088,4.192849949462827,0.41430036008489707,-1.994716528121975,-2.0154879896693143,0.1896398128496683,12.004376962205335,18.709411575172343,3.1749729725153886,-6.182794862927194,0.9989564004117966,-0.0008754166164156147,0.0015434513709429976,2474.844,4950.4576004731425,15343.57764499652,223,B0053,4,1.121790272357562,4,1.0492436871316349,50,0,1.121790272357562,1.0492436871316349,-0.01316212093453295
3.1067532264566258,1.9637397944562875,4.193081087954604,0.41059239608652565,-1.994462268339957,-2.01514791138818,0.190027920480536,12.133888437168595,18.63570596513145,3.3407235929085917,-6.17660621466,0.9927071757116122,-0.0008825124139596203,0.0015905376704300161,2473.875,4947.980478703981,15322.576536563814,222,B0053,5,1.1135982401443856,4,1.041581436623445,49,0,1.1135982401443856,1.041581436623445,-0.008891290304991094
3.083406677687234,1.944364958852849,4.179165887700054,0.4213068159253873,-1.9944377413009737,-2.0165720599153336,0.1896275949258001,12.32708937826574,21.292305794774187,3.811750796619328,-6.129890084686022,1.0071847966866285,-0.0008769791824761863,0.0016044690593470833,2495.5,4991.345780455911,15338.309698895042,223,B0053,6,1.0864654057095062,4,1.0162032924673592,48,0,1.0864654057095062,1.0162032924673592,0.013521477546743332
3.080580001769896,1.9470490842081751,4.191975122366585,0.4304511608486452,-1.9945357941517972,-2.0161080991224587,0.1904302658731364,12.164497494980397,21.01159959420005,3.921673111337913,-6.124091609233698,1.0229532736027682,-0.0008884656238501323,0.0016019792177941483,2481.078,4962.816232181376,15234.585226605519,221,B0053,7,1.0647493568993147,4,0.9958916284379948,47,0,1.0647493568993147,0.9958916284379948,0.017080636896676715
3.0828198149689934,1.9602813323957715,4.191963518196991,0.4461026007246853,-1.9942887474626396,-2.0159395612536084,0.19178209536965893,12.128732336863894,20.939938897683515,3.4461063321939736,-6.1275784031067015,1.0522796689484306,-0.0008891055319852261,0.0015736181062287506,2460.125,4920.613219939009,15108.495849219216,218,B0053,8,1.0809288094959644,4,1.0110247499461738,46,0,1.0809288094959644,1.0110247499461738,0.009931515179542449
3.095128536447283,1.9605995541160255,4.192155796080977,0.4153815174985487,-1.99423279352749,-2.015751416688318,0.19256853836417348,12.245191547318633,19.28383683899809,3.4914836120392003,-6.151997964375043,1.0031074337640307,-0.0008976319876895283,0.0016132124702822707,2440.547,4881.39432159456,15058.500276250372,216,B0053,9,1.0852752041846463,4,1.015090061708325,45,0,1.0852752041846463,1.015090061708325,0.007303013634583122
3.078011917190656,1.9595048550370973,4.192319942921637,0.43011047924182044,-1.9941297761315324,-2.0145490297544875,0.19254663161090615,12.190916714981144,21.101391697483887,3.935767676581543,-6.1171840599826455,1.0250534277581997,-0.0008937764512408677,0.0015914699840682636,2449.922,4899.929970625219,15028.564402744043,216,B0053,10,1.0504799933740894,4,0.9825450698457513,44,0,1.0504799933740894,0.9825450698457513,0.012623649354059241
3.0992512260717127,1.984585820237712,4.178294459840927,0.4094892867197389,-1.993681474074749,-2.0175406007257117,0.19436043960247354,12.163073942837917,18.64340722345076,3.2329262729184536,-6.158485825186438,0.9974423419927748,-0.0008882148466762122,0.0015371043572689003,2408.781,4816.996144803643,14880.14522306553,212,B0053,11,1.0853550177054303,4,1.015164713659669,43,0,1.0853550177054303,1.015164713659669,0.0002220776008151848
3.0759964813859115,1.944670916271544,4.192753069603226,0.4295733697871356,-1.994006147873811,-2.0152928005596524,0.19356134577450748,12.292542702117027,21.313677971413888,3.8619549756105602,-6.112564197121269,1.0256561977661927,-0.0009015304814799574,0.001612822238523512,2442.547,4885.216350345661,14972.657473632204,214,B0053,12,1.0508395690790722,4,0.9828813916590133,42,0,1.0508395690790722,0.9828813916590133,0.0027819575640485096
3.076814828498021,1.9692766515934297,4.192029518756707,0.44747619213307105,-1.9936703356758645,-2.016114129246863,0.194923318505692,12.129527968970198,20.92811979857166,3.456895093045902,-6.112905550378209,1.0584139307653566,-0.0008996333601941799,0.0015610290580969823,2420.671,4841.161573839685,14834.092325649199,211,B0053,13,1.060906788333118,4,0.9922975601796037,41,0,1.060906788333118,0.9922975601796037,0.00400440423256927
3.0908348956433267,1.991566826677512,4.192422731350341,0.41428125371104785,-1.993640914837378,-2.0152155871167707,0.1952899243574318,12.364595355360214,19.930786955410536,3.628020823748087,-6.140903552932943,1.0047028503265887,-0.0008956943314175933,0.0015950077877592353,2409.906,4819.532030159751,14846.073498504189,210,B0053,14,1.070582461063814,4,1.0013475036330253,40,0,1.070582461063814,1.0013475036330253,0.0029385486241664703
3.0705536079059534,1.9588680902433293,4.192159667005352,0.43834401378688437,-1.9937041845656749,-2.0158432646768185,0.19581385714972924,12.128324396717016,21.0220574646762,3.901764163026641,-6.100180125485493,1.043114242292133,-0.0009061730348111391,0.0015719257842000658,2416.672,4833.345849073937,14780.788345793173,209,B0053,15,1.024036665663697,4,0.9578118417633111,39,0,1.024036665663697,0.9578118417633111,0.005288665542078475
3.087460321440554,1.9836880271317603,4.177933640317498,0.40992158759806124,-1.9931353663259233,-2.015297860734077,0.19661229179867518,12.302129277138697,19.091622529647232,3.510177504948113,-6.13251311224002,0.9994421987968168,-0.0008976376433916914,0.0015825907972506622,2395.75,4790.25957798817,14741.237286378448,207,B0053,16,1.0670957253433857,4,0.9980862563807495,38,0,1.0670957253433857,0.9980862563807495,0.0036518584724089197
3.0715434654202056,1.968810244689163,4.192397472111982,0.4291773441484477,-1.9931266937645042,-2.015387641467015,0.19625318986806323,12.366585260617875,21.30570494347084,3.871212314607392,-6.100334301274273,1.0284011238792043,-0.0009046506916706638,0.0016111618736224609,2410.688,4820.140186306701,14750.197776952034,208,B0053,17,1.0279237850447498,4,0.961447579719146,37,0,1.0279237850447498,0.961447579719146,0.004583156806864474
3.0648787393041275,1.940239319338743,4.191651190035001,0.447220254346678,-1.9933351618651365,-2.017433515230241,0.1970805236770314,12.13341884254367,21.06885524244432,3.8215651946599425,-6.087334813237755,1.0591341736557331,-0.0009193777681981236,0.0015813455006064468,2402.125,4803.804521005684,14660.570302880516,206,B0053,18,1.0325426399701008,4,0.9657677316152898,36,0,1.0325426399701008,0.9657677316152898,0.005672829672603452
3.0920593287919123,1.9763616179319543,4.191822005194803,0.41904160889899295,-1.992634824405149,-2.016831246534153,0.1991251081766138,12.146814956196247,19.0403826843671,3.2331250087875394,-6.139424754709592,1.0189604890659332,-0.00091896290301116,0.001542425928194051,2355.265,4708.621394061206,14509.960851602074,202,B0053,19,1.055948784653705,4,0.9876601924027673,35,0,1.055948784653705,0.9876601924027673,0.0029267352820217863
3.0752264215555254,1.958878972318411,4.192766032434195,0.422986350626055,-1.9928701313578603,-2.0149856192697904,0.1977945059765872,12.493460218119653,21.22988294194384,3.8461532577714546,-6.106580995290959,1.0208350670803201,-0.0009118497363587334,0.0015890909871356066,2396.719,4792.018321491629,14684.238211172296,205,B0053,20,1.0445313831308718,4,0.9769811583921554,34,0,1.0445313831308718,0.9769811583921554,-0.0040989434934349585
3.063652287832334,1.9866817453254884,4.151701089360854,0.4109499577184017,-1.9928226279037262,-2.0155113891751384,0.19627691787013685,12.212439916474112,20.949809700571592,3.94091877207182,-6.084221029227556,0.9977674819468462,-0.000866981492636033,0.0015739698652336245,2442.344,4883.035456832353,14906.747370184949,208,B0053,21,1.035313906812183,4,0.9683597796220007,33,0,1.035313906812183,0.9683597796220007,0.006356363706240531
3.081738329329653,1.960538225019884,4.177926260298856,0.4109230992788704,-1.992894098916617,-2.0152683941461595,0.19625541678629307,12.533800131697806,20.122996890408825,3.70309422827419,-6.120311017100127,0.9994044008622299,-0.0008880102210138965,0.0015890542473193689,2444.703,4887.824462901197,15011.53182327151,208,B0053,22,1.076341053101982,4,1.0067336854280555,32,0,1.076341053101982,1.0067336854280555,-0.009683453611446425
3.0712653565298207,1.9904175883780109,4.19142646613203,0.43793980747527617,-1.992442672698046,-2.0162575030692795,0.19997743385177089,12.15752125414067,20.906313087706064,3.7765578403817335,-6.096770898487935,1.0484115394179263,-0.0008919772659779336,0.0015085363726241967,2412.25,4823.011033311227,14751.425856119135,200,B0053,23,1.0352223140423542,4,0.9682741101899349,31,0,1.0352223140423542,0.9682741101899349,-0.0005359348144506892
3.0775076513338275,1.9817745728975944,4.191965715839513,0.42060950530386554,-1.9925886065719591,-2.017437032117796,0.19874579163427403,12.500489505201012,21.20076254299653,3.8261922536637405,-6.1100942048333495,1.018555552943707,-0.0008996581702912988,0.001562556169036216,2403.234,4804.715133568608,14734.05074185853,203,B0053,24,1.0514287056908256,4,0.983432428591649,30,0,1.0514287056908256,0.983432428591649,0.0009040157925758851
3.081721091323029,1.9986378497920827,4.19127356264746,0.43314899763377257,-1.9921660756338,-2.014921575124692,0.2006310105408517,12.129752391274424,20.01669492389786,3.316682625689819,-6.1168653450921555,1.0433558199323925,-0.0009048223025060185,0.001487613121589324,2361.047,4719.763284674965,14491.181859467928,199,B0053,25,1.060332934638968,4,0.9917608178127273,29,0,1.060332934638968,0.9917608178127273,-0.0031603103016192512
3.065618110074437,1.9475532037509715,4.192474641560636,0.4298823469597102,-1.992579022263777,-2.0155065877750697,0.19967075419289493,12.4375808996521,21.30088854975241,3.879493433539608,-6.085860764758834,1.0333633267378977,-0.0009171727328183489,0.0015863077772606906,2392.468,4783.402660966677,14610.137807372004,201,B0053,26,1.0236966462748538,4,0.9574938115521057,28,0,1.0236966462748538,0.9574938115521057,0.002323452107465851
3.078450046499129,1.9971786671898824,4.17716731983324,0.41000583259873047,-1.9922556312887356,-2.0152751887801044,0.20054415976838355,12.499986997045514,19.859103950325803,3.678023970806729,-6.110833587536519,1.0045064570786455,-0.0008990595908601789,0.0015697812413937066,2373.89,4745.550943117696,14557.770244788713,199,B0053,27,1.0465884668750889,4,0.9789052097818906,27,0,1.0465884668750889,0.9789052097818906,0.005950517245378606
3.0625561806089783,1.954304860794578,4.191922035679278,0.4320687516761118,-1.9924849523302153,-2.0172461252654528,0.200751071329243,12.407329307373491,21.371062787995548,3.942603293432399,-6.079219914111614,1.038547627031134,-0.0009196703094910807,0.0015977698450840377,2383.234,4765.122665334652,14538.665438245042,199,B0053,28,1.0031121684812232,4,0.9382405394297887,26,0,1.0031121684812232,0.9382405394297887,0.0064220291122262015
3.070668465167841,1.972812167862101,4.1914917424018325,0.4440273461674607,-1.991918687181604,-2.0162327917586262,0.20254390104111084,12.12683073125857,20.121473725568496,3.319817221990971,-6.093412139334002,1.0627375188510417,-0.00092353051870503,0.0014994311367116152,2342.453,4682.584615662274,14321.264692317633,195,B0053,29,1.0461578935615607,4,0.9785024818012696,25,0,1.0461578935615607,0.9785024818012696,0.001054162425852967
3.0689252222547845,1.9932654775438805,4.192505197154108,0.4242145892810391,-1.9920764243229472,-2.015275118915808,0.20230955464826064,12.488226976946088,21.375504791399432,3.828362671381147,-6.090453615433179,1.0289914685829298,-0.0009118524447083253,0.0015745835565929372,2359.296,4716.59626926439,14421.633378563876,196,B0053,30,1.0156263513525603,4,0.9499454255398868,24,0,1.0156263513525603,0.9499454255398868,0.00894131665728155
3.059463155886766,1.9677305370734943,4.191388693209469,0.45113145725801507,-1.9916033205160302,-2.0163318275424214,0.2031941837650818,12.141455926320956,20.75519907919811,3.5467885876728853,-6.069850508938359,1.074476722458884,-0.0009270419269899649,0.0015231209491237913,2345.453,4688.1282232291305,14282.96023952113,194,B0053,31,1.0250054893129452,4,0.9587180112345272,23,0,1.0250054893129452,0.9587180112345272,-0.0002617686076182846
3.0515604930870808,1.9646771872417268,4.176817913788527,0.4323327657355643,-1.9918811626801765,-2.015461100618231,0.20275179341797453,12.395143910298117,21.495108529574846,3.977147949002984,-6.05510930116873,1.0410124935584772,-0.0009174516130557824,0.0015928334613255482,2360.172,4718.240121388161,14343.609588567804,195,B0053,32,0.9801331625592912,4,0.916747594184795,22,0,0.9801331625592912,0.916747594184795,0.013291060863159542
3.077258112412092,1.9842967959422224,4.191203897341503,0.43069043564890847,-1.991620909948196,-2.015619248928888,0.20480161793501317,12.19451958922961,19.650976156235696,3.3017541762496285,-6.105247246103182,1.0450428618010044,-0.0009286239373179942,0.0014979837089058763,2315.407,4628.351212342954,14189.239761583354,191,B0053,33,1.036777776420363,4,0.969728980249796,21,0,1.036777776420363,0.969728980249796,-0.00673312158782795
3.0764274410465147,1.9519786488395736,4.191950279497998,0.42059886915905087,-1.991691964766,-2.0158297917061314,0.20474538262732978,12.32467046038635,18.85601423191303,3.4296845137844953,-6.103734104185877,1.027719114129741,-0.0009419291622573663,0.0015481793644061216,2322.156,4641.912595414423,14230.26940199326,191,B0053,34,1.026830062058722,4,0.9604245881967212,20,0,1.026830062058722,0.9604245881967212,0.0038655663005677356
3.0735171627901745,1.9991200294367053,4.191989330112193,0.416627155624868,-1.9916164333598747,-2.016194986579563,0.2048304930277152,12.456556362135045,19.66943680638515,3.6559082170817794,-6.097697197501909,1.0211315689785505,-0.0009211291759106443,0.0015570752721510495,2327.1570000000065,4651.884816480355,14246.091676323551,191,B0053,35,1.0150379662805102,4,0.9493950915446084,19,0,1.0150379662805102,0.9493950915446084,0.00011767701441001144
3.0586262243104274,1.9919158008530224,4.192193889063254,0.42927186660093597,-1.9915769869135742,-2.016217922284512,0.20476733168138345,12.493233578273262,21.138845685984403,3.8901067749033906,-6.067597326412092,1.0393382957111132,-0.0009213135189290692,0.0015731990297172466,2335.0,4667.472426862536,14222.000837260302,191,B0053,36,0.9904614739486176,4,0.9264079699172442,18,0,0.9904614739486176,0.9264079699172442,0.006908803072865522
3.0655406838342585,1.94559141180858,4.176984220978375,0.4178415324973847,-1.9913283590219126,-2.015859431138657,0.2054000114027028,12.497083720348076,19.288047919779903,3.5889675059045043,-6.0808656993884265,1.022920532394191,-0.0009361589321648857,0.0015708900167720635,2329.375,4655.886217279071,14222.10112820503,190,B0053,37,1.0145765174582757,4,0.9489634847856673,17,0,1.0145765174582757,0.9489634847856673,-0.006888670979796907
3.0545790418645686,1.974560984027517,4.191893131054369,0.4329575022601096,-1.991453914785753,-2.019579743107578,0.2052135197360848,12.499664099435382,21.3268013324968,3.9474540509641454,-6.058963138005614,1.045441746324436,-0.0009290230517322413,0.0015775096240894246,2333.875,4665.27754188964,14194.986348572353,190,B0053,38,0.9811308944080388,4,0.9176808023517267,16,0,0.9811308944080388,0.9176808023517267,0.01112937640246483
3.050692756091621,1.945088917895143,4.191053526742021,0.45557607620300034,-1.991333341091594,-2.016238639458721,0.20637439240466257,12.233147481743185,20.84260661100648,3.539028106343443,-6.050506005234745,1.084779459986613,-0.0009473407136143085,0.001526751843443497,2317.453,4632.374199003938,14070.337426595632,188,B0053,39,1.0041687429386437,4,0.9392287848324726,15,0,1.0041687429386437,0.9392287848324726,0.004532263824015681
3.0706836502741286,1.9541644750198832,4.191344296215671,0.4197126146609342,-1.9909759973896202,-2.0172163751638545,0.20763558974864585,12.380002749755878,18.56010936417985,3.51743576155484,-6.089415899026907,1.030424634021466,-0.0009521389202649338,0.0015513176915330962,2295.109,4587.065523269663,14035.397465756272,186,B0053,40,1.007820487960787,4,0.942644370174861,14,0,1.007820487960787,0.942644370174861,0.0014434956639446384
3.051595420919736,1.935548354335742,4.1920711169862885,0.4330541261129851,-1.9908720980814456,-2.016287937204292,0.2086342364458206,12.616251645969692,21.59240098021019,3.953357238270081,-6.050420411433389,1.0508047962121623,-0.0009482608262966789,0.0015793465279091356,2326.657,4650.69414177924,14137.352269219027,184,B0053,41,0.982454133084564,4,0.9189184667014046,13,0,0.982454133084564,0.9189184667014046,0.001601468172810727
3.072187965091245,1.981406351768184,4.132408076306833,0.37973652107519174,-1.9918802848881905,-2.0155258990014104,0.2001592210661668,12.829588969895449,20.679962323191948,3.890753639873976,-6.098073197659851,0.9554427166431386,-0.000844041222748696,0.0015882534242046067,2479.297,4956.350625258547,15180.770609459672,200,B0053,42,1.1096775355538029,4,1.037914285425805,12,0,1.1096775355538029,1.037914285425805,-0.019020203619105436
3.094404341842919,1.9931418060709156,4.175775307137671,0.39373500551323315,-1.9920173318720953,-2.015457752881536,0.2011587602397214,12.58985421750493,18.9874805225948,3.511506017332382,-6.142071472857048,0.9814645221184969,-0.0008630786101739552,0.0015055080097031355,2463.578,4925.3887980898635,15193.130618092237,198,B0053,43,1.1136801589914762,4,1.0416580577488772,11,0,1.1136801589914762,1.0416580577488772,-0.026509852916687483
3.070776135685358,1.947894370100842,4.19084164853627,0.42657748005772667,-1.9921854505345817,-2.0161593144943324,0.20181673045681803,12.499581621225966,21.621996984314368,4.105416825997478,-6.094684044248279,1.0327211165689494,-0.0008911034349719281,0.0015145267775543976,2458.812,4916.4308909484025,15041.105600187311,197,B0053,44,1.0385009100572404,4,0.9713406782071854,10,0,1.0385009100572404,0.9713406782071854,-0.006866433423719354
3.093317588803282,1.9856387948209864,4.19061444729718,0.40402494875258393,-1.9915614937804331,-2.0159544884457428,0.20415466752983236,12.55044884575378,18.973652680872625,3.5235660649162077,-6.137505679287358,1.0024458514769814,-0.0008977245300007415,0.0015328466308204298,2400.672,4799.132258418382,14794.222509209249,192,B0053,45,1.0768815902180078,4,1.0072392658120417,9,0,1.0768815902180078,1.0072392658120417,-0.013812220451444146
3.0749380759068083,1.949232767477218,4.191036582578031,0.42921390033084467,-1.9913636586660957,-2.015999719716144,0.20470831213728502,12.432369953422185,20.978900321002104,3.6886589568209356,-6.09976738466796,1.0417141177000897,-0.0009133951506255055,0.0014853450617618481,2396.407,4790.254649359201,14673.118915104244,191,B0053,46,1.0721705505837382,4,1.0028328908256585,8,0,1.0721705505837382,1.0028328908256585,-0.01794328349983485
3.0677280268889113,1.971670057823583,4.190677216614621,0.42830138482517427,-1.9913026171829147,-2.016625929850398,0.20523003516878283,12.51661002939304,21.79016577987201,4.089973011693192,-6.084952094279754,1.0397807420818708,-0.0009071297753204891,0.0015298238165718757,2392.375,4782.298187269452,14614.181291647417,190,B0053,47,1.0124588999851116,4,0.9469828144052694,7,0,1.0124588999851116,0.9469828144052694,0.019443727113738252
3.0638438118587557,1.9947630114629613,4.174970264553197,0.4286611326612805,-1.990880837032101,-2.015107043691624,0.20643095370636444,12.386978430486096,21.259687238039497,3.941063252118468,-6.076001509275395,1.042895766648911,-0.0008975647886701588,0.0014961107331459245,2373.687,4744.241131690127,14474.727640501878,188,B0053,48,1.0279944857549583,4,0.9615137081886914,6,0,1.0279944857549583,0.9615137081886914,0.017137134647303577
3.069633671738992,1.93495405419616,4.191223425605613,0.4199389263176685,-1.99127383323294,-2.01589697281402,0.20589329198074352,12.86442209459833,22.11367611975276,4.0562120599077325,-6.088555808547538,1.0274124790501622,-0.0009253149478612614,0.001594402613884728,2385.922,4769.574385681699,14587.427495111842,189,B0053,49,1.0304147279049998,4,0.9637774323979628,5,0,1.0304147279049998,0.9637774323979628,0.0016172364304481324
3.0774703956362286,1.9626921591466933,4.1907916530158085,0.42690883574172533,-1.9908555652032598,-2.015193789051477,0.2078755301693919,12.452887134609785,20.51266351352416,3.509872389378997,-6.102612575833511,1.0435919605372932,-0.000925740670761091,0.0014725162717136244,2345.0,4687.149967672038,14369.168492258279,185,B0053,50,1.0556163273995052,4,0.9873492352802052,4,0,1.0556163273995052,0.9873492352802052,0.004253052563700521
3.065650898720959,1.965011869626919,4.191391388470691,0.4227891941535756,-1.9910466332112344,-2.015263550837058,0.2074601428679696,12.717167506079072,21.838243278861643,4.079011612762807,-6.079506441339703,1.0341046544151034,-0.0009212190370583513,0.0015808403031374553,2363.047000000006,4723.67238336867,14426.179100787293,186,B0053,51,1.0011115418162628,4,0.9363692940194454,3,0,1.0011115418162628,0.9363692940194454,0.014211801753495078
3.087680483774557,1.998288646492444,4.1908069648629,0.4081654204106552,-1.9904913026405957,-2.0167120885262446,0.2096917592612199,12.479976931874727,19.19841243068418,3.4634545418846816,-6.1216439758464345,1.0179141495322148,-0.0009211598650870269,0.001487177115080838,2316.687,4630.045589614465,14244.161548411786,182,B0053,52,1.0466839215498662,4,0.9789944913681061,2,0,1.0466839215498662,0.9789944913681061,-0.0068450043129509195
3.080080108538352,1.987337089818558,4.176075101120923,0.41039262749976113,-1.9901940926688606,-2.015138320039454,0.21031097333443624,12.53086381740867,19.94793881732045,3.4851987175506847,-6.105621712838672,1.021861210012584,-0.0009169170879060233,0.0014749197575416905,2322.0,4640.346508405811,14238.44778705121,181,B0053,53,1.047181656018543,4,0.9794600371675267,1,0,1.047181656018543,0.9794600371675267,-0.003837434052716926
3.0638130274525714,1.9333820178355812,4.1919833117809935,0.4228184094074482,-1.9906079852392542,-2.017603787583275,0.20855690973084906,12.900294389057347,22.11167709201849,4.090487218539545,-6.074172639628337,1.0354381348684905,-0.0009347171422855507,0.0015737745470698992,2357.687,4712.218689009415,14383.913776500085,184,B0053,54,1.0102740078425778,4,0.9449392200328569,0,0,1.0102740078425778,0.9449392200328569,0.004028144012484391
3.224017445984581,2.1808531235872497,3.849482783980402,0.38154691506429916,-1.1710330967045812,-2.014141944601924,0.9906765187929834,12.46348139823978,19.2224107892251,3.633030982368913,-3.4348768738943067,2.9229019289570615,-6.451800667115674e-05,0.0056976660629863484,2660.313,3073.2513743455524,9013.040472434877,280,B0054,0,0.7399351039859233,4,1.0,101,0,0.7399351039859233,1.0,-0.0
3.250620648698839,2.1857283549042807,4.150169673638684,0.3386591963925303,-1.6489958041029575,-2.01461726969032,0.7729412168039774,13.22908734445715,19.13350840101625,3.075625460619675,-5.1959597059455565,2.4907941794536037,-0.00014843215575289015,0.0059613105752196,2826.0,4646.486746021657,14640.94998718929,299,B0054,1,1.1665440238116096,4,1.5765491021139635,100,0,1.1665440238116096,1.5765491021139635,-0.4266089198256863
3.3125509639490387,2.191704472328808,4.18097797086454,0.34858738277033435,-1.5571513787964162,-2.0143625410829222,0.8407035308367392,12.767949622305693,19.246439328077983,2.8776041653916584,-4.970464500257318,2.7352155918732355,-0.00014913699917590414,0.0060658143733258165,2818.578,4372.530649128339,13956.782563972116,296,B0054,2,1.1052521456138635,4,1.4937149753539603,99,0,1.1052521456138635,1.4937149753539603,-0.1826585208139701
3.014547209987882,2.194436684364802,4.183817862511293,0.46948230029577886,-1.997470366256859,-2.0147009133139475,0.16811265251326962,14.48548355867213,25.274344894624623,4.893114675470845,-6.005243343491507,1.0543359521247604,-0.0007158752727496769,0.0017607219895872468,2713.812,5429.902766469117,16312.682489577515,284,B0054,3,1.0960302257185877,4,1.4812518284568896,98,0,1.0960302257185877,1.4812518284568896,-0.11869837391088811
3.362083204238267,2.1744802077788186,4.179551945393369,0.3305518681697366,-1.4975619564128648,-2.0151107748835604,0.876888573842336,12.21069483610014,17.912726519981458,2.6133006353454324,-4.843479037414713,2.877830601841587,-0.00014111462226653414,0.006182639047134315,2786.578,4153.288031278256,13433.138790922996,289,B0054,4,1.0754450685609742,4,1.4534316087555614,97,0,1.0754450685609742,1.4534316087555614,-0.08387749114376272
3.01935322902276,2.1991956579298835,4.186221002348923,0.4847331663805104,-1.9970237894724439,-2.0153415190841444,0.17046928252351917,14.382852820878863,25.399130245059563,4.976387670080271,-6.0130855101456,1.0852750045519497,-0.0007297240812722254,0.00172207855549734,2667.89,5337.535536889758,16059.506490827034,276,B0054,5,1.0655493528023796,4,1.440057847049585,96,0,1.0655493528023796,1.440057847049585,-0.06512284976329126
3.2949076790535123,2.195382286735059,4.162967318861197,0.35095634652775587,-1.6640786232847222,-2.0145865502939007,0.7599142768398927,12.646539321462496,19.95849572800336,3.3401957273286684,-5.335773957016588,2.504893544311847,-0.00016235967826957128,0.006287226555698592,2530.172,4206.838815791589,13488.871470416143,260,B0054,6,1.0568368579972396,4,1.4282831728136864,95,0,1.0568368579972396,1.4282831728136864,0.021941433162874002
3.099558518903638,2.186961493066742,4.186119302404479,0.4440840946235038,-1.9715817292939632,-2.0144164466227608,0.28071126657732315,13.501798463127008,22.3455512044548,4.396026752954323,-6.083603367547985,1.2260539542530224,-0.0002493137866879928,0.006078361453462645,2446.062,4839.891425913331,14927.74681461182,251,B0054,7,1.0449064445364842,4,1.4121595784653604,94,0,1.0449064445364842,1.4121595784653604,0.01206914021547587
3.344320754921095,2.1792899341144296,4.183685207894235,0.35598978364984957,-1.5296202376253885,-2.014507087829109,0.8581608198475545,12.310686417130766,18.346440665576743,2.8990591827042134,-4.929176284820198,2.8212744771948395,-0.00015300128998115478,0.006127044710049347,2713.25,4131.638989700925,13314.536007053968,275,B0054,8,1.0458363976936966,4,1.4134163821393624,93,0,1.0458363976936966,1.4134163821393624,0.010038765604978206
3.3393968492515325,2.1960491387884744,4.186682919177322,0.37236613088582243,-1.5281296055710467,-2.015019913901801,0.8590258160046892,12.449589157423155,19.776786565302107,3.282031827377799,-4.912793043767584,2.8247895989948275,-0.0001511945523367968,0.0061626357161091,2676.578,4073.5620429964256,13096.62122252752,270,B0054,9,1.018187920878015,4,1.3760502987264476,92,0,1.018187920878015,1.3760502987264476,0.011451429536591862
3.1066787302612444,2.1942476804372792,4.187137846103755,0.4486783147290371,-1.9701082949463855,-2.014966759457277,0.2858247014795942,13.39260571620204,22.520284175103843,4.326673589591767,-6.092345843344001,1.2451563004108843,-0.0002533921162358194,0.006075111243864623,2394.734,4736.213436560378,14640.218816433076,242,B0054,10,1.0226409233672231,4,1.3820683974289156,91,0,1.0226409233672231,1.3820683974289156,0.008581685887031298
3.3713317734388912,2.1907481286563577,4.170757473231068,0.3338724769382627,-1.5000378935218985,-2.014728010762573,0.8753287821054756,12.045245019281868,17.54568061289479,2.6405766446047463,-4.872234784269309,2.8884487470801252,-0.00014795009349166473,0.006000391238292633,2673.0,3992.4183712487766,12967.9332906773,267,B0054,11,1.03890961861509,4,1.4040550489071733,90,0,1.03890961861509,1.4040550489071733,0.0035854478764299367
3.1171442968796907,2.185877354823723,4.18733783943504,0.4599686022254519,-1.8653555811837863,-2.014368961045537,0.5220141978302597,14.027143186292392,22.730114882559054,4.870547835748247,-5.733728058319777,1.8233593158341672,-0.0001973236245656083,0.00568677578840869,2619.578,4894.566357154477,15036.520018612187,261,B0054,12,1.0173250354350074,4,1.3748841350475531,89,0,1.0173250354350074,1.3748841350475531,0.005516281820295355
3.3723181530355464,2.18549830376202,4.183271363053432,0.33554525948783187,-1.5115018139952765,-2.014355748891674,0.8690718502772082,11.986987916312621,17.24230903543893,2.639076441558451,-4.916980942624734,2.8746210855753382,-0.00016014939013394018,0.005970127173794577,2640.016,3974.8589020068775,12930.273354307563,261,B0054,13,1.033183911994548,4,1.396316928915706,88,0,1.033183911994548,1.396316928915706,0.0025304971398297125
3.3752367769573675,2.169486415611112,4.187176348907268,0.3452092682304832,-1.497824274090196,-2.0146806054764226,0.8768093667317244,11.961246010798936,17.67282228813571,2.694439849772501,-4.869832443810992,2.9011493887066675,-0.00015512355421108762,0.006152635245440184,2621.187,3910.1648403878526,12713.768191962425,258,B0054,14,1.0095232119739597,4,1.364340205696154,87,0,1.0095232119739597,1.364340205696154,0.0017329417808110482
3.0680241783485127,2.1991609285274296,4.187497017349983,0.4831202869627064,-1.9179494962272425,-2.0150473398447923,0.42401066413497696,14.303923037098802,24.83365687277193,5.439757230736072,-5.83064434386314,1.590814127680719,-0.00022210328393876093,0.005344257258727699,2616.453,5032.343166458262,15285.67285802788,257,B0054,15,0.9862483259626476,4,1.3328848984861923,86,0,0.9862483259626476,1.3328848984861923,0.007278519480915113
3.080029423131606,2.16946894247905,4.167864162415893,0.4642371793654741,-1.9314917930639428,-2.014525320811098,0.3930623513852889,14.014570142346548,23.814869897999767,5.159532126935495,-5.904734670251437,1.5014136200190047,-0.00022762216742312842,0.005393417792540101,2565.109,4969.933948849454,15182.900893866496,251,B0054,16,1.0080048320000436,4,1.3622881609077166,85,0,1.0080048320000436,1.3622881609077166,0.00618095732300925
3.0995001166042586,2.189366386338004,4.182759232638332,0.4658395741924501,-1.92048742497431,-2.0146338064826703,0.4184753694374373,13.82742179742786,23.28615802177016,4.943148780815532,-5.902018425240219,1.569359487939465,-0.00022185719806496498,0.005462723700119627,2532.531,4879.608982865412,14986.593834098192,242,B0054,17,1.0153387761254196,4,1.3721997654333962,84,0,1.0153387761254196,1.3721997654333962,0.0003972518619175691
3.135117188240346,2.1938108499397133,4.183401065560466,0.46623501743338386,-1.849612166299431,-2.0145545734774464,0.5472514394967809,13.793181239419976,22.857688282463823,4.697349852361344,-5.712361717996108,1.90412223246255,-0.00019811336112493148,0.005604490715803538,2556.593,4736.900396901206,14621.634035612664,248,B0054,18,1.0106786853355956,4,1.3659017931318784,83,0,1.0106786853355956,1.3659017931318784,0.004501045331790498
3.361825569933971,2.195354018162212,4.174098618023754,0.3436137684863983,-1.525824007413269,-2.015071938818325,0.8604749000249561,12.006556818172502,17.0744400013979,2.72817487299481,-4.951565430909876,2.8444222801576995,-0.00015372527969532133,0.0059453242451555505,2577.891,3919.770273424911,12721.113297331995,248,B0054,19,1.010409656585336,4,1.3655382088812997,82,0,1.010409656585336,1.3655382088812997,-0.00017728892227526495
3.069748420550782,2.1757051329882087,4.187244537540539,0.47999927117359553,-1.9223708469458909,-2.015121108029787,0.4145331496285316,14.223331420666247,25.034160636506623,5.495816846054427,-5.851282349658288,1.5666526997241361,-0.0002316186326735969,0.005248885022773988,2572.36,4960.348051767491,15086.36424836934,247,B0054,20,0.9801433323963482,4,1.3246341836148305,81,0,0.9801433323963482,1.3246341836148305,0.0012209987132598688
3.0996476610968013,2.1816843710356264,4.149611746563943,0.45217350901616693,-1.9101165488009806,-2.013901151718406,0.4397270126931448,13.816713741617784,23.82931377080337,4.696040253577503,-5.870550363458722,1.609215623635446,-0.00020941614432187224,0.004971182593150821,2697.75,5167.380809048749,15871.080715068376,258,B0054,21,1.1016641723624383,4,1.4888659376044369,80,0,1.1016641723624383,1.4888659376044369,-0.01873186807247893
3.3276361450033405,2.1869057073992466,4.167185143906847,0.3594805420500921,-1.6020144332363573,-2.016096569932816,0.8095613802014833,12.297445133045807,18.148295901779747,2.963012301345992,-5.173873035535336,2.6825687000325242,-0.0001593006498982507,0.005686284389416773,2683.406,4289.21275060911,13852.667296965941,255,B0054,22,1.0826512239001271,4,1.463170510586728,79,0,1.0826512239001271,1.463170510586728,-0.013462489554941514
3.0908876531781067,2.1798631989492883,4.186239596060815,0.4815909637859592,-1.9236868575194104,-2.01701234819005,0.41153597215148424,13.917709213674303,24.24050410772348,4.9194830738119055,-5.899503915460394,1.5713567445031993,-0.00022791684331488428,0.005042227862343536,2646.156,5106.034702382704,15646.342128170007,251,B0054,23,1.0575008387868343,4,1.4291805228461663,78,0,1.0575008387868343,1.4291805228461663,-0.00936443069024775
3.1255606087732573,2.1957368370641035,4.183562459488766,0.4657110417283071,-1.8803961080701523,-2.01436163651519,0.4965538703959045,13.738247646589583,22.93935470684112,4.7284837622334095,-5.809067609013684,1.7731385428112256,-0.00020509419741571684,0.005310740227828595,2593.531,4888.314874206264,15094.212310450948,245,B0054,24,1.0385517331615322,4,1.4035713774991945,77,0,1.0385517331615322,1.4035713774991945,-0.005628415315239233
3.0910099520509644,2.197272162359153,4.183469543197807,0.4727173191119414,-1.905113543140002,-2.014438424073582,0.45046912738449346,14.021036742212438,24.77112444800467,5.45808627305985,-5.833336045107958,1.6532702465546716,-0.00022220052634631168,0.004976864724068326,2604.125,4976.128395216387,15228.493641394052,245,B0054,25,1.0073294901291132,4,1.3613754567161025,76,0,1.0073294901291132,1.3613754567161025,-0.005437231546553001
3.371121145966289,2.186991625035034,4.182803471091083,0.3418740107749257,-1.5218810456368534,-2.014431202432039,0.8628924610399091,11.909908874752377,17.39258920543283,2.665977862233,-4.956423116609205,2.862653255649897,-0.0001586431548644099,0.005809815728566669,2588.594,3927.012022771529,12789.950620251559,242,B0054,26,1.0160400308540347,4,1.373147490071459,75,0,1.0160400308540347,1.373147490071459,0.017124828301680717
3.3382772643772527,2.1839945875783817,4.177543051799468,0.3653698172035695,-1.5596078514903517,-2.013986354296884,0.8390734999254026,12.313622257322168,18.305747733025576,2.951543333908646,-5.032680938743415,2.7724922539573167,-0.00015965757769899908,0.005825030834498406,2579.203,4013.70511983335,12952.62304420651,240,B0054,27,1.0158319636440951,4,1.3728662935059512,74,0,1.0158319636440951,1.3728662935059512,0.013363852051206404
3.275227014636782,2.1974155139704856,4.18745666665725,0.41250675314092117,-1.6471246950174097,-2.014668185258512,0.7744557953079095,12.835536006037291,19.849601783840107,3.4952332326415325,-5.235460964729736,2.5626503551319644,-0.00017428464149426385,0.005748024956329028,2555.453,4202.665147244518,13358.150210206824,237,B0054,28,1.0015383803216271,4,1.3535489462879715,73,0,1.0015383803216271,1.3535489462879715,0.011192491693041439
3.08264025202744,2.1944796571193828,4.187380122640154,0.4659479263712653,-1.9257089452541614,-2.014862616769552,0.406527456090443,14.025334270032486,23.697887384213885,5.17251943509124,-5.889148473033225,1.5353088101358199,-0.00023536400651929889,0.005076266337343676,2525.609,4881.482818723431,14920.506772494078,234,B0054,29,0.981248861591824,4,1.3261282730147257,72,0,0.981248861591824,1.3261282730147257,0.011460574313941629
3.3354691487943056,2.19582689132158,4.183314724424282,0.36862552330887216,-1.5632544144584157,-2.014853256042905,0.8367176886118618,12.206393799822907,17.639370990163055,3.03727063603368,-5.040550760435829,2.7646103151430514,-0.00016342875864527425,0.005795031758675739,2536.172,3956.929575945897,12759.496680510145,233,B0054,30,0.9987416030110134,4,1.3497691860150127,71,0,0.9987416030110134,1.3497691860150127,0.0017175774236199536
3.0695623236052407,2.180729125655269,4.187279483525102,0.48192955003319193,-1.9167231691178084,-2.0149047097695103,0.42638135006373545,14.157912343382948,24.85575941323945,5.556497702168125,-5.831204744847873,1.5965113177403767,-0.00023322402590723396,0.005058045902665101,2536.204,4878.670232149419,14832.66254347959,233,B0054,31,0.9584014230949642,4,1.2952506482422506,70,0,0.9584014230949642,1.2952506482422506,0.011527721551814096
3.1084291827280213,2.198606902338691,4.168586129733135,0.4629538934214686,-1.8791583665297855,-2.014435259110157,0.4981996466458128,13.877029644763786,22.63357359621721,4.858738852821246,-5.770305766605123,1.7648337008426493,-0.0002075486354575547,0.005248470508419869,2488.86,4690.221337008594,14396.628585754828,228,B0054,32,0.9800846133894624,4,1.324554826646132,69,0,0.9800846133894624,1.324554826646132,0.007149470050926543
3.3581509225423294,2.178492152794792,4.183747098480424,0.36250812218539735,-1.5204721015245712,-2.014355978821028,0.8635903174675006,12.000734280236426,18.24210090664387,2.9808082832257363,-4.924253119942285,2.8570393043853715,-0.00016101821864817744,0.005855847896924949,2518.547,3820.9529047559436,12374.92307844247,229,B0054,33,0.9720372198962766,4,1.3136790167949226,68,0,0.9720372198962766,1.3136790167949226,0.005900232085070112
3.1056894645085027,2.1931605321338634,4.187523274109238,0.47303999609321185,-1.8782588716032265,-2.0147034101308976,0.5001069908874506,13.961422230756657,23.459587106388877,4.8644774454572195,-5.760190408353372,1.7776291130002606,-0.00020905507294153788,0.005347070658811544,2485.766,4683.492232732163,14356.487317994295,226,B0054,34,0.9693202807518412,4,1.31000715539816,67,0,0.9693202807518412,1.31000715539816,0.0023857161679965654
3.076065545012625,2.1971158447610275,4.184269535257578,0.4870726622438803,-1.89639216401358,-2.0139210824745613,0.4671066628275037,14.14108020855593,24.87318926454243,5.571168046818542,-5.77125334913385,1.7018576220949846,-0.0002299116076582149,0.004934219526372939,2506.718,4769.562583938112,14506.449135306382,227,B0054,35,0.9479786388506264,4,1.2811645693575053,66,0,0.9479786388506264,1.2811645693575053,0.010152592832077412
3.121042954980712,2.192446180613871,4.183868392040906,0.4724685014041262,-1.8576897659318123,-2.014478855847645,0.5343800532956422,13.857077682108361,22.57895105031832,4.743810440127282,-5.7152879838121535,1.870412047260045,-0.0002098321480519884,0.005333790758555278,2459.297,4581.730744363438,14090.638466436238,222,B0054,36,0.9638519569071228,4,1.3026168804736953,65,0,0.9638519569071228,1.3026168804736953,-0.0010901067624317085
3.330025768269621,2.1750045839249057,4.169539487587025,0.3740938937190051,-1.5518869076190895,-2.0139737933023243,0.8439202315204394,12.299989669041157,18.155876160419844,3.0181655523825075,-4.987840493442731,2.7799339971378663,-0.00015822496642793252,0.005815215912860802,2488.734,3855.971627474326,12394.308424497349,223,B0054,37,0.9682336695484696,4,1.3085386330946254,64,0,0.9682336695484696,1.3085386330946254,0.002370188768198567
3.067009596769174,2.1906356157422464,4.18749739820457,0.4799350043744763,-1.9124622855946998,-2.014431483451508,0.4352780785948879,14.212120623239777,24.745737558953422,5.565387412166769,-5.810902394068449,1.6135148321554795,-0.0002349517570449153,0.004930890964699405,2491.375,4782.7042018427255,14523.99309700345,223,B0054,38,0.9407020864603765,4,1.2713305280327294,63,0,0.9407020864603765,1.2713305280327294,0.006267026687180021
3.224323331222822,2.1969226044699126,4.183674115350642,0.4427289044730542,-1.7011264817066785,-2.018377681782796,0.7264478959343268,13.232401754114171,20.864500972462256,3.941572056302791,-5.336715589558071,2.40994168285202,-0.0001992889412135057,0.005479205001129246,2467.328,4197.359122408617,13166.691871560022,220,B0054,39,0.9618442077038964,4,1.2999034679157413,62,0,0.9618442077038964,1.2999034679157413,0.0014952146095889463
3.348287536831091,2.188259141429684,4.185924206625423,0.3775713800692734,-1.5163049342863169,-2.0139931249992817,0.8661280908921731,12.098481296366476,18.59367691804772,3.1106080718070763,-4.8876626558156735,2.8574930466637527,-0.00016675584656762184,0.005780510215514436,2466.125,3734.187677748821,12037.369701109326,219,B0054,40,0.9332340144199704,4,1.261237653670942,61,0,0.9332340144199704,1.261237653670942,0.002948924886131188
3.0573024563037245,2.1682818867328626,4.187821519147336,0.47561109127899337,-1.9284095076756849,-2.014238765879417,0.3999123960981321,14.31610663580659,24.597212846034733,5.428737662096575,-5.849185960273242,1.5222452274851292,-0.00024555208478731433,0.0049672686969813844,2459.312999999994,4762.74206071491,14438.346938591792,218,B0054,41,0.9313454737145216,4,1.258685347806177,60,0,0.9313454737145216,1.258685347806177,0.006501296638520238
3.076951013118892,2.187733999755357,4.145501189988608,0.4596033211251679,-1.8954338677218163,-2.014308805131467,0.46817918441331813,14.083550544682673,24.13178710047615,5.046650524372285,-5.772238839459304,1.6754594623806738,-0.00020671539547402771,0.00477271659566602,2559.125,4867.484463098161,14816.475773352464,226,B0054,42,0.9976429099116704,4,1.3482843353930802,59,0,0.9976429099116704,1.3482843353930802,-0.0058818480726401615
3.085795975435223,2.158914847324055,4.168037433999008,0.45585392917113776,-1.9122439737900219,-2.0138438441231696,0.43523263772644,14.07160712441505,23.612194914633054,5.124965838822448,-5.850124765493241,1.5948568049737333,-0.00022431170316976958,0.004813601396768276,2534.156,4864.7573909444145,14878.654650522643,223,B0054,43,0.9833315262972036,4,1.3289429316167578,58,0,0.9833315262972036,1.3289429316167578,-0.00852588796736542
3.3302769619097354,2.1913469960772693,4.182894970276525,0.37423915865451124,-1.5658732171156964,-2.0139333922350606,0.8349326563214217,12.23792511997238,18.35582339692624,3.0628697900669932,-5.041750381321791,2.7583148031751334,-0.00016934546335508206,0.005572246317817776,2521.985,3944.3758222948454,12701.310713632618,221,B0054,44,0.9904370062777442,4,1.3385457737339443,57,0,0.9904370062777442,1.3385457737339443,-0.005718559714769556
3.071754770434524,2.1887585386046826,4.187269403966888,0.47181434451781323,-1.9198544645109012,-2.014466237816939,0.419713260558871,14.182674582038874,24.73342335069987,5.485977150726865,-5.84793374969594,1.5698774296106963,-0.000238059162164874,0.004787848584328851,2503.172,4826.108298788242,14691.792358194305,219,B0054,45,0.9499871340436294,4,1.283878990098167,56,0,0.9499871340436294,1.283878990098167,-0.0033506239247317994
3.0794678744671966,2.198239401427243,4.183666770470569,0.4703825039106542,-1.9091163760160397,-2.0139589410587826,0.44189432868078327,14.10332308130901,24.172566338551658,5.2758717955708825,-5.82492494417341,1.6239462539544687,-0.00023560644315690388,0.004768706230260559,2474.344,4742.59350162607,14464.265031238827,216,B0054,46,0.9526027840900876,4,1.2874139623306886,55,0,0.9526027840900876,1.2874139623306886,-0.0042514620751132
3.0669938746662084,2.1796805503092664,4.071079307477162,0.42481869951423595,-1.8522071985944888,-2.0140304829398645,0.5421581299436856,14.073408640034845,23.99040081449467,5.151458657897364,-5.602149726711813,1.8222616811224714,-0.00018492628086418838,0.0050025304462449184,2349.64,4366.16689833771,13204.942837954044,215,B0054,47,0.8850175175465715,4,1.196074510830896,54,0,0.8850175175465715,1.196074510830896,0.022525078473019766
3.092460830981556,2.1687268442761383,4.166737300664872,0.4489764628038364,-1.9078833192347389,-2.014601101608025,0.44423206339971666,14.081056672524559,23.497913584081875,5.060677610299959,-5.848719595438631,1.6131000348436262,-0.00022768675021653633,0.004752361683240086,2560.688,4901.9046121087595,15022.46327945978,233,B0054,48,0.9937402750241768,4,1.343010041922652,53,0,0.9937402750241768,1.343010041922652,-0.0020817497453946565
3.1098726595442607,2.191725388766709,4.182736373587939,0.45670636505505685,-1.8886275942243518,-2.0140748044967807,0.4814008468979406,13.882912785076055,22.413638355604547,4.85652600286646,-5.811205257545902,1.719694106419125,-0.0002196319207304626,0.004948977888843449,2522.375,4778.088505792955,14696.164923916967,229,B0054,49,0.995507330519279,4,1.3453981641857848,52,0,0.995507330519279,1.3453981641857848,-0.0010140648483069504
3.0916929425969144,2.16190489413124,4.183619389994964,0.462710674002482,-1.9132216217910722,-2.014119788854084,0.4332045173216257,13.976909425974554,23.276288269463745,5.015926019584127,-5.865017480110426,1.600436566039221,-0.00023957220376755588,0.004934910643459255,2488.719,4778.8063195646955,14643.395518530891,225,B0054,50,0.975407870968116,4,1.3182343501662983,51,0,0.975407870968116,1.3182343501662983,-0.005084147384897308
3.092077800709679,2.1867699716569766,4.18340061507743,0.46508897870418126,-1.903346510749379,-2.0142173050860928,0.4534678795472115,14.001484389915577,23.166415774259068,5.028970361742991,-5.8295653029886765,1.6520515590078733,-0.00023245738206803247,0.004909479188467463,2474.844,4727.29508774098,14472.402281458024,223,B0054,51,0.965960558373922,4,1.3054665918273538,50,0,0.965960558373922,1.3054665918273538,-0.002671554856766889
3.0868228519569625,2.198752976514828,4.183750141327261,0.46608458583447515,-1.9027928791898274,-2.015149324108691,0.4543467857601098,14.093605062402071,23.915519230311656,5.171090270640353,-5.817818968298429,1.6529796479162409,-0.00023476676103059265,0.004789868113882954,2473.875,4724.148772543163,14437.690989369159,222,B0054,52,0.9573702621688754,4,1.2938570653178372,49,0,0.9573702621688754,1.2938570653178372,-0.01447054892446078
3.072604933827402,2.166553275090901,4.16720818599326,0.47414596618545557,-1.8852058718255222,-2.0142477748570418,0.4873920610599945,14.300275862318225,24.7714915843067,5.502036071739478,-5.727569453744704,1.7364005114413834,-0.00022212515138202385,0.004817019169288846,2495.5,4720.285745684623,14333.28767326434,223,B0054,53,0.9294756591964932,4,1.2561583498195212,48,0,0.9294756591964932,1.2561583498195212,0.012852923165536722
3.076772656394079,2.197414602671961,4.183066668693598,0.4860560260720249,-1.8841642253203457,-2.01446153517772,0.4896972427554574,14.124062472619881,24.68396453173386,5.5458390719977,-5.7310126665590575,1.7564822193979184,-0.00022810883122829692,0.004772265456920782,2481.078,4691.3151369423485,14260.376640647555,221,B0054,54,0.9323553879823946,4,1.2600502165121388,47,0,0.9323553879823946,1.2600502165121388,0.012630388507376878
3.2911829197288838,2.1984537160355733,4.182465009412686,0.4002402595850726,-1.6061202048940721,-2.0143094298980317,0.8065630050437527,12.64526098166937,19.020363167421827,3.3904547047243008,-5.116007553806844,2.6565074890501346,-0.0001782819662482407,0.005574041859709003,2460.125,3947.4158231945257,12574.719238997786,218,B0054,55,0.954568378404969,4,1.2900704038271023,46,0,0.954568378404969,1.2900704038271023,0.004167898512629398
3.0675140530182183,2.1699490089903373,4.186729661376772,0.4700539863741289,-1.9185686957922585,-2.016093932087486,0.422261192536753,14.223331638985794,24.13873479197664,5.315208930702878,-5.836030035906345,1.5725071520032148,-0.000246519318116953,0.0048556198574391555,2440.547,4701.8233619447765,14294.678318346512,216,B0054,56,0.9330242104372936,4,1.2609541099094057,45,0,0.9330242104372936,1.2609541099094057,0.006587269587325695
3.0671371599201427,2.176887912375456,4.183427098166605,0.4903666885506074,-1.8904802137424437,-2.014278751068411,0.47820648722308273,14.139185148296136,24.81564122138252,5.57473131290332,-5.73467390317622,1.7291853564977548,-0.00023754735704070614,0.004798332541988807,2449.922,4648.6171195310335,14093.525170581135,216,B0054,57,0.923294184000959,4,1.247804272330515,44,0,0.923294184000959,1.247804272330515,0.006815215633583294
3.078813614886158,2.1883883016985664,4.166698332057613,0.4637428478184985,-1.8976415345909174,-2.015356074543067,0.4642645516942277,14.087390371698557,23.24485824164149,5.0679691473239545,-5.782975844660884,1.6703948700591187,-0.0002261360586234649,0.00489835414310209,2408.781,4588.7242419284285,13978.77012719589,212,B0054,58,0.9257799164262976,4,1.2511636648122995,43,0,0.9257799164262976,1.2511636648122995,0.0007391485540391152
3.066888936059056,2.170115376243027,4.184004022833215,0.4881657891077164,-1.8894343368968853,-2.0143329905022145,0.4800403901992128,14.202958247128624,24.86373425921068,5.541834720381487,-5.730827811444668,1.730873816288066,-0.00023625078359136063,0.004790955490583645,2442.547,4632.188001935685,14041.415546944736,214,B0054,59,0.9162765793280084,4,1.2383201910439972,42,0,0.9162765793280084,1.2383201910439972,0.0032157617308772313
3.2822748078833337,2.1966197167856167,4.182970368325371,0.40605393003704404,-1.611671218418306,-2.0139655039502675,0.8022592064884525,12.672879944135305,19.187532398616906,3.485624000140772,-5.1191087590626765,2.638955419580544,-0.00017364667935618574,0.005621401570283058,2420.671,3899.3136619091747,12385.83161984269,211,B0054,60,0.9387011679112468,4,1.2686263468979908,41,0,0.9387011679112468,1.2686263468979908,0.003173442098744439
3.06323475400009,2.1844861596911245,4.186946857158577,0.4718142533950792,-1.915975846751273,-2.0144164428749267,0.42798315656317404,14.267116889972154,24.608575630578702,5.395643006669626,-5.817995408081149,1.5859132675885284,-0.00024808692768388106,0.004778915284660637,2409.906,4637.553482025458,14075.4409564823,210,B0054,61,0.9158990586877171,4,1.237809983272724,40,0,0.9158990586877171,1.237809983272724,0.003425030349915281
3.3294345220814243,2.1969048206503072,4.182782183216822,0.3841743553084177,-1.5310760587444987,-2.0139993110110943,0.857118885268813,12.173995572424571,18.813867999485478,3.3580159056246317,-4.909419963298279,2.8180858378816627,-0.00016582510587735512,0.005667977442977009,2416.672,3697.5783557973177,11857.174773571422,209,B0054,62,0.9202608990433788,4,1.2437048790982703,39,0,0.9202608990433788,1.2437048790982703,0.0006066569915160302
3.059197039764698,2.189593119391126,4.175798948316686,0.462904931901908,-1.9239678603051145,-2.014122151363509,0.40977620496039546,14.240824503948053,23.94925053538712,5.287862501805799,-5.838229423742024,1.5304737852930999,-0.000247427004878201,0.004793969279452361,2395.75,4630.627035410729,14046.057659848211,207,B0054,63,0.9111253917360888,4,1.2313585162103922,38,0,0.9111253917360888,1.2313585162103922,0.0029309049380417786
3.0606951230963726,2.1801159908061365,4.183432164471636,0.48825950209908053,-1.8954445735817307,-2.0146239260917764,0.4689055311605991,14.275292993104369,24.82147170162433,5.519801542360202,-5.739634189304208,1.7013081073502703,-0.0002401106921781939,0.00478513536281497,2410.688,4588.491472381293,13884.959460377404,208,B0054,64,0.8980507043695345,4,1.2136884701534842,37,0,0.8980507043695345,1.2136884701534842,0.0036451749916947885
3.3096645129465334,2.1883204645817864,4.182464884390648,0.3910091017942073,-1.562794930544311,-2.0143268562937324,0.8370560484716688,12.319879487331049,18.57811741414672,3.4075134228851205,-4.989765967337549,2.748761324376617,-0.0001743425585360066,0.005627091014621165,2402.125,3751.2044399968754,11977.835744546432,206,B0054,65,0.9278864624016372,4,1.2540105982311789,36,0,0.9278864624016372,1.2540105982311789,0.0021629411019219225
3.068838395977353,2.176027126654838,4.187190771734197,0.4678032510174497,-1.9221081343667143,-2.015447318773766,0.41476356984007384,14.017340985088923,22.523812738647745,5.013896794136877,-5.848973774055877,1.5506231117852183,-0.00025325234856642993,0.004987259774723753,2355.265,4548.662058725531,13836.086799969646,202,B0054,66,0.9118415396987224,4,1.2323263686055224,35,0,0.9118415396987224,1.2323263686055224,0.0008115037977989515
3.0642577232510537,2.192431157609426,4.184124653963867,0.47844243532923353,-1.8937037642157029,-2.016007641646079,0.47198475801954215,14.309673058312118,24.88527095803529,5.512766724202866,-5.740196742214876,1.6985582621057451,-0.00023710383235656834,0.004731595046447674,2396.719,4558.1147283566515,13810.364183590094,205,B0054,67,0.8936491649329469,4,1.2077399222161351,34,0,0.8936491649329469,1.2077399222161351,0.005322346822086388
3.05089172896046,2.165885100454371,4.1396795894908935,0.4671935859704066,-1.8756620997311104,-2.013710590988413,0.5037523082238219,14.20580721645281,24.49535100296176,5.491934039342205,-5.650306274196885,1.7570588919146697,-0.0002143171457817666,0.004711155913891846,2442.344,4598.120568123024,13845.161296529037,208,B0054,68,0.9100864492604256,4,1.2299544167561745,33,0,0.9100864492604256,1.2299544167561745,0.00020778849513263252
3.0723870805326334,2.1973597496316057,4.166798038044882,0.46253078991512925,-1.8854776045140642,-2.014086384956398,0.4865584836442392,14.343325580342825,24.79248513927076,5.382422542691299,-5.727923724074296,1.7208596921836667,-0.00022460184017315422,0.004597476003184682,2444.703,4627.586979798915,14052.988189230771,208,B0054,69,0.911490473146094,4,1.2318519127367071,32,0,0.911490473146094,1.2318519127367071,-0.0026879537553119006
3.292510597456584,2.1972629267290893,4.182556356872751,0.40276410051128936,-1.589261111842247,-2.013579783626152,0.8185974391578565,12.52113276136492,19.41886177632084,3.581330346902087,-5.055635136137408,2.6898285371286477,-0.00017003542608300093,0.005494338360250422,2412.25,3834.502661729182,12199.142557667135,200,B0054,70,0.9337172811638196,4,1.2618907741152159,31,0,0.9337172811638196,1.2618907741152159,-0.0011661637524364777
3.0615420925064947,2.198752877987022,4.18680349899093,0.47024558166972374,-1.9122401856096214,-2.0145269757019744,0.4349681841165372,14.320010513448283,24.843161021240142,5.463044136112703,-5.80120912136,1.5992672012241598,-0.0002494274340595805,0.0046310001394770615,2403.234,4616.772895800319,13999.2323728798,203,B0054,71,0.8981517756068776,4,1.213825064885642,30,0,0.8981517756068776,1.213825064885642,0.0027379528183689495
3.104814009888728,2.198603650230703,4.184455817920845,0.4701474993480748,-1.8597568424209725,-2.013833114751838,0.5308325423546811,13.817833063271001,22.81807409211731,4.827695425351758,-5.6927675238441395,1.8506703002333564,-0.00022048368131802115,0.005054158055085595,2361.047,4408.713944074376,13490.473561320066,199,B0054,72,0.9139367135371254,4,1.235157932923956,29,0,0.9139367135371254,1.235157932923956,-0.004057509720835695
3.0591573873230504,2.1805571893421827,4.184079696303244,0.4854988348932182,-1.891396177801322,-2.0142375375887425,0.4764207206518031,14.23049295284562,24.58129890321389,5.491816953836319,-5.7219795494826435,1.7146545557613981,-0.00023871843931985156,0.004694866411895382,2392.468,4545.425289037985,13743.934918215917,201,B0054,73,0.8764848617154279,4,1.184542883550099,28,0,0.8764848617154279,1.184542883550099,0.006720317508999529
3.0574972660409525,2.174201624293327,4.166279880071051,0.46961639058169885,-1.9002601186022197,-2.014518531839137,0.45930622447747305,14.343710795679344,24.65462709285521,5.413647302795984,-5.7515796154073415,1.6557335782688332,-0.00023873315283298296,0.004687963192488021,2373.89,4531.610045965961,13710.057541309356,199,B0054,74,0.8854917958581964,4,1.1967154836798257,27,0,0.8854917958581964,1.1967154836798257,0.005199735457579524
3.0567448490556264,2.1705705059131044,4.183737744816785,0.4927494868838382,-1.890256821336201,-2.014683733517366,0.4785427999421318,14.146643227132303,24.667711168999983,5.508832459062339,-5.713584885546597,1.7270316100250716,-0.00024127264646940893,0.004723813252586955,2383.234,4525.604249569973,13671.616354709451,199,B0054,75,0.8819074622846708,4,1.191871364845326,26,0,0.8819074622846708,1.191871364845326,0.010361963775829763
3.151370552126675,2.196118065671102,4.18293565751089,0.46297918761098905,-1.7845839996739221,-2.0176843567914893,0.6359463052273824,13.55224741011707,21.67226159753115,4.463528904003509,-5.5053106511476795,2.1358184295208598,-0.00020478081101600633,0.00523858157712957,2342.453,4192.6935048864425,12931.08141152862,195,B0054,76,0.9045809105944796,4,1.2225138471220425,25,0,0.9045809105944796,1.2225138471220425,-0.0012858269975204006
3.056163933839863,2.184361072149743,4.18457456922587,0.4843335909139267,-1.8986075226465784,-2.01440809078633,0.4627460555977183,14.28080189135689,24.96144413226689,5.4903580250400035,-5.741711970213972,1.6791656176800274,-0.00024542942347536027,0.004701155478826138,2359.296,4500.407558378521,13604.269271690664,196,B0054,77,0.8734606349455996,4,1.1804557321856923,24,0,0.8734606349455996,1.1804557321856923,0.00809521571830516
3.236611432340167,2.193007424689509,4.1835244239011375,0.4317448710528246,-1.6591500079295531,-2.01555396881296,0.7642392976205469,12.92628985289928,19.86209455847644,3.8543904727071827,-5.206068598390307,2.5110498494274847,-0.0001891930792566202,0.0054439103185040276,2345.453,3895.7706027398226,12225.443513610275,194,B0054,78,0.903131190986828,4,1.220554594749987,23,0,0.903131190986828,1.220554594749987,-0.005329265854280019
3.0377786371686537,2.168539148301184,4.171664411266561,0.4893674108485851,-1.9081461941354183,-2.0138149794596263,0.443450637247438,14.22945813956484,24.813991518744384,5.577595322229931,-5.739698163819558,1.6320778334937724,-0.00024784091856504313,0.004720523316910118,2360.172,4526.127087907671,13607.252864109514,195,B0054,79,0.8712217754060124,4,1.1774299809711242,22,0,0.8712217754060124,1.1774299809711242,0.0028540040904367903
3.096631349811912,2.1987726546793334,4.183480212813237,0.4703928655728548,-1.8642154954714256,-2.0144066602582416,0.5240182909130836,13.889055949262897,22.3422759308799,4.875009838364588,-5.6928842707770855,1.829443443118551,-0.00022643953603710456,0.005018383559860202,2315.407,4335.451088319384,13235.72581461346,191,B0054,80,0.8936499043476617,4,1.2077409215128447,21,0,0.8936499043476617,1.2077409215128447,-0.002348488412598182
3.0611426143701355,2.1680465237840907,4.183649118386083,0.47515270120038505,-1.9063318856890261,-2.0144189721619354,0.4479282747414171,14.09831645395676,23.389616432610406,5.201982377451173,-5.778805203844079,1.6354803033011103,-0.00025057319767028794,0.0048099801051596,2322.156,4449.148996843738,13483.97841109727,191,B0054,81,0.8835064014687892,4,1.1940322829792345,20,0,0.8835064014687892,1.1940322829792345,0.004214901825138085
3.0558445282697995,2.1849035687167166,4.183468521205082,0.4778832685637644,-1.9062132651550836,-2.0141152321395848,0.44788045329837306,14.205610727972747,24.437246414395887,5.3921388541936865,-5.768418892609984,1.6362770579028514,-0.00025546137600559457,0.00465555504856589,2327.1570000000065,4458.406850600191,13487.594755851154,191,B0054,82,0.8779403705367915,4,1.1865099598700668,19,0,0.8779403705367915,1.1865099598700668,-0.0008959471182383938
3.0499483326806858,2.1788266272471644,4.183632733146927,0.4928743949962517,-1.8957242503552245,-2.0141663967491747,0.4682443483648635,14.199988460708054,24.61732308170388,5.494697500167102,-5.719055708373403,1.699016703639786,-0.00024743336567571445,0.004705147146774084,2335.0,4448.837443036684,13415.402984530941,191,B0054,83,0.8599389109365094,4,1.1621815295748816,18,0,0.8599389109365094,1.1621815295748816,0.008638456010063722
3.0516041952252326,2.173598497548058,4.165207327973796,0.47353756939013647,-1.8948015430442458,-2.0132527178328865,0.4693689415722677,14.288204303284642,24.271941214408503,5.356981156541108,-5.719773707459805,1.6808063052887383,-0.00024359123245883742,0.004642849479124379,2329.375,4435.900469095868,13386.960968738214,190,B0054,84,0.8697358119609565,4,1.1754217461447842,17,0,0.8697358119609565,1.1754217461447842,0.0002971926890111831
3.0472454916360254,2.171024131749843,4.183812225950738,0.4969887318640773,-1.8950958802980535,-2.0141620392272914,0.46948121077239063,14.208858242752529,24.804728027574093,5.502050967698334,-5.711639624636066,1.705608330905652,-0.0002506452495470153,0.004685732215425745,2333.875,4445.154539426065,13390.621054193836,190,B0054,85,0.8638271814812677,4,1.1674364100688772,16,0,0.8638271814812677,1.1674364100688772,0.005964544573278796
3.231306720712414,2.193241046616703,4.183143233797935,0.43678271213573394,-1.6587879730372208,-2.0142693231407978,0.7648902521788656,12.936183613815922,19.87934804833635,3.827712481465217,-5.194235014016742,2.511023707796155,-0.00019188463041236358,0.005392152391688719,2317.453,3849.7813056759846,12055.725672370352,188,B0054,86,0.8865694537789144,4,1.1981719058916018,15,0,0.8865694537789144,1.1981719058916018,-0.0006126104620250317
3.0561992011444175,2.1928820402300686,4.185938542114043,0.47136584970940465,-1.9142507746667623,-2.0151269835079497,0.4315690071547906,14.08418288760077,23.51552492010551,5.194727202972277,-5.796177134781247,1.5888228585346647,-0.00025704454118396857,0.004748917040411582,2295.109,4417.620907930048,13373.193417728777,186,B0054,87,0.8690078572313327,4,1.1744379372597855,14,0,0.8690078572313327,1.1744379372597855,0.001786502661091771
3.049101236395701,2.1802092140590776,4.18432308250829,0.4885585785121676,-1.891201590561377,-2.0142021506611645,0.47675788540200376,14.275903069670573,24.913142338885027,5.525873302221364,-5.7009718375361915,1.7134351203027844,-0.000244940052472472,0.00462752262813981,2326.657,4424.09803754739,13331.344437592596,184,B0054,88,0.8474446088377652,4,1.145295856721358,13,0,0.8474446088377652,1.145295856721358,0.0024988604197488497
3.059261895423349,2.1788337133933458,4.1182630057067415,0.4339539347562813,-1.8398920804939838,-2.014661709338553,0.5605350544972514,14.30665353308513,23.80380834532953,5.198323013080423,-5.539447546475904,1.868311747984529,-0.00018255374081460954,0.0045561144505489376,2479.297,4580.544653720484,13792.780233385376,200,B0054,89,0.8799727721580702,4,1.1892566894282812,12,0,0.8799727721580702,1.1892566894282812,-0.002047392039422746
3.0704875641057296,2.1830841723157457,4.164907528561344,0.4527617301086604,-1.8791742872877957,-2.013850378393117,0.49782521926425904,13.97058204189835,23.08245417914552,4.9857386351844895,-5.7010103677102215,1.7364391129534762,-0.00021876372913957532,0.004486850524658528,2463.578,4651.226216538033,14109.937452992563,198,B0054,90,0.9110444582768508,4,1.231249137078625,11,0,0.9110444582768508,1.231249137078625,-0.009443455359116615
3.067048133380307,2.1910520386239125,4.182445897550156,0.49008551006598716,-1.858308089580359,-2.01445536812595,0.5332078284746234,13.799155081842601,23.778234573688007,5.296249876763943,-5.617537269597347,1.8591579720430356,-0.00021985521574264594,0.004551335482370505,2458.812,4589.074152890628,13866.221916799845,197,B0054,91,0.912172429335506,4,1.2327735559804707,10,0,0.912172429335506,1.2327735559804707,-0.0051205951113183264
3.0722065010406205,2.199607761547385,4.182116565141312,0.4709348925275859,-1.8751258468342007,-2.0139766427208468,0.5050249703558009,13.85337076803369,23.05943482945761,5.010765932712208,-5.68860943028091,1.7731207344380473,-0.00022893160493928818,0.004565391027475827,2400.672,4522.581174992012,13718.06033346839,192,B0054,92,0.8872043975884799,4,1.199030013320409,9,0,0.8872043975884799,1.199030013320409,-0.003639308071429448
3.117253230362332,2.199124134730816,4.183709805636206,0.4724066406561051,-1.800714268791482,-2.013905512810969,0.6154971879826162,13.514874679422098,22.244929264861582,4.7237952692674385,-5.499701267440342,2.069962812987216,-0.0002074640764725274,0.004921169478122503,2396.407,4331.01837088166,13224.916175379156,191,B0054,93,0.8961236767959215,4,1.2110841504459418,8,0,0.8961236767959215,1.2110841504459418,-0.009735813591631271
3.0560602390351073,2.187300234238766,4.18305579589887,0.5011024201844595,-1.8630586445315185,-2.013316103545993,0.5252708498345107,13.789537640473576,23.801178997375885,5.330724972511812,-5.612292310200748,1.8450687166568576,-0.00022567050544353726,0.004653047812719661,2392.375,4477.783835515128,13483.279450006972,190,B0054,94,0.8851334001128452,4,1.1962311226278626,7,0,0.8851334001128452,1.1962311226278626,-0.001032125590955002
3.2276996110787217,2.1979569345819563,4.163750891434571,0.4396943603814866,-1.6261597439567572,-2.013953855353921,0.7909110399289665,12.632160467633849,20.129283300775896,3.953685825323336,-5.0657630172310055,2.573648793254228,-0.0001819580833912796,0.005241510146296369,2373.687,3865.3539506031266,12041.660643120234,188,B0054,95,0.8793386645436118,4,1.188399712091968,6,0,0.8793386645436118,1.188399712091968,0.006341158746647801
3.0511101255752124,2.1932450152273764,4.1857725238225205,0.4875539426661505,-1.873244340822881,-2.014814424140281,0.5088037936024353,14.133236180004296,24.104183465359974,5.357654285968115,-5.639513477491849,1.788556018254363,-0.00022840741242643962,0.004584752437718887,2385.922,4491.590015786478,13518.251099279803,189,B0054,96,0.8461224238450626,4,1.1435089635389963,5,0,0.8461224238450626,1.1435089635389963,0.013210001098088675
3.110131898177326,2.188819744044954,4.183962354946822,0.476259262453485,-1.8048654869219674,-2.0136887102362766,0.6101786943713997,13.44514404240349,21.124822433154826,4.598972299616606,-5.50020265724445,2.054420873987547,-0.00020965831400665604,0.004985288453030586,2345.0,4249.354489383204,12948.228546958971,185,B0054,97,0.8705933152969343,4,1.1765806360681823,4,0,0.8705933152969343,1.1765806360681823,0.003322216458309124
3.048474354226641,2.1933054601044173,4.183748382269399,0.5031060057619775,-1.8598703836367976,-2.014227701858619,0.5302849598620795,13.90645728525564,24.038373358435607,5.359328463631296,-5.585846461466524,1.8549628123261561,-0.0002277561596934407,0.004617251092696404,2363.047000000006,4416.445993278624,13260.066981607288,186,B0054,98,0.8440520909609104,4,1.140710971021815,3,0,0.8440520909609104,1.140710971021815,0.010414317167002229
3.0720502151516498,2.1984194356911515,4.183059531782334,0.4808645782124874,-1.8567326723251218,-2.014321523108064,0.5356628780596552,13.600457924373249,22.33379539164456,4.852609264175992,-5.618410833417152,1.855367434816637,-0.00022930044922403036,0.004750413903157879,2316.687,4322.699939365119,13079.03546016242,182,B0054,99,0.8536244678403578,4,1.153647749974297,2,0,0.8536244678403578,1.153647749974297,0.006301786454497482
3.0780861695186963,2.197124548478272,4.164596042177817,0.4744071523179332,-1.8332643523185828,-2.014990295943545,0.5707190961423491,13.622342114819537,21.7292466341309,4.758569967094487,-5.544036024729416,1.9370489788767242,-0.00021417141971987055,0.004780517712953519,2322.0,4276.2345664707,12929.85315347161,181,B0054,100,0.8524519337958137,4,1.1520631055396324,1,0,0.8524519337958137,1.1520631055396324,0.005377346149559603
3.047978400472379,2.1601370672426743,4.183536913886723,0.4992813459309534,-1.8581507060124247,-2.014705651659665,0.5330463069860256,14.071709155413798,24.067733333922256,5.386822405203968,-5.580113940677036,1.8580055121662093,-0.00022694433020418637,0.004631952311492235,2357.687,4403.802103164793,13221.49006060439,184,B0054,101,0.8373919001793014,4,1.1317099238411483,0,0,0.8373919001793014,1.1317099238411483,0.0017461047331522428
3.24393616697826,2.493079498483449,3.843735024444539,0.31006204681007715,-1.1715210918629737,-1.990840186664541,0.9780150807950985,11.879033293126687,18.02446981350722,3.3681557990447435,-3.5237145960711134,2.951421398992506,-8.656588791919492e-05,0.004252768332192791,2660.313,3076.7029194541906,9253.310203075103,280,B0055,0,0.7989997927037011,4,1.0,101,0,0.7989997927037011,1.0,-0.0
3.2904290284649416,2.480538609588174,4.174020568347548,0.2592893436660148,-1.7486007645883601,-1.9904809087057087,0.6470706602034472,12.415262417855027,16.633080095446793,2.5020318435984534,-5.655810424754434,2.1328855445703567,-0.0001622235297225637,0.0047134666677054946,2826.0,4934.155755911861,15955.888666187519,299,B0055,1,1.319892156462878,4,1.6519305367984534,100,0,1.319892156462878,1.6519305367984534,-0.5208923637591769
3.326231366449631,2.48985034932468,4.1994512899066025,0.28002443264293997,-1.7060235650197326,-1.99068249202928,0.6937881062497612,12.360226804144617,18.02222405324747,2.7002955536972997,-5.565252773432369,2.308126880448505,-0.00016690654926355766,0.004745082395643979,2818.578,4798.886353068012,15650.350229807087,296,B0055,2,1.2769832801132015,4,1.5982272983977537,99,0,1.2769832801132015,1.5982272983977537,-0.23899174370475018
3.338535407708074,2.485404008194569,4.201354950378872,0.26908773721968293,-1.7298155313553945,-1.9912233324564588,0.6684701779733265,12.182802262813878,16.276920867509258,2.6218324253771264,-5.676658657524798,2.23681463097793,-0.000175753349998708,0.004829687958227915,2713.812,4688.769115692482,15386.680709109993,284,B0055,3,1.2572591312230863,4,1.5735412483258613,98,0,1.2572591312230863,1.5735412483258613,-0.15275311283979506
3.369050331157636,2.484071154442301,4.2022865042877005,0.28516051594543473,-1.630519419462631,-1.9905957922031048,0.7636999789277331,11.995175259559732,17.386184005164274,2.515096638201342,-5.365406140074061,2.553364189007523,-0.00016465965383241483,0.004817144728792126,2786.578,4528.494709558196,14898.324645452469,289,B0055,4,1.206763751299412,4,1.510343009246468,97,0,1.206763751299412,1.510343009246468,-0.10194098964892773
3.3596802370189534,2.481388096934316,4.202804398571556,0.2766148524483865,-1.6935037519026295,-1.9916252726422965,0.7062541303034284,12.015852590858461,16.287370504806514,2.5752160981713375,-5.581782168031675,2.370564643777983,-0.00016757137786555266,0.005007022041446672,2667.89,4512.070272810935,14872.251033711585,276,B0055,5,1.2077322536103197,4,1.511555152628421,96,0,1.2077322536103197,1.511555152628421,-0.08174649218132371
3.331138062731705,2.4857750442530606,4.194689870235318,0.27895384523299877,-1.796982266620521,-1.9907997928291328,0.586197933988434,12.31051634460958,18.76540773861097,3.031537678815893,-5.911421416579416,1.98896080476131,-0.00018652288905780334,0.005003386922001244,2530.172,4548.896303065011,14960.830722600313,260,B0055,6,1.2009614290093835,4,1.5030810270244273,95,0,1.2009614290093835,1.5030810270244273,0.023786145490698907
3.335155652675837,2.4898705968582,4.203456278554985,0.2759717946696793,-1.8221216958276871,-1.9913346793894355,0.5499511056238982,12.203269426883178,17.743208793113464,2.9341247067510916,-6.012043665404264,1.878660356139083,-0.00018700706683019526,0.005180554893457489,2446.062,4465.402247125123,14733.62735839404,251,B0055,7,1.189059086549973,4,1.4881844743993824,94,0,1.189059086549973,1.4881844743993824,0.01758483871264569
3.3970397549525346,2.486378896244576,4.203931038045003,0.2768908979926864,-1.60517659481492,-1.9910133759936124,0.7842141777610614,11.974188885781311,16.27240932778339,2.5169995671585315,-5.324182178754735,2.6374086323272494,-0.00017110893749819429,0.0048069173573794385,2713.25,4340.187526715021,14393.812295510455,275,B0055,8,1.169708782604433,4,1.4639663154934066,93,0,1.169708782604433,1.4639663154934066,0.01751006972373066
3.3803008994123225,2.484196378836121,4.204477051328936,0.2952395555487733,-1.6273590433187917,-1.991488728701696,0.7664032326330159,12.146032186206996,18.496064110315466,2.996807563588502,-5.374450384137529,2.5763306589906296,-0.00016805437231002472,0.00490847521527706,2676.578,4343.338908338968,14341.524645633137,270,B0055,9,1.1483647194613424,4,1.4372528377954146,92,0,1.1483647194613424,1.4372528377954146,0.011679806367613921
3.344612876092421,2.488899766066993,4.204395922551529,0.2821336468763573,-1.8077804758929823,-1.990666668360672,0.5708522444706959,12.075029193191549,17.233592924973692,2.8851618773576777,-5.97687308966755,1.951683331029589,-0.00019074123666371916,0.005211935676354041,2394.734,4337.579544417137,14341.77683135399,242,B0055,10,1.1527726060972296,4,1.4427695934643636,91,0,1.1527726060972296,1.4427695934643636,0.010991929502618004
3.4016962939915634,2.4856427415338582,4.196508158151434,0.28581393424656404,-1.5934585102181222,-1.9902971005145704,0.7930055601918894,11.953480850146518,17.25233196126928,2.5488849689188764,-5.2890432584303175,2.6713623566175855,-0.00016117612368127674,0.004884327446602742,2673.0,4245.547322831067,14089.804360493948,267,B0055,11,1.1318370471727228,4,1.4165673852589473,90,0,1.1318370471727228,1.4165673852589473,0.01382487636733214
3.377782507073848,2.4945204316368925,4.2049198480597365,0.2983215729247634,-1.6457766002423246,-1.990731521433284,0.7504866934131035,12.091243346975185,18.84637103862602,3.0033719229469362,-5.438111566761657,2.527809594817909,-0.00016657618869557505,0.004947452888494077,2619.578,4307.214597683267,14233.0580261156,261,B0055,12,1.1326525803383347,4,1.4175880778461785,89,0,1.1326525803383347,1.4175880778461785,0.011281301242327669
3.411152214850695,2.489824423973652,4.204749253288386,0.2845924704921865,-1.5844221226745288,-1.991422567659727,0.7998029916171178,11.84145066042513,16.69866695291335,2.5034179311559646,-5.272894948715634,2.7001547868530222,-0.0001667922655432456,0.0048731705656159955,2640.016,4170.415785153886,13877.070693134663,261,B0055,13,1.1160565716574584,4,1.3968170978879513,88,0,1.1160565716574584,1.3968170978879513,0.010730442189394918
3.4062074380814424,2.4929609831648176,4.205529950993648,0.29328746232255865,-1.5875314249026022,-1.9907556302335792,0.7974560723231369,11.855003538549179,17.281200338137296,2.6358343645316595,-5.27444654410201,2.691169755366507,-0.00016602190154017569,0.004905873904359159,2621.187,4148.263799423223,13780.502397635395,258,B0055,14,1.0984641825068853,4,1.3747990832260912,87,0,1.0984641825068853,1.3747990832260912,0.009980107390891436
3.4006629565141497,2.4987737122938984,4.205627291462969,0.3005709178029081,-1.5865260183824126,-1.991522785179081,0.7979994085678939,11.91733362745109,17.87487048558903,2.8260374573858273,-5.2597064166226675,2.6893166291172452,-0.00016251120746326082,0.004912443326075525,2616.453,4146.597319057621,13747.385650534958,257,B0055,15,1.092569410309668,4,1.3674213939562727,86,0,1.092569410309668,1.3674213939562727,0.012040639157512346
3.3734363664560836,2.4960528571959832,4.197933604847559,0.30516031912531066,-1.6558769500299217,-1.9908882502143304,0.7413924387173484,12.135031767584422,18.56561933924195,3.1783034548010254,-5.467499534832223,2.500152120359632,-0.00016637400830747407,0.004940445394050345,2565.109,4247.70647372436,14025.594463796258,251,B0055,16,1.109167680712031,4,1.3881952046054555,85,0,1.109167680712031,1.3881952046054555,0.004533873292138368
3.3751298920141575,2.4950345179419164,4.205390438967899,0.3048773010127602,-1.6682381023500132,-1.9907992030652175,0.7304012776568166,12.085534035682384,18.731388722663795,3.1314215578945928,-5.516550666583845,2.4688999487961634,-0.00017295936102767695,0.004902559483987817,2532.531,4227.265344251867,13979.0561037018,242,B0055,17,1.107503502890571,4,1.3861123782559912,84,0,1.107503502890571,1.3861123782559912,0.005029815489552725
3.3799212171444224,2.499203075422064,4.205435554958762,0.30583544992670386,-1.6518184000413114,-1.9911585440753383,0.7451076141619348,12.035133443915594,18.85911132920102,2.9596064507482445,-5.464679091674258,2.5174351331390885,-0.00017051805124886958,0.004892080958561689,2556.593,4220.699743126345,13963.883990377864,248,B0055,18,1.106751675424531,4,1.3851714174786471,83,0,1.106751675424531,1.3851714174786471,0.0018609792465854812
3.4131937901660443,2.4858947643408493,4.183847655178161,0.2877877559560743,-1.5631982736121797,-2.0081513637326145,0.8150433560517357,11.694010522378294,16.474886676905992,2.528951913119787,-5.197875988776677,2.748327469121859,-0.00016214587285603803,0.004877823864660374,2577.891,4018.157183220388,13360.412783019228,248,B0055,19,1.0726694124582823,4,1.3425152575178052,82,0,1.0726694124582823,1.3425152575178052,0.005158954009720595
3.3882127771112662,2.490219926603604,4.205811869776469,0.3139641851010035,-1.6102431965480546,-1.990451483901724,0.7797945506041652,12.02595112446758,18.429839421941317,3.0973356355253867,-5.324591190517571,2.630094656039903,-0.00016714965532155663,0.00490899376695276,2572.36,4138.954677352049,13687.35079775388,247,B0055,20,1.0776844021506693,4,1.3487918419902705,81,0,1.0776844021506693,1.3487918419902705,0.002977001631799725
3.3833310240018224,2.49591717391522,4.185284066167707,0.28603475130012096,-1.6643817613294818,-1.9908816662096405,0.7331448790847559,11.847288624466861,16.79121110894689,2.6252290340445703,-5.523480445207689,2.4796616593663114,-0.0001602292800671448,0.004654489316295251,2697.75,4490.789166030451,14903.994909316621,258,B0055,21,1.1981714734535909,4,1.499589216912247,80,0,1.1981714734535909,1.499589216912247,-0.01780075854831198
3.406033299298373,2.493901769830843,4.196690472475704,0.28547512039381645,-1.629380871239606,-1.991512324127019,0.764542046340226,11.64238700767333,16.558207457541112,2.501276557237794,-5.434669559072514,2.5939348009053127,-0.00016701461494287375,0.004654188424512702,2683.406,4365.2724348656075,14558.879548735888,255,B0055,22,1.162538155268093,4,1.454991810866721,79,0,1.162538155268093,1.454991810866721,-0.011006930475504361
3.395122860818019,2.490665842720209,4.205348595061986,0.29631814383035116,-1.6480629343875917,-1.991058496787956,0.7484116429732414,11.772012658338625,16.176716026227933,2.6596163030570974,-5.482532135452219,2.5389551987515464,-0.0001669092182426549,0.004746412652671509,2646.156,4360.581506257387,14506.570975143079,251,B0055,23,1.1556827465844224,4,1.4464118228038045,78,0,1.1556827465844224,1.4464118228038045,-0.009786214231978275
3.3678744885149583,2.491266216084571,4.205552375701064,0.31575312601265604,-1.6963503354994716,-1.9907463266064145,0.7034309829029365,11.983454214473863,18.28920429337146,3.0191968442030404,-5.609210904346431,2.389357576237063,-0.0001706829218727715,0.004806603789439173,2593.531,4400.663472961568,14552.322988494783,245,B0055,24,1.137444098422356,4,1.4235849731242203,77,0,1.137444098422356,1.4235849731242203,-0.012954937192814731
3.3809383898685605,2.492760704750605,4.2052142034116535,0.3157708739311922,-1.647762002114427,-1.9907919913750125,0.74874304672988,11.908597488676612,18.65863623047158,3.229453935353556,-5.4527293580405525,2.5348249619535945,-0.000168956986035539,0.004776608888024522,2604.125,4291.648388429381,14203.05215601201,245,B0055,25,1.1126375352125493,4,1.3925379522910049,76,0,1.1126375352125493,1.3925379522910049,-0.006990626612375994
3.41469739374783,2.486626233949432,4.205763745942962,0.2963546781225514,-1.6019969747290892,-1.991007869042188,0.786646864981709,11.5894392622721,16.83473057053666,2.552852785841974,-5.346605400555293,2.6712082163478463,-0.0001712268174169656,0.0047807871169994205,2588.594,4137.899770106982,13808.262276347148,242,B0055,26,1.098656067845981,4,1.3750392401583558,75,0,1.098656067845981,1.3750392401583558,0.019903081121521993
3.41231159843661,2.495104294734825,4.198995746839671,0.2926237134351847,-1.607009362096321,-1.990345948099886,0.7825522441817525,11.629714317449922,16.756789919207705,2.550774048766994,-5.361009079949111,2.655042541842172,-0.00016920148616920283,0.004742712860761434,2579.203,4138.252478226244,13804.571448974795,240,B0055,27,1.098530275888464,4,1.374881803374685,74,0,1.098530275888464,1.374881803374685,0.012801575875925763
3.4043822939909396,2.487763139286609,4.2061133400646735,0.2973232101037849,-1.627589670095513,-1.991281599746559,0.7661908509227637,11.647248561632294,16.24699765148442,2.6053738541980964,-5.422288849508609,2.6003320959968184,-0.00017365848901837496,0.004781859026574354,2555.453,4153.2488818074435,13836.652240169056,237,B0055,28,1.1029370400968537,4,1.3803971542529094,73,0,1.1029370400968537,1.3803971542529094,0.010549141297513743
3.3673428364678033,2.497867584305148,4.20656078786278,0.32392118316465396,-1.6825636345526909,-1.9916328373941732,0.7168259148762317,12.022205345514335,19.129984857149815,3.2803378857690633,-5.55577473551899,2.4320850580547204,-0.00018083810538795496,0.004742689336631273,2525.609,4254.2634881646045,14048.0016347689,234,B0055,29,1.0949644922735318,4,1.3704189941881315,72,0,1.0949644922735318,1.3704189941881315,0.008495921229764836
3.4104196380737455,2.482550786926367,4.205789072356055,0.29643227219872664,-1.612755670182398,-1.9905681770945949,0.7782332221480913,11.542224902228241,16.36765160927189,2.6024221859117844,-5.3781327512335375,2.641571657825695,-0.00017291235803919286,0.004809710361031684,2536.172,4084.7988743722053,13621.066528557738,233,B0055,30,1.0890679714830998,4,1.3630391164406306,71,0,1.0890679714830998,1.3630391164406306,0.0047139127458899035
3.3875483794093744,2.498794021092515,4.206468698154612,0.31904475041791924,-1.6303240143418964,-1.990833007177876,0.7636423541075025,11.825965633220362,18.15665009637772,3.1775915046729133,-5.39915057396347,2.5854045406213353,-0.00017073986352219772,0.004784826828266167,2536.204,4135.31147602241,13696.280813235671,233,B0055,31,1.073323391636053,4,1.3433337548237403,70,0,1.073323391636053,1.3433337548237403,0.005066535241985593
3.3533445639000172,2.4986675609061084,4.19878751718924,0.3276633938460754,-1.71799533716817,-1.990852926244492,0.6810068165167038,12.03863906152037,18.80550760238104,3.1980104935849516,-5.660704324925453,2.316126568543231,-0.00017716885372661738,0.004770479329819386,2488.86,4280.734263371575,14105.38936548512,228,B0055,32,1.095373856745309,4,1.3709313403433065,69,0,1.095373856745309,1.3709313403433065,0.0006312838286310019
3.403128476363774,2.495967983888696,4.205549436509086,0.309330899369744,-1.6148091574306578,-1.990543780937116,0.7765346833682716,11.59317451081218,17.559578387097904,2.855255618484143,-5.37134719028403,2.6347248227888223,-0.00017239356088904283,0.004761187223408026,2518.547,4062.56943547879,13511.06103706407,229,B0055,33,1.0639517466243125,4,1.331604533993747,68,0,1.0639517466243125,1.331604533993747,0.007797058694508241
3.3737196134296283,2.494521891499824,4.206680085108051,0.32019801604497533,-1.6806946415000543,-1.9908289073916383,0.7190372206205319,11.873598601586018,17.467083355342886,2.963035851134736,-5.560798393288801,2.442253730857287,-0.000180650809444656,0.004753606383812588,2485.766,4182.972886012546,13840.403467288186,226,B0055,34,1.085798072407703,4,1.3589466259227896,67,0,1.085798072407703,1.3589466259227896,0.0018332839731657557
3.382746702873388,2.4940939052144744,4.206242808359698,0.32460711985927365,-1.63831200906344,-1.99092503062938,0.7571077831475941,11.809310238880515,18.49462899513655,3.2489776559270185,-5.419517367556075,2.5644362967269334,-0.0001720841180972978,0.004791784217732546,2506.718,4108.9990212398525,13593.160959291938,227,B0055,35,1.0588748965507555,4,1.3252505272469148,66,0,1.0588748965507555,1.3252505272469148,0.006038614986468849
3.3641919383896957,2.488192777263103,4.206501526529983,0.32616924640088885,-1.701910823714865,-1.990154379954445,0.6979601907746283,11.933034010302555,17.91164881741511,3.033689089017143,-5.6213417666192305,2.3743766013267646,-0.00018393849800896553,0.004777074787033586,2459.297,4190.740121414042,13842.636327669696,222,B0055,36,1.0813260035191288,4,1.3533495420068584,65,0,1.0813260035191288,1.3533495420068584,-0.0016005223766151655
3.408219619852174,2.483590427491968,4.198066617715753,0.30139055324034614,-1.6137161861379503,-1.9913019551390152,0.777402517551808,11.53732922797716,16.71929796179109,2.572161285757655,-5.37732544291793,2.638954316073084,-0.00017353662301575795,0.004761205600966997,2488.734,4012.5738531992542,13369.995217151885,223,B0055,37,1.061601862588323,4,1.3286635018965574,64,0,1.061601862588323,1.3286635018965574,0.006754398831397212
3.3720438606583496,2.494836964233761,4.2069940867465805,0.3304645102510815,-1.6587094218378893,-1.9913493608624204,0.7391842109182022,11.942237573488166,18.743872075423457,3.3455506493598706,-5.47509260633403,2.5047944559478847,-0.00017387683890957736,0.00477304133869443,2491.375,4136.220456381253,13654.132810215155,223,B0055,38,1.0593920670581127,4,1.3258977996393233,63,0,1.0593920670581127,1.3258977996393233,0.0009119359132399474
3.3954495279595993,2.495294559262084,4.206185443933068,0.30722686554591916,-1.6449474011417666,-1.9913634315445172,0.7514192673320161,11.654440484569944,16.07532193134441,2.69732648668327,-5.469174750579455,2.551683434157469,-0.00018020854168782435,0.004724283580654216,2467.328,4057.3485756337805,13490.502102535986,220,B0055,39,1.0742513141424723,4,1.3444951099516051,62,0,1.0742513141424723,1.3444951099516051,0.002309351653046132
3.3886471333647554,2.493930027919102,4.206494698836393,0.32321280036723893,-1.6341793441136752,-1.9918655941270955,0.7605824074710156,11.722702041818202,18.1055360480279,3.052122602293879,-5.41514117608912,2.5796431700033247,-0.00017923911561216539,0.004734545532877081,2466.125,4029.055129535229,13348.630407065833,219,B0055,40,1.04056147341315,4,1.3023300918414995,61,0,1.04056147341315,1.3023300918414995,0.0036626846275210844
3.356819503345258,2.4968794236107965,4.204041730199119,0.3378602090850083,-1.6871055404907072,-1.9909179006012367,0.7120115049885383,12.139105911879911,19.22539590220654,3.428833232542394,-5.55160067769964,2.4151128520954512,-0.00018282631645254817,0.004692297469048853,2459.312999999994,4155.28334262517,13674.475372879948,218,B0055,41,1.0575656535324895,4,1.323611924796424,60,0,1.0575656535324895,1.323611924796424,0.004752069997327846
3.38173030037378,2.4980844986118784,4.186445589660851,0.312900079069697,-1.6534663598224018,-1.9901698852064904,0.7429092308711092,11.725785170275977,17.79698901775945,2.7902015010072607,-5.4778248822928335,2.5183207308582176,-0.0001616326453089874,0.004617621129636877,2559.125,4236.2551470837625,14035.745521549405,226,B0055,42,1.0983528970914622,4,1.3746598023195888,59,0,1.0983528970914622,1.3746598023195888,-0.007350206900627843
3.332585578324588,2.497690135885909,4.198472809564929,0.3449380384430549,-1.746935874580489,-1.9895632028305583,0.6480733402111698,12.14093273670559,19.90310164984231,3.492420270749716,-5.728917226286897,2.2127227395013804,-0.00017882673475490062,0.004560702767361685,2534.156,4436.697351906439,14551.147109409914,223,B0055,43,1.109758993739737,4,1.3889352711650538,58,0,1.109758993739737,1.3889352711650538,-0.010073385336324847
3.415794800601349,2.495812780943487,4.205147121886639,0.2983537866963135,-1.6100189784192442,-1.9901409410080384,0.7798544905489379,11.32244979928203,16.28428434167548,2.5122878444657846,-5.37900654428474,2.6527546215596063,-0.000177091279023063,0.004597622163103927,2521.985,4058.48812298796,13558.487767909766,221,B0055,44,1.0793315779206871,4,1.3508533891709575,57,0,1.0793315779206871,1.3508533891709575,-0.00101605275564296
3.364395338116308,2.497968365806555,4.207061766566151,0.3356192827939973,-1.6797818306005563,-1.990707591128993,0.7194380941818624,11.899725740614361,18.858200111612096,3.3446015346406353,-5.539571574539716,2.4430766647428754,-0.0001799477952137739,0.004625809674909998,2503.172,4211.499930402197,13888.850205942686,219,B0055,45,1.0716159094756148,4,1.3411967302887773,56,0,1.0716159094756148,1.3411967302887773,-0.006210887212492943
3.3556150350421454,2.494850314865808,4.206586679847002,0.3387484913336178,-1.703206082949298,-1.990485251168809,0.6963819651032561,11.9698483506891,19.26539604228336,3.364049761101583,-5.60974274827073,2.36921175389205,-0.00017871439699192066,0.004698502927985236,2474.344,4222.532788589583,13908.356015350437,216,B0055,46,1.0746464211019795,4,1.3449896119065683,55,0,1.0746464211019795,1.3449896119065683,-0.0034161535138979905
3.2813552523710348,2.497025585392751,4.136062355148983,0.33058711653487755,-1.8582921214004526,-1.9905983386514208,0.49047655667151874,11.944879920447905,19.91574517945343,3.525964697095964,-6.043715905498714,1.7090353746866878,-0.00018454056801392164,0.004680987283152641,2349.64,4381.287568956749,14248.040951336308,215,B0055,47,1.08643683065179,4,1.3597460732442033,54,0,1.08643683065179,1.3597460732442033,0.002383213287934449
3.3340325216514985,2.497531566741249,4.194893964041484,0.34110837020703416,-1.7577069451672969,-1.9908092541495772,0.6359188853517025,12.028925123088163,19.74476118019262,3.406380418436327,-5.772721023320731,2.1767927667954363,-0.00017941072217993534,0.004580764725763171,2560.688,4509.046091270199,14809.740442189915,233,B0055,48,1.1340138347387958,4,1.4192917759107984,53,0,1.1340138347387958,1.4192917759107984,-0.004850968199811767
3.355658576925396,2.4925446639956585,4.205199298124983,0.33208609115409526,-1.7278318736099232,-1.9908548428883857,0.6701747691078578,11.71503135296823,18.239458117812696,3.081867087540905,-5.70301447054783,2.289072858370708,-0.00018023455905153557,0.0046873128199484216,2522.375,4364.351573399215,14405.562322926296,229,B0055,49,1.1176964717951587,4,1.3988695391434753,52,0,1.1176964717951587,1.3988695391434753,-0.007672978774894324
3.353357049023896,2.497355535023157,4.205853256210238,0.3344219087730131,-1.7321258947169127,-1.9913602598228903,0.6654552259172485,11.810607676487715,19.14324542302631,3.196546813497694,-5.714219995882275,2.2743056743654297,-0.00018460205980709351,0.0046906527256425,2488.719,4318.611832000062,14247.28955716921,225,B0055,50,1.1046468529644289,4,1.3825370958188383,51,0,1.1046468529644289,1.3825370958188383,-0.006606188697762816
3.356165416087441,2.496005450177785,4.205832053797409,0.33417902098881413,-1.720909576078404,-1.9907888064016417,0.6778647472642211,11.765625767571137,18.957146305546704,3.175664278120072,-5.6775413956223835,2.3130442741872432,-0.0001807671354220736,0.004730823025784907,2474.844,4266.360905434148,14075.468034775455,223,B0055,51,1.089700148407426,4,1.3638303268140237,50,0,1.089700148407426,1.3638303268140237,-0.0030107454610893035
3.3655236596965747,2.4945789390502733,4.205960258814088,0.33151505432326267,-1.6928963609340808,-1.990266430302993,0.7065574475536123,11.666664960009529,18.569611226697237,3.1202662236315195,-5.5910965218571524,2.4040988012968185,-0.0001821158863806262,0.004702559233926444,2473.875,4194.286481265937,13852.927202612736,222,B0055,52,1.075533547538172,4,1.3460999081097633,49,0,1.075533547538172,1.3460999081097633,0.002180656622723598
3.3657531038090425,2.497451626540361,4.1982654098780685,0.334962780727328,-1.6674344219063135,-1.991098985092008,0.730926278120175,11.708939176253061,18.389604150481876,3.1983734906219574,-5.496458738621329,2.477895546472356,-0.0001756193590057939,0.0046849331827401655,2495.5,4165.591781587002,13731.272766560409,223,B0055,53,1.0609866776144368,4,1.3278935580498832,48,0,1.0609866776144368,1.3278935580498832,0.014605431424871806
3.3849405998756663,2.494771530909891,4.206713417529564,0.32738031168005555,-1.6377223794615257,-1.9906339241312176,0.7571969144908214,11.450092345609722,17.859841515218953,3.086233333430034,-5.422123171913433,2.568277856811072,-0.00017660692787521898,0.004728337138406759,2481.078,4066.8166511326285,13464.358891322201,221,B0055,54,1.0518218041615568,4,1.3164231252205236,47,0,1.0518218041615568,1.3164231252205236,0.01317493352672039
3.410105370394735,2.4850759949386982,4.206861671465562,0.30388528829775435,-1.6143852867459763,-1.990683911752466,0.7769057780218275,11.131625464424475,15.816276936907297,2.452846854106245,-5.3834882077316495,2.6403124061794276,-0.00018349679426101897,0.004699524563023311,2460.125,3969.0609030371807,13235.69486180461,218,B0055,55,1.0553857898132757,4,1.3208836841396427,46,0,1.0553857898132757,1.3208836841396427,0.00985221263023064
3.3607031370514133,2.4972833794296387,4.203250203022516,0.3381137555511234,-1.6847849277248685,-1.9905747713276665,0.7146386680619967,11.738832332367679,18.755426828419857,3.170612984646416,-5.550775781859903,2.42679619813995,-0.00018734173337108122,0.0046597215613555665,2440.547,4119.209458996305,13571.375164762752,216,B0055,56,1.0533102333691788,4,1.3182859907947253,45,0,1.0533102333691788,1.3182859907947253,0.007277983007649436
3.3928240190547645,2.4994934553850463,4.206868467936627,0.32261825603171135,-1.6204098129461206,-1.9902463993398891,0.7716606029311995,11.33070420089266,17.253309886018204,2.9964740764610736,-5.371854034152056,2.6152910209951252,-0.00017536508233963226,0.004730077091626467,2449.922,3974.1143393038897,13175.278811986467,216,B0055,57,1.0315365260084348,4,1.2910347855258668,44,0,1.0315365260084348,1.2910347855258668,0.008799404305947434
3.3379943082200825,2.496397324750552,4.199652821200027,0.3460853350820961,-1.7350634493263108,-1.990571689998828,0.6622541387357191,11.71743632355557,19.044660235871767,3.1971528853087925,-5.693874052500177,2.2585012411614356,-0.0001869386165089584,0.004693046130491981,2408.781,4188.527560852281,13745.858557150907,212,B0055,58,1.0533401053259417,4,1.3183233774837277,43,0,1.0533401053259417,1.3183233774837277,0.0015293144576990158
3.383748883671106,2.498591356778633,4.206354715936561,0.32886092701681163,-1.6355169727932206,-1.992243974592476,0.7591648469298935,11.448023523006356,17.632782962314124,3.0124871199527234,-5.410952137438665,2.573183635981653,-0.00017472902953652195,0.004732240414858091,2442.547,3998.562404227626,13229.589105570996,214,B0055,59,1.0317876798810788,4,1.2913491208672991,42,0,1.0317876798810788,1.2913491208672991,0.004006824856095603
3.4034852057714984,2.4793908002585576,4.207116858721508,0.3096593358233388,-1.620774629606393,-1.9907853647960991,0.771874821272831,11.113362092407373,15.652866929465386,2.509167550856306,-5.393922872400777,2.6210033020725843,-0.0001857169137116023,0.0047240275314081315,2420.671,3922.5628227339303,13054.154738226345,211,B0055,60,1.0354207912157296,4,1.2958961950565888,41,0,1.0354207912157296,1.2958961950565888,0.003992999719509216
3.3488479010139836,2.495919101086891,4.203805356740808,0.34793324311012624,-1.695046194498669,-1.9905834799687467,0.7046220326871002,11.759912549960136,18.851175405607997,3.280024010404949,-5.565459620638733,2.392141968244988,-0.00018023352653548328,0.004738496476231213,2409.906,4093.921442640557,13442.271013760213,210,B0055,61,1.0322251791310608,4,1.2918966795199762,40,0,1.0322251791310608,1.2918966795199762,0.0042170108476236035
3.400337322032959,2.487748902505861,4.206451344410812,0.31862769609022773,-1.607752495748955,-1.9921786004311488,0.7819114914322921,11.095152329208846,16.682382112943166,2.8553577731481257,-5.33853667412223,2.650773125832003,-0.00017679531856806002,0.004754760333681884,2416.672,3885.654378021865,12901.05853178534,209,B0055,62,1.011543397303472,4,1.2660120897911045,39,0,1.011543397303472,1.2660120897911045,0.003998625740992567
3.3343052776040634,2.496210707787105,4.199840856194157,0.3511414396822035,-1.7288529172580396,-1.989844699379149,0.6690352331274062,11.855416870953553,19.331265935552995,3.388920741247988,-5.663399475379381,2.278223183775705,-0.00018596851260057216,0.0046753219114421376,2395.75,4152.904819365385,13605.076143561031,207,B0055,63,1.0413760568150228,4,1.303349595737885,38,0,1.0413760568150228,1.303349595737885,0.0023928097021837847
3.3786546268712,2.499306018937951,4.206363005983127,0.33198837498300565,-1.6438464708058846,-1.9901768106891888,0.751727274265483,11.501464461877692,17.796486773673443,3.039878942025438,-5.431941010307265,2.5477394664638577,-0.000181166984901659,0.0046891721143116774,2410.688,3968.0865668483702,13111.941230756285,208,B0055,64,1.02174193386881,4,1.2787762189666925,37,0,1.02174193386881,1.2787762189666925,0.0020091492024537417
3.413323315609648,2.495131192399576,4.206927414011855,0.30527411734297094,-1.5920409233304795,-1.990803712367652,0.7938019644548424,10.922543090852551,15.641866781260571,2.622970739859023,-5.304676501804337,2.6926149283277336,-0.00018274551837797442,0.004671674883900543,2402.125,3823.396127857697,12739.13797735279,206,B0055,65,1.0133135547969283,4,1.2682275565654655,36,0,1.0133135547969283,1.2682275565654655,0.00442144728376026
3.3358445561886736,2.498865224973231,4.202275822485786,0.348423593489392,-1.731928125216886,-1.9894496431673536,0.6652390863484429,11.679121657086682,18.47501778028561,3.19980897339935,-5.677363208095171,2.2660240027933938,-0.00018870662479358866,0.004703161521144968,2355.265,4091.695767567353,13413.212387236548,202,B0055,66,1.029994255962691,4,1.2891045346549308,35,0,1.029994255962691,1.2891045346549308,0.000446184633673985
3.3537094650205534,2.499842473941914,4.20659875616185,0.3482557664764969,-1.6777504908523246,-1.990447808855782,0.7211098949660673,11.716719550648065,18.598567041058164,3.2480167174212347,-5.509907466077584,2.4439690785650794,-0.00018111108957722034,0.004682988919177401,2396.719,4029.2494854135375,13233.23647766361,205,B0055,67,1.0189349807814327,4,1.2752631353426294,34,0,1.0189349807814327,1.2752631353426294,-0.0014783166955921524
3.3664574186515495,2.4984245148092805,4.18778132479275,0.33185971744202014,-1.6531774202404774,-1.9897273979460817,0.7429545013727615,11.332026451776493,17.70296113245331,3.1116445886827977,-5.444953375849844,2.511679563324479,-0.00017442842974186486,0.004592457314928424,2442.344,4044.2028205911456,13320.386706668389,208,B0055,68,1.0290879520854015,4,1.287970236641883,33,0,1.0290879520854015,1.287970236641883,0.002457620945924255
3.319131030823727,2.498165502515704,4.19944321827157,0.36092155043436136,-1.748766373641858,-1.990141425142264,0.6462040465459429,11.967823512320054,19.648490501323845,3.530492095660385,-5.70844301072376,2.2061316328885767,-0.00018524673348644147,0.004557415925468174,2444.703,4285.006934466755,13987.565402982073,208,B0055,69,1.0567629241900045,4,1.3226072570232712,32,0,1.0567629241900045,1.3226072570232712,-0.0070041980642388865
3.4032103094968886,2.4838403700559373,4.205593767786481,0.31189454471540395,-1.6200178882302807,-1.989425250782484,0.7717150479053472,11.01544977025214,16.178060673787062,2.725558163477088,-5.390713529771654,2.6209412317733505,-0.0001814441686039798,0.004616054205280862,2412.25,3910.339865313145,13011.757443967903,200,B0055,70,1.0291668536316647,4,1.288068987038296,31,0,1.0291668536316647,1.288068987038296,-0.0031706597669472814
3.343831990901096,2.4989275943849365,4.202887645707948,0.35168109057043534,-1.703990940961131,-1.990115909060455,0.6952747000499542,11.818028778074435,18.88644438182567,3.324797767814455,-5.589118102144815,2.362729547596929,-0.00018265009906124753,0.004623783026598708,2403.234,4105.490102460536,13466.225973528512,203,B0055,71,1.032129844490102,4,1.2917773620410113,30,0,1.032129844490102,1.2917773620410113,-0.00042711770548220507
3.3724641292622257,2.497716849078165,4.206513407222774,0.32443755558352716,-1.6883184479362592,-1.9926058063871197,0.7109745090990802,11.295282200562326,16.020151248713987,2.7672285379962114,-5.586101031698868,2.4183084919671387,-0.0001897468990614166,0.004629892286879248,2361.047,3995.866157358212,13222.013234185946,199,B0055,72,1.0409230283951276,4,1.3027826013230777,29,0,1.0409230283951276,1.3027826013230777,-0.0043976095227389765
3.3553714698756965,2.497475666164784,4.203597448523021,0.3503080857134127,-1.671488542905288,-1.990141813358955,0.7268184956728719,11.589249198689654,18.292174814306744,3.171394283373781,-5.489680659570055,2.463126679614927,-0.00017944549940487875,0.004651602180989456,2392.468,4008.077725110852,13163.885682857894,201,B0055,73,1.011161098766987,4,1.265533618407287,28,0,1.011161098766987,1.265533618407287,0.0035853706636828965
3.327985568079429,2.499631738732727,4.19879054583806,0.3546558711728678,-1.738115100941277,-1.989834931537412,0.6585090715910038,11.857143843844957,19.26049129848449,3.4270417153795543,-5.685186161854201,2.2440967795076734,-0.0001858892109927788,0.0046218319514128685,2373.89,4138.055055695345,13535.090850212402,199,B0055,74,1.0337876112911784,4,1.2938521645831582,27,0,1.0337876112911784,1.2938521645831582,0.00459506257976523
3.380340612404249,2.499611198369732,4.206474987547079,0.3339867619268136,-1.6383784100519558,-1.9899806169770808,0.7562960966542743,11.276289724634314,17.24384546974176,2.970382181107972,-5.414178069966188,2.56304044965222,-0.00017884650139123355,0.004663034231199823,2383.234,3913.2698119699676,12931.900723749979,199,B0055,75,1.003994224020383,4,1.2565638103897498,26,0,1.003994224020383,1.2565638103897498,0.00503452592225635
3.3795059063602477,2.4972946109355068,4.203906513751972,0.32040471174561413,-1.6720302030703613,-1.9903659110556824,0.7265847236076537,11.220787392479364,15.900824096276386,2.6586559876044906,-5.5386726284964025,2.46860112350399,-0.0001867237368521736,0.004639561064016768,2342.453,3924.543273885374,13000.566341416968,195,B0055,76,1.0334195479955004,4,1.2933915095253734,25,0,1.0334195479955004,1.2933915095253734,-0.00025794070107969523
3.3419486124359232,2.4950143445404667,4.203458601351602,0.3539971938677014,-1.7040964736723387,-1.9909373483293216,0.6951983378739578,11.759447806620914,18.94850032004803,3.303098137867213,-5.585083898537324,2.3614399708941964,-0.0001854730516236769,0.00465528042553253,2359.296,4031.4241382766268,13213.47636686806,196,B0055,77,1.009893656411646,4,1.2639473321943053,24,0,1.009893656411646,1.2639473321943053,0.00620587439669631
3.3994343538904057,2.496127080556164,4.206479388387375,0.31024375417536965,-1.6294399730001765,-1.990502094790344,0.7643444628877581,10.988248985047367,14.95747625778177,2.5709163173235043,-5.417466669123473,2.593754916475759,-0.00018303820136582452,0.004663914869249141,2345.453,3825.8900962889484,12721.418951459495,194,B0055,78,1.0126262447940628,4,1.267367343572744,23,0,1.0126262447940628,1.267367343572744,-0.00029302920541516284
3.3674537565378784,2.498292598142556,4.200091561431062,0.34234339293011984,-1.6515379727772603,-1.989645979871128,0.7449123038184703,11.355681286808547,17.70459844093717,3.05568578644725,-5.43805273487406,2.5218229827082115,-0.00017930692117989363,0.004659459507035421,2360.172,3907.4920036941626,12866.979262001081,195,B0055,79,0.9948742055727694,4,1.2451495165052011,22,0,0.9948742055727694,1.2451495165052011,0.007782681143681791
3.3529430513041807,2.4995493131113817,4.203624990778383,0.3359645384072646,-1.7174483877318063,-1.9914645709614995,0.6814078370687556,11.443287391092776,16.746714545942115,2.9364685695355837,-5.656089649992996,2.3197590814095648,-0.00019241887775308162,0.00462947214011737,2315.407,3988.9116598403225,13137.531667034378,191,B0055,80,1.0240799556179332,4,1.2817024046434267,21,0,1.0240799556179332,1.2817024046434267,-0.004017146319510045
3.313138824967226,2.4954991257797223,4.203121026339225,0.3620892722492072,-1.7693261826528028,-1.9904890532016013,0.6215234244600532,11.785825239943042,19.20127329879016,3.3989003621906444,-5.771507951554138,2.129075574413799,-0.00019683968262392552,0.004605824280904154,2322.156,4124.373886689027,13454.28502236569,191,B0055,81,1.0208889510043029,4,1.277708655655292,20,0,1.0208889510043029,1.277708655655292,0.0025061193982395037
3.331207681083792,2.495394779769103,4.206360725269558,0.3549501292430389,-1.7382171562180335,-1.9905162279081985,0.6587380274526659,11.72640480534808,18.921215014535083,3.366995837896018,-5.69101338228861,2.246895002019195,-0.00019685123246064435,0.00459383407434305,2327.1570000000065,4058.808833787719,13289.847953810593,191,B0055,82,1.016100815944114,4,1.2717159944507295,19,0,1.016100815944114,1.2717159944507295,-0.0012414319064935953
3.361184494584018,2.4987692806726884,4.206662505631524,0.34332207124289327,-1.6759841309858239,-1.9908925129030703,0.7229587329726403,11.472788708066494,17.83845317353606,3.0989226851186773,-5.516987086074186,2.4526360739736,-0.0001863147299102216,0.004636018286307708,2335.0,3924.6302987209156,12919.950044087955,191,B0055,83,0.9987875345106276,4,1.25004730117748,18,0,0.9987875345106276,1.25004730117748,0.0027677420566870393
3.317225424194071,2.4984561833393784,4.198906004577256,0.35988995189383577,-1.7579493131782606,-1.9908017427512696,0.6356401839136591,11.802235485150675,19.413252469388496,3.4276867091620025,-5.737274189043143,2.1718951299159297,-0.0001924809536609884,0.004566716652380239,2329.375,4110.211265422735,13414.739642363422,190,B0055,84,1.0158868294923784,4,1.2714481765442798,17,0,1.0158868294923784,1.2714481765442798,-0.004202524783921802
3.3671948983953452,2.495225392424711,4.2063268655944,0.3415747537618278,-1.6637548048231787,-1.9912354426427308,0.7342774523760122,11.363194027921853,17.555469742468727,3.0165494600711114,-5.482935163360624,2.4902573924984703,-0.0001873086822192877,0.004625005024841258,2333.875,3893.300871607631,12831.356049584698,190,B0055,85,0.9963437517762594,4,1.2469887487764852,16,0,0.9963437517762594,1.2469887487764852,0.005547240768334749
3.394889434849019,2.48261274521935,4.207127040760322,0.31582795427375754,-1.6389209925149488,-1.990118242201512,0.7560533754111907,10.949818258159802,15.18160164516741,2.4818711503713553,-5.443964002669861,2.567225261750114,-0.0001897127137814971,0.0046550137828500525,2317.453,3803.855666820966,12635.763228879496,188,B0055,86,1.0053777381419529,4,1.2582953679373285,15,0,1.0053777381419529,1.2582953679373285,0.0031022425724700044
3.310050856120256,2.497894652809196,4.202430409703646,0.36251477007922633,-1.7742280928785612,-1.990653705320796,0.6154130110849073,11.706437723845246,19.119001932657707,3.3912615700643864,-5.783283053611713,2.1090707954635715,-0.00019925001481465617,0.004573628170782731,2295.109,4088.5184182395433,13328.165297730104,186,B0055,87,1.009132291002791,4,1.2629944340636579,14,0,1.009132291002791,1.2629944340636579,0.0013937049882646324
3.3458687278652697,2.498867447840723,4.206373386837717,0.35341790813726914,-1.6962395390509193,-1.9910685168887925,0.7032662327667709,11.583533228310797,18.259385299695204,3.2145519019598003,-5.562499678551985,2.3873052094598632,-0.0001880377892658793,0.004564846449379517,2326.657,3960.4945695221104,12988.619856535577,184,B0055,88,0.9984581240784204,4,1.2496350226822723,13,0,0.9984581240784204,1.2496350226822723,6.588208644144888e-05
3.2453384054657453,2.49494387511604,4.181574605333568,0.37487511114976213,-1.8679808387813042,-1.9898551893530096,0.47186121715842827,11.961499960858754,20.334330441428275,3.8240678095895952,-6.006809178751483,1.6710485345492134,-0.00019730217517259548,0.004200771432256638,2479.297,4652.841384957117,14961.837848851756,200,B0055,89,1.0892389324114138,4,1.3632530851173126,12,0,1.0892389324114138,1.3632530851173126,-0.014670420583807076
3.3032859676964024,2.499224528115884,4.194441045655941,0.36402578259200197,-1.7868262879672983,-1.989802834953792,0.5987254888758139,11.522596039987194,18.82433959610769,3.2881197046237696,-5.818643223582606,2.0583617901605495,-0.0001830402442433338,0.004363094471411049,2463.578,4419.5557077931035,14393.195996602368,198,B0055,90,1.0793936031703524,4,1.3509310177889267,11,0,1.0793936031703524,1.3509310177889267,-0.016609970278818588
3.3954172971180325,2.492495487385769,4.204880578247997,0.3261311793195783,-1.61471261152207,-1.990332615385347,0.7758697286253718,10.721858182752005,16.215064274032724,2.7789777224129564,-5.355650484696329,2.631563793962754,-0.00017387207626606152,0.004502444295468062,2458.812,3978.8690807402436,13197.942647987875,197,B0055,91,1.032614295314224,4,1.292383683630261,10,0,1.032614295314224,1.292383683630261,-0.005447311434454249
3.319390417324327,2.495661665849974,4.202840264863921,0.36194522013923747,-1.7601408237271083,-1.9905492967668528,0.6326786057427117,11.411543894379703,18.624861324787787,3.1844026321506176,-5.749943672724123,2.1663509354962542,-0.00018951105378164904,0.004476196869273203,2400.672,4241.185427088622,13855.73552273176,192,B0055,92,1.0498572649026638,4,1.3139643770746132,9,0,1.0498572649026638,1.3139643770746132,-0.008144994779974591
3.384442477808506,2.498900329146198,4.205754690488186,0.3189401600956423,-1.6551157920024593,-1.98999253160494,0.7420653362362046,10.810513729948518,15.137573162785118,2.6415789353287003,-5.484974718094083,2.517991102122913,-0.00018003358800456953,0.004505811074910486,2396.407,3976.296361085531,13178.429003895435,191,B0055,93,1.0453902697248565,4,1.3083736432363833,8,0,1.0453902697248565,1.3083736432363833,-0.009386429129287222
3.396001919549735,2.489889091081545,4.207084563921945,0.32694199992161943,-1.6115078715312525,-1.9901197988107224,0.7783937137456597,10.714176302518482,16.113386903826303,2.744535557863033,-5.34342344508083,2.638753034687491,-0.0001729510523905982,0.004613206445252119,2392.375,3864.4961705755313,12815.257433629253,190,B0055,94,1.0001607736713514,4,1.2517659989459449,7,0,1.0001607736713514,1.2517659989459449,0.017815631748012484
3.4091500642055776,2.498768290819146,4.198111672339926,0.3057853190215517,-1.5964976013167924,-1.9897475031713527,0.7900273778291405,10.478734086554464,14.51027225857862,2.5608553014330013,-5.312880203735943,2.676538205305729,-0.00017734651125887705,0.004516899658820331,2373.687,3794.4500012879184,12628.016763242671,188,B0055,95,1.0084094786878155,4,1.262089787627481,6,0,1.0084094786878155,1.262089787627481,0.014196824896507376
3.318069571504016,2.4975933279193185,4.203133911551857,0.37264595281522145,-1.724633006126093,-1.9897262444197572,0.6731734600032646,11.577446477629389,18.79688115527297,3.353899401239483,-5.614614535829915,2.2889360418915468,-0.00018341020391215388,0.004527064294540526,2385.922,4129.526367830093,13444.504538538142,189,B0055,96,1.003655158082039,4,1.2561394474031256,5,0,1.003655158082039,1.2561394474031256,0.005791827446437026
3.3705488423522825,2.495932540383024,4.206432255358412,0.3294357889931685,-1.6761541599227183,-1.9919373010273944,0.7223303190906033,10.889278314878903,15.51511607516065,2.6540265512651326,-5.535856382817617,2.451724459134566,-0.00018254450881157057,0.004561649723058916,2345.0,3942.760386035984,13023.329081915406,185,B0055,97,1.028526967659532,4,1.2872681282921787,4,0,1.028526967659532,1.2872681282921787,0.004266059448626347
3.358032061134384,2.493973960448579,4.203481073295822,0.35450646484053827,-1.6566423606087435,-1.9911024104896389,0.7401594792842284,11.125862267460422,17.410882869971065,3.010610297169957,-5.438158422847296,2.50507328010795,-0.0001767163529921486,0.004592801999929802,2363.047000000006,3927.2105683750106,12892.563211906772,186,B0055,98,0.9816844358987022,4,1.2286416653211165,3,0,0.9816844358987022,1.2286416653211165,0.012741166765230849
3.3305932142592156,2.4945849403498523,4.20306302939134,0.3544660331951374,-1.7366403960823258,-1.9901681479381788,0.6602216283169238,11.180258248103398,17.541633082707207,3.0135639712555946,-5.683165231571013,2.249672925327717,-0.00019266627824552276,0.004522016089388994,2316.687,4039.519893154553,13220.7569276143,182,B0055,99,1.0127121434171131,4,1.2674748512640284,2,0,1.0127121434171131,1.2674748512640284,-0.002510273949152353
3.345081227582777,2.4970956728658367,4.197674431245264,0.3433097852247729,-1.7132159087232544,-1.9909302972480336,0.6856523280344881,11.102809730123198,16.68412644043965,2.8529057920043237,-5.624312375584431,2.3293395516919153,-0.00018626092230269583,0.004514524297045072,2322.0,3992.6218608899026,13108.246930411478,181,B0055,100,1.0201379996149256,4,1.276768791344644,1,0,1.0201379996149256,1.276768791344644,-0.002345704185422015
3.3411218242164646,2.496842059818817,4.20280430699626,0.3621242309098048,-1.6853564371512757,-1.9899104414591309,0.713565710124502,11.41292758502581,18.127312484256297,3.166392141535127,-5.5126288124877405,2.417701862849847,-0.00018130164431465925,0.0045095541123927494,2357.687,3988.80132935567,13047.792678748396,184,B0055,101,0.9907591663373164,4,1.2399992783286327,0,0,0.9907591663373164,1.2399992783286327,0.0025791983489445113
3.2954766160397124,2.689656173110366,3.8387228819147694,0.33043605374045604,-1.082554743304369,-1.998659884695217,0.99226175368053,9.97935642991351,15.737541036017063,2.732953998663117,-3.2526909000116135,2.9854564699470427,-4.7103255169483483e-05,0.003973726617486434,2660.313,2839.0211351638477,8531.154116796302,280,B0056,0,0.7852781208785192,4,1.0,101,0,0.7852781208785192,1.0,-0.0
3.278114932402385,2.686775295531401,4.14918086948454,0.2406697098351623,-1.7199163116216973,-1.9959503490046475,0.6853517781176997,11.067443145348815,14.09017680302044,1.8829938721301849,-5.525169161770907,2.2275607624612106,-0.00015189510713997062,0.003924294905625374,2826.0,4849.9832939899525,15579.11205171221,299,B0056,1,1.3443555553017368,4,1.7119483143090213,100,0,1.3443555553017368,1.7119483143090213,-0.5590774344232176
3.3106158390566507,2.698313212370538,4.17533419262966,0.2580328389156521,-1.6905155460333223,-1.996169566048845,0.7152818394922457,10.889462468094056,14.9073664521439,2.0022342606588506,-5.476842190382427,2.3483618352600923,-0.00015587262107374022,0.003894723209586831,2818.578,4753.409608889959,15397.262969434989,296,B0056,2,1.317502710734752,4,1.6777529842049002,99,0,1.317502710734752,1.6777529842049002,-0.26611229492811633
3.3172843725733268,2.692589583576849,4.177469814791119,0.24599775990392259,-1.726708354723348,-1.996337766770787,0.6788410321074708,10.764459531712715,14.04619289990165,1.8718745082293222,-5.623757192320654,2.2421593323906377,-0.0001536849209816935,0.004061785878943653,2713.812,4680.702934658209,15245.087257552555,284,B0056,3,1.2973654679476911,4,1.6521095309471772,98,0,1.2973654679476911,1.6521095309471772,-0.17069578235639063
3.344030455029123,2.6980823652266586,4.177333358996554,0.26228994115736326,-1.6420112923998627,-1.9969110305254825,0.7595416428512403,10.65574896441831,14.458798502682042,1.8633198216552784,-5.359931818448043,2.508694259667005,-0.00015740837912473187,0.0038853847167207227,2786.578,4560.937710778972,14885.346083379045,289,B0056,4,1.263960414854898,4,1.6095703945512443,97,0,1.263960414854898,1.6095703945512443,-0.11967057349409468
3.336353669510842,2.699291592092144,4.178105672730461,0.24914499682715635,-1.7046338232855287,-1.9971248669228028,0.7017682297133819,10.604398240583924,13.79068771013097,1.81377392051934,-5.577906147011181,2.3269671771381297,-0.00016500365245361692,0.003966846024318028,2667.89,4542.599388261012,14864.713406409419,276,B0056,5,1.2589496187032136,4,1.6031894754622489,96,0,1.2589496187032136,1.6031894754622489,-0.09473429956493888
3.3009005971377725,2.6902918098264004,4.169426750713255,0.24237182934522122,-1.8247670015083761,-1.997374519568108,0.5544256454128829,10.747618198190096,14.881216824496482,2.1521255151516834,-5.95506908312002,1.8541545150204186,-0.00017932985339971888,0.0040367043449985405,2530.172,4620.717380895231,15076.318894829254,260,B0056,6,1.28061976902026,4,1.6307849855635659,95,0,1.28061976902026,1.6307849855635659,0.012747157256295338
3.3051103949821674,2.6937716432028966,4.178499777464705,0.23928273106341477,-1.8506548604930126,-1.9974455810197207,0.514425213101953,10.642275000961929,14.283153326557814,1.9919595268399715,-6.058760699422755,1.73341655548053,-0.0001835696515350289,0.004154126497342847,2446.062,4536.411742057659,14851.231120207158,251,B0056,7,1.2572786868607095,4,1.6010616537414109,94,0,1.2572786868607095,1.6010616537414109,0.01204480477480847
3.3671071393351695,2.6912557599593363,4.178690194193401,0.2555736823307046,-1.6314150295742418,-1.997549921598698,0.7681830914488058,10.449432487805073,13.24625881226546,1.7230574349112924,-5.364743716616504,2.5534117443438777,-0.00016493831147414584,0.0038892091754853956,2713.25,4412.6642916335,14508.039647429181,275,B0056,8,1.2226260041048898,4,1.5569337430884913,93,0,1.2226260041048898,1.5569337430884913,0.014947892768560279
3.350670766767032,2.698815560187372,4.178597106977031,0.2635951982627007,-1.6616088416098966,-1.9978221218978045,0.742437195667316,10.535109718676143,14.784638313108044,2.285451078198176,-5.444953737081424,2.465234604269526,-0.0001649323907092817,0.00389633423663244,2676.578,4436.383980920267,14534.71314476163,270,B0056,9,1.2292772249257495,4,1.5654036350210705,92,0,1.2292772249257495,1.5654036350210705,0.006936637985829686
3.316178080747263,2.698364593875605,4.179016949083667,0.24035470200507789,-1.8455069420958794,-1.9994834284107947,0.5230488504861672,10.596589405147556,13.967206000860529,1.9205156879491034,-6.061017574328577,1.7664786504085441,-0.00018840077015751282,0.004125787597236056,2394.734,4429.675856199654,14547.998833678244,242,B0056,10,1.2275780135689456,4,1.563239801200127,91,0,1.2275780135689456,1.563239801200127,0.006274321026853613
3.3637533511944144,2.690491235069901,4.170255325585353,0.2621986512278043,-1.6426461298564279,-1.9966769679348089,0.7587893996338476,10.518875176620943,14.10183741263998,1.780721270309553,-5.4001645340114655,2.5255825501724156,-0.00016128899855421042,0.0038865650266470516,2673.0,4379.187329223631,14393.45968929962,267,B0056,11,1.2133872888296768,4,1.5451688472769576,90,0,1.2133872888296768,1.5451688472769576,0.013446496038116651
3.345736483227564,2.695326027100301,4.1791853671260935,0.2619990062763345,-1.6956317121625684,-1.9987446420077768,0.7105868479547958,10.55326910161315,15.014735099158155,2.094964464621407,-5.562341778929294,2.366617043401076,-0.0001653505466984836,0.003951339120303138,2619.578,4439.495618931454,14563.106597001042,261,B0056,12,1.230223614493081,4,1.5666087998437865,89,0,1.230223614493081,1.5666087998437865,0.005411014473525722
3.373106355519255,2.69100578312218,4.179445713445421,0.26224660712031783,-1.6346840292281264,-1.996670402669732,0.7656396779079818,10.414707663905276,13.814334631047265,1.7548037383881836,-5.388043551255079,2.554456517655968,-0.0001661951318586675,0.0039016137297423004,2640.016,4304.977272076838,14186.704806051399,261,B0056,13,1.1927530108462678,4,1.5188924524114993,88,0,1.1927530108462678,1.5188924524114993,0.005974598651724383
3.3697897239570302,2.6980104623652483,4.1797547856645245,0.2660452864601704,-1.6381228999586526,-1.997770382383616,0.7626629542136719,10.394183210718758,14.16755708920704,1.8912508974912898,-5.393967646446598,2.543621594538597,-0.00016953900705905025,0.0038673725011918354,2621.187,4283.34614655023,14101.35095631674,258,B0056,14,1.18671066359878,4,1.511197920898603,87,0,1.18671066359878,1.511197920898603,0.008513312265393891
3.3623304120622954,2.6918100210263542,4.179854576648961,0.27059610268872003,-1.6445053548128659,-1.996548124766132,0.757578857248843,10.441904510807989,14.498480751440637,2.100037511719366,-5.40336221555113,2.523632040550146,-0.0001655116843381527,0.003919853840288308,2616.453,4300.21832596469,14128.749493688358,257,B0056,15,1.1914875140242167,4,1.5172809255035098,86,0,1.1914875140242167,1.5172809255035098,0.007218099908945774
3.3440747440292173,2.6994455277907243,4.171853041375375,0.26236224469653885,-1.7073520267726885,-1.9978026678137104,0.6988152714745359,10.556505695788386,14.957470899011565,2.2563723849095036,-5.602703895898005,2.3304173255454574,-0.00016397430772487108,0.003941313799664499,2565.109,4382.027796961789,14379.314462401351,251,B0056,16,1.214178606017816,4,1.546176537631623,85,0,1.214178606017816,1.546176537631623,-0.0001582634376278147
3.344993026252809,2.6974370448855804,4.179639783717689,0.26278558498297994,-1.7217523886019717,-1.9976555316387103,0.6841230129983644,10.536326582207261,15.001521036754518,2.165241962638171,-5.65772174428781,2.2872761480343353,-0.00016789755500873658,0.003923177409695775,2532.531,4364.988953947344,14342.795005201166,242,B0056,17,1.2094387558721402,4,1.5401406504476365,84,0,1.2094387558721402,1.5401406504476365,0.004156971724188141
3.350361911675404,2.687185471488668,4.180054992180052,0.2645489841939163,-1.7041819303581027,-1.9970386663902504,0.7021493570194728,10.495199596430949,14.338173356663557,1.954395829206111,-5.602958534375174,2.3465977859415665,-0.00016569824226007028,0.003962240881616073,2556.593,4356.6418677281235,14323.397667874597,248,B0056,18,1.207072299940321,4,1.5371271245783917,83,0,1.207072299940321,1.5371271245783917,-0.002863857818810622
3.37818787285201,2.687470388534462,4.174069945070663,0.2626816076229987,-1.6317327720996542,-1.9977714431306908,0.7676398617012635,10.301909086360435,13.436612124692124,1.746003799847931,-5.386644989128902,2.5649737988452634,-0.00016527614941934298,0.003918721658995083,2577.891,4198.132498291626,13856.14276060952,248,B0056,19,1.162961249391913,4,1.4809546050905709,82,0,1.162961249391913,1.4809546050905709,0.00474988284137341
3.3620625284471575,2.699656546174108,4.180243969445706,0.27108225966382943,-1.654732613269804,-1.9978617916136057,0.7490372283372981,10.453998023862313,14.639269846531356,2.2586547809805237,-5.440645704172224,2.4984221585453703,-0.000163575327679354,0.003906169007092727,2572.36,4255.122652423339,13990.883487690813,247,B0056,20,1.17887968705904,4,1.5012256877094503,81,0,1.17887968705904,1.5012256877094503,0.0025215653930353633
3.346029829980996,2.6854368250416094,4.160878235645104,0.25223087756675433,-1.7304356189135515,-1.9980492124102964,0.6741770450285537,10.390292640584766,13.577353530338334,1.7879224521193753,-5.697592247582289,2.2575318958601454,-0.00015657653465975344,0.0037426421523777923,2697.75,4671.26750072135,15380.001681653612,258,B0056,21,1.2945104146044433,4,1.648473808433918,80,0,1.2945104146044433,1.648473808433918,-0.01606636171732547
3.3654291392154736,2.690427787524509,4.170401928183799,0.25708843777807155,-1.69638971406972,-1.9972356722093,0.7096153248475006,10.29031089579849,13.568274326866668,1.7523449583492647,-5.606513118520955,2.3813231897381537,-0.00016572008543341062,0.0036960846984140467,2683.406,4548.419483040685,15029.333913050074,255,B0056,22,1.2602567563003473,4,1.6048540291565137,79,0,1.2602567563003473,1.6048540291565137,-0.01016360008564141
3.3689721031647792,2.6939728433831345,4.179668272690069,0.2564693332634003,-1.6918741720619472,-1.9980211141662236,0.7145806117906573,10.263087503889402,13.222923404873027,1.7261689791506059,-5.5956477694552635,2.398643415217888,-0.00016518377826133887,0.003754310869912071,2646.156,4478.371024953602,14811.333061643,251,B0056,23,1.2408721291565108,4,1.5801689823833396,78,0,1.2408721291565108,1.5801689823833396,-0.00675996584323797
3.3465295769688743,2.6814059367851253,4.179757059071528,0.2633888044120432,-1.7414082441068879,-1.9972921065349984,0.6627372070463456,10.400005286038285,14.117236767649958,1.9272932846908035,-5.735599490626181,2.2257734612928597,-0.00016799792366061406,0.003839373192969255,2593.531,4519.233918762808,14885.057893382731,245,B0056,24,1.252197340273113,4,1.5945908933159048,77,0,1.252197340273113,1.5945908933159048,-0.01784721817624
3.352812339869088,2.695307365997281,4.179381275805115,0.26863489922477346,-1.7007572591990596,-1.99764011344434,0.7058715546291761,10.409833153074386,14.72590749283402,2.3154889035263233,-5.596030117037755,2.362594185746704,-0.000168126638584802,0.003776808410229894,2604.125,4431.805915102488,14582.262342203427,245,B0056,25,1.2279025700477384,4,1.5636531025135898,76,0,1.2279025700477384,1.5636531025135898,-0.0098045765977397
3.3743035968482755,2.687952325629709,4.179761909304835,0.2679276654999349,-1.6642520477871068,-1.9963245471931028,0.7400604832484015,10.249617197163523,13.782905674311683,1.809435602458231,-5.501299282972897,2.4829503120553427,-0.0001713501175221516,0.003796452191247849,2588.594,4301.848256506831,14216.803064653259,242,B0056,26,1.1917170308946994,4,1.5175732001312887,75,0,1.1917170308946994,1.5175732001312887,0.020558676741948778
3.3764282291064944,2.696650296000414,4.17225893612502,0.2624905553677743,-1.661218424865919,-1.9964370552261024,0.742568961066869,10.237028804942252,13.53465268656202,1.7581896154420031,-5.494266491869892,2.4901847229251493,-0.0001669503297744537,0.0037782981186840364,2579.203,4280.685892274355,14155.633279956744,240,B0056,27,1.1858570240011006,4,1.5101108670574435,74,0,1.1858570240011006,1.5101108670574435,0.014879946459849335
3.375019443182964,2.683210476599473,4.180576245666881,0.2619822612773073,-1.6741395350666335,-1.9977877783000189,0.7311265495012575,10.198234922837491,12.997563677985069,1.739874894920152,-5.539286905726842,2.454183282558798,-0.0001728659615827982,0.003822804892217542,2555.453,4274.481902863852,14141.777289122903,237,B0056,28,1.1840938286611429,4,1.507865553845374,73,0,1.1840938286611429,1.507865553845374,0.011355660099073583
3.3500962120625943,2.6972876615572554,4.180487517962948,0.26954535147882325,-1.7210677294448378,-1.9977122672890133,0.6848772363691439,10.430944576015767,14.9075480868495,2.2231240047850083,-5.665476028734528,2.2970695559630534,-0.00017254606693037773,0.0038168615845148583,2525.609,4353.07717349571,14329.55598397104,234,B0056,29,1.2059829135917657,4,1.5357398627668228,72,0,1.2059829135917657,1.5357398627668228,0.009242885336269468
3.379062729502439,2.683737907365728,4.18039553298969,0.2637630918834548,-1.660218253465555,-1.9993057278946789,0.7439447190406479,10.139534423823738,13.20576446654183,1.7943949876326855,-5.4946082761210215,2.496537418859747,-0.00017123998788267874,0.0038427439188284474,2536.172,4207.439018084863,13922.803051008526,233,B0056,30,1.165428493679393,4,1.4840964782968686,71,0,1.165428493679393,1.4840964782968686,0.01249481527366907
3.3612064036489087,2.69363443342256,4.180559366384886,0.27385827908438826,-1.6771366747493928,-1.997237284045861,0.7287061411693163,10.308440154694576,14.51158708545384,2.3255091526982334,-5.522790582554652,2.439071488514497,-0.00016810871351751708,0.0038442906874262307,2536.204,4255.983801887833,14015.389031428233,233,B0056,31,1.1790060613193858,4,1.5013866170120578,70,0,1.1790060613193858,1.5013866170120578,0.002542193915062718
3.3463562838477823,2.6943722854819816,4.172113004233132,0.26728664947542286,-1.7399898086415906,-1.997516578108804,0.6641109018991618,10.36840954285901,14.30233008977442,1.9746685805834285,-5.728386581672064,2.230174164974855,-0.00016850066498417613,0.0038451556724721494,2488.86,4336.159447474678,14275.72619186245,228,B0056,32,1.2013113747183153,4,1.5297909654917732,69,0,1.2013113747183153,1.5297909654917732,-0.0030908701434429363
3.368266919681875,2.688897787724772,4.180373353367004,0.2739220265820364,-1.6716395639461556,-1.9971577867500607,0.7334059099026025,10.204673365751807,14.15321706372225,2.089784100256181,-5.5158205366514075,2.459155143986558,-0.00017233993256856795,0.0038241939167007327,2518.547,4208.034835774818,13881.948531178352,229,B0056,33,1.165597803317432,4,1.4843120829769652,68,0,1.165597803317432,1.4843120829769652,0.003699205068742195
3.3594964247247177,2.6882331708894665,4.180733041897962,0.2680709443326805,-1.7116000565977858,-1.998331732478157,0.695015931801608,10.315613775538878,13.855287867564956,1.8587955152693743,-5.64785875041695,2.3342863155894342,-0.00017200463875975062,0.0038595957849178824,2485.766,4260.731673714197,14059.464594632438,226,B0056,34,1.180303335055002,4,1.5030386097279187,67,0,1.180303335055002,1.5030386097279187,0.005135915707352723
3.361567624174783,2.689459077872609,4.180279081248084,0.2763178041143043,-1.6774896727466349,-1.9970287986633808,0.7282196574695047,10.276786926763112,14.492855960891132,2.3323959640532568,-5.524449423601102,2.4386127736382903,-0.00016722799533402342,0.003872276802629212,2506.718,4208.697586713545,13860.386477633196,227,B0056,35,1.1658134189695046,4,1.484586655318076,66,0,1.1658134189695046,1.484586655318076,-7.698505802231637e-05
3.355757582090394,2.6894641263415138,4.180999495499183,0.2697188222729829,-1.7243823805848957,-1.9978411043695117,0.6814260453529685,10.32641766409495,14.065463723343733,1.8717428479776226,-5.687909742548888,2.290643696520005,-0.00017220662142356844,0.003874448192594523,2459.297,4246.639391405921,14008.041680006054,222,B0056,36,1.176396051577376,4,1.4980629413962263,65,0,1.176396051577376,1.4980629413962263,0.0005220019484019733
3.377027547912211,2.6842747820981163,4.172470795694908,0.26833955692446115,-1.6629834811063648,-1.996969373310469,0.7411218388706683,10.173012177291527,13.412858944276625,1.7549928955294558,-5.500519150119807,2.4877326020943036,-0.0001702278459958837,0.003830168325119525,2488.734,4137.182023771415,13682.324013165002,223,B0056,37,1.1458325512940766,4,1.459142335472421,64,0,1.1458325512940766,1.459142335472421,0.011095764684847742
3.357651728668808,2.6890536637756743,4.181062785086551,0.27695325493138606,-1.689827294587583,-1.9983414092740528,0.716758527087206,10.359918034435648,14.60610388019012,2.291359522916569,-5.562655246931302,2.401329451236558,-0.00017256551597939217,0.00383074082763814,2491.375,4215.089030573255,13876.05637846675,223,B0056,38,1.167557759980296,4,1.4868079587829426,63,0,1.167557759980296,1.4868079587829426,-0.00039199133257281635
3.3773583743313456,2.697570405713833,4.181144967626914,0.26446236566661097,-1.6766143500201733,-1.9966505293094987,0.728840437155552,10.160882493726476,13.208123302069437,1.7389638201230446,-5.55165607717804,2.4493985242057184,-0.00017122659602464014,0.0038400232420818595,2467.328,4136.2484196955365,13695.893109898916,220,B0056,39,1.145636654711916,4,1.4588928740689355,62,0,1.145636654711916,1.4588928740689355,0.006933336068617235
3.365617870156837,2.6861014784430512,4.1812569980664405,0.2786273484433543,-1.675151077790599,-1.9978856754777936,0.7301859259425323,10.194404833993097,14.33986737197622,2.1694042274613614,-5.522735986818937,2.4482614529116336,-0.0001737175814436297,0.003847367731750478,2466.125,4131.78002925984,13619.229391537452,219,B0056,40,1.1443667002824445,4,1.4572756706912957,61,0,1.1443667002824445,1.4572756706912957,0.004289343737412033
3.356825640396486,2.6984158813975863,4.181218970555332,0.27658052742643363,-1.7007993161787647,-1.9982856792977777,0.7053858749022611,10.45640074188921,14.869194370874,2.1960186935756205,-5.601832523700137,2.366214738920199,-0.0001712243217775037,0.0038216150000860896,2459.312999999994,4189.850519899011,13800.691155267701,218,B0056,41,1.1605177686388095,4,1.4778429931811878,60,0,1.1605177686388095,1.4778429931811878,0.0031756565877132823
3.3493744607237104,2.6966170938157865,4.162741220330822,0.2692651964637035,-1.7280902642659892,-1.997330304637193,0.6761960767938636,10.313619268601707,14.255223899564948,1.95274995024109,-5.692718399729133,2.2718828338213473,-0.000160703539478183,0.003679377993817027,2559.125,4429.751673460177,14592.550149561961,226,B0056,42,1.227201304260248,4,1.5627600866904752,59,0,1.227201304260248,1.5627600866904752,-0.016273750593234305
3.3378261700959464,2.6938401614375964,4.171908005371084,0.27090235597445,-1.7697668005317093,-1.998225530162105,0.6287209415332063,10.450923975542697,15.145967765545794,2.1928701714298198,-5.823706953238814,2.1192218144578785,-0.0001662378719053975,0.003700761830753324,2534.156,4495.5908131000515,14794.238864646202,223,B0056,43,1.2454797202045476,4,1.5860364463117653,58,0,1.2454797202045476,1.5860364463117653,-0.015584392044850315
3.379813223194436,2.694145271746648,4.1801184107331695,0.2669612504335651,-1.6776635778147013,-1.9969891662839132,0.7275716738702058,10.066401247840554,13.36575567843813,1.7968779783932727,-5.561830041083134,2.4500341906185383,-0.00017240506577089038,0.00371489454991229,2521.985,4232.242327107557,14028.568639482677,221,B0056,44,1.1722288849037228,4,1.4927563289198833,57,0,1.1722288849037228,1.4927563289198833,-0.005318446038361379
3.3529139626798687,2.6949310922042096,4.180978585892375,0.275572965786806,-1.7206408430840379,-1.997363772478968,0.6853280794363212,10.43749851062521,14.761564527480054,2.249916792418798,-5.6691105545566876,2.303153832712976,-0.00017107634819281222,0.0037584196443649414,2503.172,4315.342035184813,14217.620869979168,219,B0056,45,1.1953514999944956,4,1.5222014573094338,56,0,1.1953514999944956,1.5222014573094338,-0.010196959942410233
3.3506050479395064,2.698968781686075,4.180622872978541,0.2749702509544222,-1.7353946887212042,-1.99808080514684,0.6694499850726775,10.413907415221043,14.927522519928406,2.207961648370017,-5.719322537059064,2.2531742761024702,-0.0001736027634065853,0.0037530280205316097,2474.344,4303.049197880735,14181.78860442305,216,B0056,46,1.1919514716203925,4,1.5178717449645904,55,0,1.1919514716203925,1.5178717449645904,-0.0062867405963165975
3.282678428854045,2.69347301500386,4.109379346813982,0.2516938902103491,-1.8819520327756425,-1.9983807330397183,0.4575018958265354,10.513733364328893,15.38684146714604,2.274320343012154,-6.13402581800256,1.558230241360336,-0.00018314276657180749,0.003738490453150744,2349.64,4438.074397276616,14464.061558954327,215,B0056,47,1.2296223665252586,4,1.5658431501308545,54,0,1.2296223665252586,1.5658431501308545,-0.00048421245300209745
3.33124930750755,2.6975073541494394,4.169898025659996,0.26906760789329265,-1.7966492983038744,-1.99817268738769,0.5946061213163549,10.477654553290117,15.06186195706642,2.1639099361895733,-5.911863829532392,2.0112893711302373,-0.0001682644470204211,0.003693057740699094,2560.688,4610.340426172661,15170.40558528213,233,B0056,48,1.2774519419396988,4,1.6267509662825788,53,0,1.2774519419396988,1.6267509662825788,-0.006394444347030248
3.3452443163116463,2.68847764541694,4.18030832398499,0.26817676817378056,-1.7761136080338402,-1.997470740297483,0.6216062377038105,10.31728183321325,14.19417584217932,1.9788313509775854,-5.8621542606393815,2.10227735651239,-0.00017572459463602075,0.003738009921775384,2522.375,4487.783040501714,14811.484375484608,229,B0056,49,1.2433879751668584,4,1.5833727466847478,52,0,1.2433879751668584,1.5833727466847478,-0.014231818052627122
3.341356791517586,2.695809647268888,4.1803883737342336,0.2714583836438256,-1.7812712509429693,-1.9980970694464453,0.6152575782624347,10.380685727786513,14.670219241896357,2.074307306615073,-5.873039634561453,2.081313657470999,-0.000177211867438659,0.003767087384843452,2488.719,4442.5393729343605,14647.19079618392,225,B0056,50,1.230802542912592,4,1.5673460270810147,51,0,1.230802542912592,1.5673460270810147,-0.007090208583619262
3.3435875505910966,2.6988862295180773,4.180539223969872,0.2726439971777136,-1.770178297141129,-1.997256112978706,0.628835864022586,10.36448134266215,14.756439650219583,2.0965077254251128,-5.83591033950879,2.1246034818601554,-0.0001788561779957723,0.003741830354748053,2474.844,4390.201148996039,14473.001258092403,223,B0056,51,1.2162358534094664,4,1.5487963067770423,50,0,1.2162358534094664,1.5487963067770423,-0.0048568763578147765
3.3430796751998537,2.6881817818985594,4.180613197410378,0.27633471553677486,-1.7603312590728741,-1.9977292149583488,0.6408330560853068,10.418606978035179,15.074941469247385,2.2034355294926855,-5.798069021266969,2.162111209607638,-0.0001781925096242934,0.0037805161936102136,2473.875,4363.584690400718,14371.705781967252,222,B0056,52,1.2088335726499548,4,1.5393699894472912,49,0,1.2088335726499548,1.5393699894472912,0.004157758775060749
3.3475631632118508,2.693866336049454,4.171995741541347,0.27758669362732263,-1.725357477499951,-1.9968867131079735,0.6800795949701856,10.467474839092922,14.772345213065618,2.2254048176342174,-5.676746597815849,2.2843136198823215,-0.00016848851875116526,0.003805012903990661,2495.5,4312.422037918423,14187.711421120592,223,B0056,53,1.1946181162240357,4,1.52126754134901,48,0,1.1946181162240357,1.52126754134901,0.01656676514313262
3.3573308617480517,2.692863343941837,4.180481328623388,0.27879692417100155,-1.7049184863619542,-1.9974954691900964,0.7016573383479876,10.24758606535621,14.624267787138264,2.3379574438257986,-5.619105151609423,2.3575265602795024,-0.00017447384832327208,0.0038039520861224184,2481.078,4236.299677992464,13961.150452416592,221,B0056,54,1.1734248134794991,4,1.494279265245218,47,0,1.1734248134794991,1.494279265245218,0.013992632337471856
3.382778882292665,2.6912645328393867,4.181058054860729,0.2662099147229219,-1.6737250543608966,-1.9970688320372325,0.7315193224074926,10.06027633089391,12.974017575008304,1.7684257132140286,-5.5521840627351855,2.463749090144519,-0.00017633147708542689,0.0037974826153473946,2460.125,4117.794563100312,13658.167385021216,218,B0056,55,1.1404596305913128,4,1.4523002746026326,46,0,1.1404596305913128,1.4523002746026326,0.01806858246425582
3.3460645335108428,2.6880196285337377,4.18149130108492,0.2796471293814751,-1.7445639059237334,-1.9973808016244436,0.6591352981595573,10.46181981941412,14.962343761280408,2.2164414148451197,-5.744550486390982,2.220662811894256,-0.0001768869481095352,0.0038285841754188035,2440.547,4267.75995733596,14051.9551273549,216,B0056,56,1.1821716406845988,4,1.5054177739754933,45,0,1.1821716406845988,1.5054177739754933,0.006812842544973519
3.3641915924918147,2.6997902360046213,4.180595098911064,0.27693830087410803,-1.6890678369808096,-1.9972649359124228,0.7174376784399409,10.21776828052081,14.288936379622092,2.306460865521224,-5.57272646742086,2.4094878346570754,-0.00017181586392071984,0.003811654338885729,2449.922,4145.039394115804,13675.325134654626,216,B0056,57,1.1480663382055174,4,1.4619869160764771,44,0,1.1480663382055174,1.4619869160764771,0.012153446888887486
3.340090097397974,2.6973629105606647,4.173047661044039,0.27535021142800925,-1.7678866953516275,-1.99737218946031,0.6316696115900046,10.382854030148234,14.731654795183925,2.10137637295411,-5.8194839771760645,2.131048409389821,-0.00017559724278825114,0.0037899623223891506,2408.781,4269.072215802416,14052.759444740452,212,B0056,58,1.1825381935034152,4,1.5058845548637807,43,0,1.1825381935034152,1.5058845548637807,0.0024159845441241055
3.35648490646885,2.691300691707842,4.180864505746636,0.2806893489455186,-1.704950103976557,-1.9971710052373428,0.7017121001886977,10.344585715881983,14.530184451529058,2.20426215944446,-5.616873174809836,2.357345692146129,-0.0001707970485746285,0.003852983425973662,2442.547,4170.8163301719005,13740.029626971233,214,B0056,59,1.15520928628466,4,1.471082990307033,42,0,1.15520928628466,1.471082990307033,0.003643105438967842
3.3822432790887746,2.689936372979849,4.181146414659693,0.2677710361006256,-1.6727370538477788,-1.9985618755593448,0.7324888459293667,10.028217431506214,12.920963346782584,1.8011188332421615,-5.546574006879837,2.4659917197790566,-0.00017857980776187372,0.0038032827837414245,2420.671,4050.4777462801712,13429.388064039977,211,B0056,60,1.1216816712671696,4,1.4283877793670139,41,0,1.1216816712671696,1.4283877793670139,0.0037555918648286557
3.3475849268060007,2.6913240152919484,4.181695073360697,0.2814916097185332,-1.7375416574771907,-1.9981998904229497,0.6672677184686924,10.497532395250285,14.975497658516607,2.220199595066808,-5.720722533736721,2.2468292338395854,-0.00017891012028705962,0.003811504746874669,2409.906,4197.727269568692,13820.62573672306,210,B0056,61,1.162666262561457,4,1.4805789587779932,40,0,1.162666262561457,1.4805789587779932,0.0039010756246283585
3.368899621618762,2.686923064348457,4.180846468482689,0.2786472341157916,-1.6790843732728173,-1.996923639616402,0.7267665020655576,10.078456668334661,14.006665059857031,2.2807480285239494,-5.543739196332493,2.4412252955684126,-0.00017748705386257398,0.003821075187647885,2416.672,4061.3737483712357,13406.722118777438,209,B0056,62,1.124695615744926,4,1.4322258392818688,39,0,1.124695615744926,1.4322258392818688,0.004674144492118293
3.340217809060051,2.6874437664677444,4.17358432175774,0.2808815806304089,-1.7528301920007388,-1.9980323886030191,0.6496940845719951,10.437586290235986,15.065495014920012,2.236883340196635,-5.7632509807478085,2.187836341153109,-0.00018042316663728346,0.0037852389149531686,2395.75,4211.447178243333,13847.623464378219,207,B0056,63,1.1664177948797931,4,1.4853562882598577,38,0,1.1664177948797931,1.4853562882598577,0.0032240797247244045
3.3606706640426602,2.699800435335948,4.181103233539769,0.2804565487716261,-1.696361090547745,-1.998026842266808,0.7100015406657084,10.327680053270171,14.438517748547325,2.167098689174217,-5.592395667973577,2.3849662620206766,-0.00017939927847627005,0.003774819857655851,2410.688,4097.0782252831,13505.73553011697,208,B0056,64,1.1346745156379463,4,1.444933311485292,37,0,1.1346745156379463,1.444933311485292,0.004106954129342722
3.384477709863685,2.697960709571132,4.181672942091641,0.269937503959716,-1.6547810696984198,-1.9970444217112648,0.7483127593796478,9.931318938388468,13.194289211464437,2.0811348525879074,-5.48317296084706,2.515765732614873,-0.00017744031286339725,0.003791029161980213,2402.125,3976.8692043721912,13175.340296731985,206,B0056,65,1.1012231317092755,4,1.4023351758193607,36,0,1.1012231317092755,1.4023351758193607,0.004091707911578801
3.3408256322235093,2.6834783907862354,4.181798435766776,0.27989060826054896,-1.7665140217971276,-1.9970743538086635,0.6329450855191023,10.341385046767083,14.482501609291248,2.0909836635178647,-5.8148695437683395,2.1367220426356055,-0.00018245517116635354,0.003861904971903915,2355.265,4174.0891959202545,13739.775106629644,202,B0056,66,1.1560733948472832,4,1.4721833756859821,35,0,1.1560733948472832,1.4721833756859821,0.0013185735428347556
3.3541889238828593,2.699619006890264,4.181361272735532,0.2834236927656701,-1.7114334458397396,-1.9974408693161616,0.6945050696037549,10.494744894336083,14.720749328790644,2.16872936937074,-5.635820835836218,2.334088381757053,-0.0001772581344675168,0.003775391297147775,2396.719,4111.156907230171,13538.399631709064,205,B0056,67,1.1385609898764002,4,1.449882480620561,34,0,1.1385609898764002,1.449882480620561,-0.0027730748262948524
3.340961153961277,2.689809371052332,4.16432577440784,0.2795654204830287,-1.7341386416649764,-1.9965313509817573,0.6696971591946907,10.206418347273608,14.529077890794348,2.4301606643474796,-5.696547572142138,2.2485650804596404,-0.0001698498354445633,0.003744902967729693,2442.344,4244.979219111822,13943.485987513435,208,B0056,68,1.1757265448773706,4,1.4972103686806433,33,0,1.1757265448773706,1.4972103686806433,-0.001861749999515494
3.3371235826921466,2.688916524535636,4.172633979258993,0.28166336782143175,-1.76327611270095,-1.9980007270295648,0.6369934601299085,10.592911474763564,15.244128605525711,2.2622358252869956,-5.796955591920307,2.14816688164123,-0.00017674213021768328,0.0037059901787032776,2444.703,4321.322316152075,14206.744126588064,208,B0056,69,1.1969385632452556,4,1.524222477898909,32,0,1.1969385632452556,1.524222477898909,-0.01245280952146186
3.376237517393404,2.698695743312111,4.180507540870247,0.27153530893713784,-1.684432789415394,-1.9963931274279252,0.7212002503724861,9.984423245892257,13.512900564234096,2.1270791022892537,-5.578467032299797,2.428245471691351,-0.0001763572734620242,0.003688831924749213,2412.25,4069.09188015376,13474.021542332775,200,B0056,70,1.1267457988726266,4,1.4348366125521173,31,0,1.1267457988726266,1.4348366125521173,-0.005104533432670211
3.348647645780763,2.697889593175275,4.181900407397767,0.282755970870213,-1.7382277088571685,-1.9973201800320188,0.6662243314936535,10.532756069231716,14.862132323599852,2.196946469299716,-5.7252893682671395,2.245079104269147,-0.00017636092104183606,0.0037578527536208826,2403.234,4188.848272653022,13797.01991800368,203,B0056,71,1.1601031368559531,4,1.4773149868967488,30,0,1.1601031368559531,1.4773149868967488,-0.0008059484017339802
3.362242476728691,2.695993320018532,4.181297616479253,0.2696197836505513,-1.7328967687649997,-1.9964731697990847,0.671802871537545,10.144690849516095,13.378405270944848,1.9027123720115144,-5.73175639864206,2.266354327921735,-0.00017988436706624405,0.0037709645975367695,2361.047,4102.614116796113,13570.064031397424,199,B0056,72,1.1361458729690277,4,1.4468069882018104,29,0,1.1361458729690277,1.4468069882018104,0.0004830233814745011
3.351293107048021,2.6955474945092024,4.181657232676167,0.2869446981497813,-1.7156881587629866,-1.9984147436126416,0.6902663867750726,10.418716582380117,14.806201026240291,2.1781428664311315,-5.645855962480766,2.3206792355218395,-0.00017488430148454722,0.003780351035699807,2392.468,4115.522769925641,13542.662694130564,201,B0056,73,1.1397253894261876,4,1.4513652668065364,28,0,1.1397253894261876,1.4513652668065364,0.007200231090236597
3.3414098071318334,2.699727848412594,4.172972784971319,0.28118900645466993,-1.7530374056679272,-1.997322036385649,0.649112029120143,10.532972017810645,15.144104218787898,2.2611820174745114,-5.766060071541569,2.186764141308158,-0.00017674540054009403,0.0037411375018296185,2373.89,4174.102663244674,13729.260765956607,199,B0056,74,1.1560010024767575,4,1.4720911887669774,27,0,1.1560010024767575,1.4720911887669774,0.008187512153699616
3.35783559274309,2.695330424081241,4.18131610574028,0.2839458865064775,-1.702815564152015,-1.9984597486368607,0.7031612869387792,10.294250246042282,14.39832488350013,2.1946085832793885,-5.610586018342593,2.363178232461856,-0.000177431110112695,0.003773519753639269,2383.234,4069.315305722751,13407.150285694517,199,B0056,75,1.126818619026835,4,1.4349293442254853,26,0,1.126818619026835,1.4349293442254853,-1.4564030841679454e-05
3.36675593545663,2.6854130230502054,4.18166924078605,0.27126350979516034,-1.7175512283850776,-1.9966874158615944,0.6883658180179569,10.050387765399135,13.069857113335043,1.8223647941653454,-5.682771485578884,2.320461323853879,-0.00018102895937107365,0.0038093880929051123,2342.453,4032.779903860688,13342.691785612584,195,B0056,76,1.116688355680394,4,1.4220291206268603,25,0,1.116688355680394,1.4220291206268603,0.008682956235111838
3.3487514550466417,2.690400334997493,4.182044120407073,0.28613014622166955,-1.7291690081472488,-1.996813128658143,0.6761515140852604,10.472005861254317,14.625776758086843,2.149600889311617,-5.690760887426767,2.27564923721263,-0.00017899551228164697,0.0038043059476324933,2359.296,4091.713227837453,13466.222163435643,196,B0056,77,1.1330613197666846,4,1.4428790127236546,24,0,1.1330613197666846,1.4428790127236546,0.0006169106404686264
3.3810092385566413,2.6887925590382147,4.1815714469098,0.26959052821392376,-1.6749388332386832,-1.996118783382572,0.7301310263545467,9.909401931448466,12.585237711150564,1.8695400455354179,-5.5510597086976174,2.45752142451012,-0.00018179573562176026,0.0037823852021016693,2345.453,3934.685676210415,13040.063658280595,194,B0056,78,1.0893839897995972,4,1.387258807848694,23,0,1.0893839897995972,1.387258807848694,0.01006827992531809
3.3564306318997588,2.6988640537115023,4.174449328074176,0.28556358013617056,-1.6967956767696222,-1.9966626412426896,0.7090932970394812,10.242760595982558,14.409091639662265,2.1972468521682833,-5.5847819295902825,2.379877267097969,-0.00017285142853771534,0.0037914504026448402,2360.172,4016.2683132879883,13218.729094092589,195,B0056,79,1.112083645925937,4,1.4161653258361617,22,0,1.112083645925937,1.4161653258361617,0.008783471310164126
3.3508758903963662,2.680924614006194,4.181914870814706,0.27621465139335644,-1.753415191734097,-1.9961541065626969,0.6485956257620181,10.216290881964335,13.639615611059916,1.9523945225245651,-5.785178584665587,2.1894744444768404,-0.00018493613356082315,0.003828309855285251,2315.407,4073.5138581322162,13440.183660596487,191,B0056,80,1.1279950254648337,4,1.4364274203933054,21,0,1.1279950254648337,1.4364274203933054,-0.00023528128759973122
3.338909543714827,2.689418119708915,4.181346159150703,0.2847115744091645,-1.764019308767849,-1.996805159927613,0.6363810398459652,10.357968672788795,14.880692487289394,2.1678100508347953,-5.800948910113994,2.1476371516089823,-0.00017839644821011037,0.0038332112945625913,2322.156,4111.8921668736,13522.70194813704,191,B0056,81,1.1386774565024178,4,1.450030793202971,20,0,1.1386774565024178,1.450030793202971,-0.004397820164404776
3.346321199511455,2.6980519577561664,4.181554177966883,0.2840696779600663,-1.743062159577205,-1.9972871538382808,0.6608528469948578,10.4126408516178,14.94384328293818,2.2223075994094437,-5.7374022324085745,2.2266449140423488,-0.0001808677286975837,0.003768840024063329,2327.1570000000065,4070.4539609509657,13399.208398352675,191,B0056,82,1.1271136962200643,4,1.4353051056091073,19,0,1.1271136962200643,1.4353051056091073,0.0011895247093240524
3.3538216131821788,2.690667005796631,4.181615967935099,0.2868781703390774,-1.711553001717173,-1.9961673384143368,0.6945624641757348,10.355563284677743,14.50969090814752,2.1286185050123327,-5.634425409862335,2.3349442888888943,-0.0001766843002427135,0.0038246820466138315,2335.0,4009.402854925026,13199.293436671429,191,B0056,83,1.110150886965375,4,1.4137040845139155,18,0,1.110150886965375,1.4137040845139155,-0.004153379433155547
3.339346853440726,2.690672584400043,4.173516161117117,0.28505438686930396,-1.7522810293736752,-1.9977234858011128,0.6501279226561886,10.41665753464741,15.062267575750978,2.2159315778032074,-5.758240439568304,2.1893908986023485,-0.00017128049955604247,0.00382120824483469,2329.375,4096.719963119339,13463.180775246878,190,B0056,84,1.1344632260422465,4,1.4446642480922316,17,0,1.1344632260422465,1.4446642480922316,-0.004475916023261917
3.3536514376808864,2.689574754055628,4.181332312389274,0.2880447706071628,-1.7102152613104593,-1.9961257474747869,0.6958432103407081,10.301294534772044,14.468947045350122,2.168997640055755,-5.629003988368536,2.339012461952547,-0.00017899572335041135,0.0038016314282075434,2333.875,4003.3140013495486,13176.451321811182,190,B0056,85,1.108458756302863,4,1.411549267491102,16,0,1.108458756302863,1.411549267491102,0.003907253832394142
3.38120127228625,2.6850453196446677,4.181999698138027,0.27247353078545455,-1.6752482242752484,-1.9962061010235703,0.729604456216638,9.91165771895873,12.508239840028546,1.783070801631076,-5.552108499538346,2.456859141958776,-0.00018183937905771107,0.0038013719156883203,2317.453,3889.7843961041963,12891.019339991519,188,B0056,86,1.0768220870214844,4,1.3712620514841345,15,0,1.0768220870214844,1.3712620514841345,0.01237107389618668
3.3368543585349384,2.68848533115398,4.182136607973574,0.2860513176813407,-1.7684173466123287,-1.997069949040176,0.6307569738710208,10.349022787330426,14.887028438704052,2.2040322709254796,-5.812866034751018,2.129341422562952,-0.00017885189570923465,0.0038447214997613423,2295.109,4075.043596199258,13396.205083667895,186,B0056,87,1.128398212919817,4,1.4369408530794627,14,0,1.128398212919817,1.4369408530794627,-0.0002569033399505205
3.3522604662249167,2.695941959305812,4.18160323028519,0.2893760174940273,-1.7117088970464227,-1.9963789398934428,0.6943388139815072,10.403963430415772,14.643769942307395,2.1423771504609785,-5.631400132928165,2.3335384257194836,-0.0001807345527507205,0.0037198477759789027,2326.657,3997.1681575675043,13151.008223778204,184,B0056,88,1.1066350346531368,4,1.4092268780073791,13,0,1.1066350346531368,1.4092268780073791,0.0007031704624476109
3.301853229400361,2.6936113374580533,4.160391647622785,0.27632633539183066,-1.8436644323324185,-1.996869636138654,0.5248386182636431,10.672589964446292,15.536147821768504,2.3709989233227398,-6.028164040028139,1.784762982132487,-0.0001740628048071325,0.003516632768390866,2479.297,4590.696398886506,15010.981676623287,200,B0056,89,1.271609072217319,4,1.6193104562683138,12,0,1.271609072217319,1.6193104562683138,-0.027429169235014504
3.3271853602584223,2.6975058053441106,4.171177372817309,0.2773727306619416,-1.812029971968896,-1.9961823426458585,0.5728749940345974,10.38887188704922,14.710321906861784,2.147882640036275,-5.959176814649018,1.9452432273111129,-0.0001717883146031214,0.00353938080935589,2463.578,4482.540414344294,14742.321740517658,198,B0056,90,1.2415767175377967,4,1.58106622931096,11,0,1.2415767175377967,1.58106622931096,-0.02662359224698676
3.357838197685972,2.699681085693745,4.179908499745383,0.2811048217073637,-1.7201885508327548,-1.9964302092493789,0.6853914975620392,10.084749408390376,14.282705134297458,2.343304383719336,-5.676789911754104,2.3098580752572224,-0.00017306137875755826,0.0035906720519508707,2458.812,4241.937840597848,13997.961953697943,197,B0056,91,1.174652904422814,4,1.4958431582286884,10,0,1.174652904422814,1.4958431582286884,-0.01956616348026592
3.3341676075284923,2.6932891744671807,4.1812209027547125,0.28203641203709495,-1.7962378329894884,-1.997779900696868,0.5951835074630681,10.365887906876877,14.735427526864724,2.1269795589972595,-5.912729317881687,2.019108174542675,-0.0001825236499921354,0.003620620811523461,2400.672,4329.207763210204,14250.751549369168,192,B0056,92,1.1989389885187762,4,1.5267698878169171,9,0,1.1989389885187762,1.5267698878169171,-0.014108155119791865
3.3656652776557863,2.680335373836448,4.180715020333036,0.2708208179189091,-1.7222270467266643,-1.9975262926757336,0.6834854919418496,10.019608551209917,12.986214565204865,1.9723177536773049,-5.698861845610555,2.3051799638511525,-0.00017507963895631252,0.0037139793353459702,2396.407,4139.1513090503995,13696.517661674052,191,B0056,93,1.1461398965188565,4,1.4595337193867417,8,0,1.1461398965188565,1.4595337193867417,-0.007900972373143933
3.3651251580925825,2.695500756668203,4.181433629004157,0.28165609930226293,-1.6995424040803295,-1.997646005572408,0.7065914760360994,10.060030313914343,14.020906563644123,2.2664615511535646,-5.612564034410284,2.3787680040114823,-0.00017542759211674566,0.003678137250485199,2392.375,4078.3999361745373,13468.33953026998,190,B0056,94,1.129224378671885,4,1.4379929207865623,7,0,1.129224378671885,1.4379929207865623,0.028476938709086807
3.3750175764348014,2.6916361141573137,4.173658812188033,0.27140363597682615,-1.6857958238112818,-1.9965283091685109,0.7195910987129577,9.894806886286887,13.158594712143495,2.169684772729232,-5.580554219141596,2.421593344561922,-0.00017448388217115605,0.0036892702410775548,2373.687,4010.6369060151724,13274.86810899842,188,B0056,95,1.1103432888019913,4,1.413949095588974,6,0,1.1103432888019913,1.413949095588974,0.026246685747161092
3.3447811593713976,2.6977127849492053,4.1820632868427365,0.28926301036799673,-1.7402948082227616,-1.997780645919671,0.6635920400096352,10.535153782453834,14.942021026324584,2.21744456297761,-5.7244804318587486,2.236280651273486,-0.000179196788766242,0.003658567244679551,2385.922,4167.373209411533,13708.396353392329,189,B0056,96,1.153909472897475,4,1.4694277635120592,5,0,1.153909472897475,1.4694277635120592,0.004148686305067794
3.3605010057610825,2.687276744661873,4.18182200740338,0.2735917348844776,-1.7346003290908105,-1.99655615549846,0.6700274602146197,10.116013026114192,13.316711053744784,1.9253088562556073,-5.733997968184785,2.2611244125105388,-0.00017860458263766745,0.0037158143631274556,2345.0,4082.0570329745083,13494.424013831953,185,B0056,97,1.1302191455340138,4,1.4392596909100135,4,0,1.1302191455340138,1.4392596909100135,0.013743968596952483
3.3538264483941607,2.6980124491519586,4.1819501512020345,0.2880139132438153,-1.7146209406772344,-1.9963875537113744,0.6912905665881304,10.332244370257053,14.61281089291766,2.1938973208312773,-5.645953519909234,2.3257374298969498,-0.0001793890978933841,0.003671396785549957,2363.047000000006,4066.505131640235,13390.399470492834,186,B0056,98,1.1258719408034097,4,1.433723811818233,3,0,1.1258719408034097,1.433723811818233,0.004053591143089364
3.341678704653779,2.6927360739353285,4.181791330814548,0.2807079189267692,-1.774352624864773,-1.9966683821433664,0.6234359836017409,10.278021353580035,14.205466297575018,2.0878126526739784,-5.844587069887221,2.108275948432902,-0.00018188861090293154,0.0037086426275137066,2316.687,4128.026819423165,13598.091447662548,182,B0056,99,1.1430108283920968,4,1.4555490570823097,2,0,1.1430108283920968,1.4555490570823097,-0.0027572899440423625
3.3456418542105237,2.6899104032044447,4.173014294511639,0.27714405647527013,-1.7619972814702227,-1.9964442856948763,0.6383060395440465,10.263503141787313,13.862516639323273,1.9934602029547672,-5.806635419951541,2.1545547376477603,-0.0001781940138785355,0.0036981509488412732,2322.0,4107.581719894855,13536.570876088994,181,B0056,100,1.1372731775310292,4,1.4482425363624296,1,0,1.1372731775310292,1.4482425363624296,-0.00538597774580758
3.3496423795442105,2.6950189281281465,4.181882887350109,0.29046280726574775,-1.7226331709023301,-1.9969949900194384,0.6830165241311366,10.452748281670244,14.899199505524647,2.1649781669232877,-5.667506589673135,2.2984719761208035,-0.00017342135968998143,0.003698996609849641,2357.687,4078.0607002351726,13417.347005065109,184,B0056,101,1.1290590137779504,4,1.4377823394784397,0,0,1.1290590137779504,1.4377823394784397,0.0049700918239049315
